jurisdiction	document_class	version	run_note
us	form	2026-09-15-irs-forms-ty2025	docs/ingest-runs/2026-09-15-tax.md
us	form	2026-10-06-w6-federal-irs-forms	docs/ingest-runs/2026-10-06-w6-federal.md
us	guidance	2026-10-06-w6-federal-agency-guidance	docs/ingest-runs/2026-10-06-w6-federal.md
us	guidance	2026-10-06-w6-federal-cms-guidance	docs/ingest-runs/2026-10-06-w6-federal.md
us	guidance	2026-10-06-w6-federal-irs-guidance	docs/ingest-runs/2026-10-06-w6-federal.md
us	guidance	2026-10-06-w6-federal-ssa-guidance	docs/ingest-runs/2026-10-06-w6-federal.md
us	policy	2026-10-06-w6-federal-cms-state-plans	docs/ingest-runs/2026-10-06-w6-federal.md
us	regulation	2026-07-24-1401-coordination-repair-title-26-part-1-r2026-09-13-closure-sections-consolidated-r2026-10-07-w6-1-414-consolidated	docs/ingest-runs/2026-10-07-w6-release-consolidation.md
us	regulation	2026-10-06-w6-federal-ecfr-closure-title-29-part-541	docs/ingest-runs/2026-10-06-w6-federal.md
us	regulation	2026-10-06-w6-federal-ecfr-closure-title-42-part-440	docs/ingest-runs/2026-10-06-w6-federal.md
us	regulation	2026-10-06-w6-federal-ecfr-closure-title-45-part-146	docs/ingest-runs/2026-10-06-w6-federal.md
us	regulation	2026-10-06-w6-federal-ecfr-closure-title-45-part-155	docs/ingest-runs/2026-10-06-w6-federal.md
us	regulation	2026-10-06-w6-federal-ecfr-closure-title-45-part-233	docs/ingest-runs/2026-10-06-w6-federal.md
us	rulemaking	2026-10-06-w6-federal-federal-register	docs/ingest-runs/2026-10-06-w6-federal.md
us	statute	2026-10-06-w6-federal-public-laws	docs/ingest-runs/2026-10-06-w6-federal.md
us	statute	2026-10-06-w6-federal-usc-closure-title-26	docs/ingest-runs/2026-10-06-w6-federal.md
us	statute	2026-10-06-w6-federal-usc-closure-title-42	docs/ingest-runs/2026-10-06-w6-federal.md
us	statute	2026-10-06-w6-federal-usc-historical-editions	docs/ingest-runs/2026-10-06-w6-federal.md
us-ak	guidance	2026-10-06-w6-benefits-guidance-ak	docs/ingest-runs/2026-10-06-w6-benefits.md
us-ak	manual	2026-10-06-w6-tanf-ccdf-manual-ak	docs/ingest-runs/2026-10-06-w6-tanf-ccdf-ak-ne.md
us-ak	policy	2026-10-06-w6-tanf-ccdf-docs-ak	docs/ingest-runs/2026-10-06-w6-tanf-ccdf-ak-ne.md
us-ak	regulation	2026-10-06-w6-benefits-regulation-ak	docs/ingest-runs/2026-10-06-w6-benefits.md
us-ak	statute	2026-10-06-w6-benefits-statute-ak	docs/ingest-runs/2026-10-06-w6-benefits.md
us-al	form	2026-10-06-w6-income-tax-forms-al	docs/ingest-runs/2026-10-06-w6-tax-al-hi.md
us-al	guidance	2026-10-06-w6-benefits-guidance-al	docs/ingest-runs/2026-10-06-w6-benefits.md
us-al	guidance	2026-10-06-w6-health-guidance-al	docs/ingest-runs/2026-10-06-w6-health.md
us-al	policy	2026-10-06-w6-tanf-ccdf-docs-al	docs/ingest-runs/2026-10-06-w6-tanf-ccdf-ak-ne.md
us-al	regulation	2026-10-06-w6-benefits-regulation-al	docs/ingest-runs/2026-10-06-w6-benefits.md
us-al	regulation	2026-10-06-w6-health-regulation-al	docs/ingest-runs/2026-10-06-w6-health.md
us-al	statute	2026-10-06-w6-benefits-ui-statute-us-al-title-25	docs/ingest-runs/2026-10-06-w6-benefits.md
us-al	statute	2026-10-06-w6-income-tax-statute-al-us-al-title-16	docs/ingest-runs/2026-10-06-w6-tax-al-hi.md
us-ar	form	2026-10-06-w6-income-tax-forms-ar	docs/ingest-runs/2026-10-06-w6-tax-al-hi.md
us-ar	guidance	2026-10-06-w6-income-tax-guidance-ar	docs/ingest-runs/2026-10-06-w6-tax-al-hi.md
us-ar	policy	2026-10-06-w6-tanf-ccdf-docs-ar	docs/ingest-runs/2026-10-06-w6-tanf-ccdf-ak-ne.md
us-ar	statute	2026-10-06-w6-income-tax-legislation-ar	docs/ingest-runs/2026-10-06-w6-tax-al-hi.md
us-az	form	2026-09-15-income-tax-forms-ty2025	docs/ingest-runs/2026-09-15-tax.md
us-az	form	2026-10-06-w6-income-tax-forms-az	docs/ingest-runs/2026-10-06-w6-tax-al-hi.md
us-az	guidance	2026-10-06-w6-income-tax-guidance-az	docs/ingest-runs/2026-10-06-w6-tax-al-hi.md
us-az	statute	2026-10-06-w6-benefits-snap-statute-us-az-title-46	docs/ingest-runs/2026-10-06-w6-benefits.md
us-az	statute	2026-10-06-w6-income-tax-legislation-az	docs/ingest-runs/2026-10-06-w6-tax-al-hi.md
us-ca	form	2026-09-15-income-tax-forms-ty2025	docs/ingest-runs/2026-09-15-tax.md
us-ca	form	2026-10-06-w6-health-form-ca	docs/ingest-runs/2026-10-06-w6-health.md
us-ca	form	2026-10-06-w6-income-tax-forms-ca	docs/ingest-runs/2026-10-06-w6-tax-al-hi.md
us-ca	form	2026-10-06-w6-tanf-ccdf-forms-ca	docs/ingest-runs/2026-10-06-w6-tanf-ccdf-ak-ne.md
us-ca	guidance	2026-10-06-w6-benefits-guidance-ca	docs/ingest-runs/2026-10-06-w6-benefits.md
us-ca	guidance	2026-10-06-w6-health-guidance-ca	docs/ingest-runs/2026-10-06-w6-health.md
us-ca	guidance	2026-10-06-w6-income-tax-guidance-ca	docs/ingest-runs/2026-10-06-w6-tax-al-hi.md
us-ca	manual	2026-10-06-w6-health-manual-ca	docs/ingest-runs/2026-10-06-w6-health.md
us-ca	manual	2026-10-06-w6-tanf-ccdf-manual-ca	docs/ingest-runs/2026-10-06-w6-tanf-ccdf-ak-ne.md
us-ca	policy	2026-10-06-w6-tanf-ccdf-docs-ca	docs/ingest-runs/2026-10-06-w6-tanf-ccdf-ak-ne.md
us-ca	regulation	2026-10-06-w6-tanf-ccdf-rules-ca	docs/ingest-runs/2026-10-06-w6-tanf-ccdf-ak-ne.md
us-ca	statute	2026-10-06-w6-tanf-ccdf-statutes-ca-us-ca-title-wic-r2026-10-07-without-released-sections-consolidated	docs/ingest-runs/2026-10-07-w6-release-consolidation.md
us-co	form	2026-10-06-w6-income-tax-forms-co	docs/ingest-runs/2026-10-06-w6-tax-al-hi.md
us-co	guidance	2026-10-06-w6-health-guidance-co	docs/ingest-runs/2026-10-06-w6-health.md
us-co	guidance	2026-10-06-w6-income-tax-guidance-co	docs/ingest-runs/2026-10-06-w6-tax-al-hi.md
us-co	statute	2026-07-19-rulespec-us-co-title-39-consolidated-r2026-10-07-w6-title-10-consolidated	docs/ingest-runs/2026-10-07-w6-release-consolidation.md
us-co	statute	2026-10-06-w6-income-tax-legislation-co	docs/ingest-runs/2026-10-06-w6-tax-al-hi.md
us-ct	form	2026-09-15-income-tax-forms-ty2025	docs/ingest-runs/2026-09-15-tax.md
us-ct	form	2026-10-06-w6-income-tax-forms-ct	docs/ingest-runs/2026-10-06-w6-tax-al-hi.md
us-ct	guidance	2026-10-06-w6-benefits-guidance-ct	docs/ingest-runs/2026-10-06-w6-benefits.md
us-ct	guidance	2026-10-06-w6-health-guidance-ct	docs/ingest-runs/2026-10-06-w6-health.md
us-ct	guidance	2026-10-06-w6-income-tax-guidance-ct	docs/ingest-runs/2026-10-06-w6-tax-al-hi.md
us-ct	policy	2026-10-06-w6-tanf-ccdf-docs-ct	docs/ingest-runs/2026-10-06-w6-tanf-ccdf-ak-ne.md
us-ct	regulation	2026-10-06-w6-tanf-ccdf-rules-ct	docs/ingest-runs/2026-10-06-w6-tanf-ccdf-ak-ne.md
us-ct	statute	2026-10-06-w6-income-tax-legislation-ct	docs/ingest-runs/2026-10-06-w6-tax-al-hi.md
us-dc	form	2026-10-06-w6-income-tax-forms-dc	docs/ingest-runs/2026-10-06-w6-tax-al-hi.md
us-dc	guidance	2026-10-06-w6-benefits-guidance-dc	docs/ingest-runs/2026-10-06-w6-benefits.md
us-dc	guidance	2026-10-06-w6-health-guidance-dc	docs/ingest-runs/2026-10-06-w6-health.md
us-dc	guidance	2026-10-06-w6-income-tax-guidance-dc	docs/ingest-runs/2026-10-06-w6-tax-al-hi.md
us-dc	policy	2026-10-06-w6-tanf-ccdf-docs-dc	docs/ingest-runs/2026-10-06-w6-tanf-ccdf-ak-ne.md
us-dc	statute	2026-10-06-w6-income-tax-legislation-dc	docs/ingest-runs/2026-10-06-w6-tax-al-hi.md
us-de	form	2026-10-06-w6-income-tax-forms-de	docs/ingest-runs/2026-10-06-w6-tax-al-hi.md
us-de	guidance	2026-10-06-w6-income-tax-guidance-de	docs/ingest-runs/2026-10-06-w6-tax-al-hi.md
us-de	policy	2026-10-06-w6-tanf-ccdf-docs-de	docs/ingest-runs/2026-10-06-w6-tanf-ccdf-ak-ne.md
us-de	rulemaking	2026-10-06-w6-benefits-rulemaking-de	docs/ingest-runs/2026-10-06-w6-benefits.md
us-fl	guidance	2026-10-06-w6-health-guidance-fl	docs/ingest-runs/2026-10-06-w6-health.md
us-fl	policy	2026-10-06-w6-tanf-ccdf-docs-fl	docs/ingest-runs/2026-10-06-w6-tanf-ccdf-ak-ne.md
us-fl	regulation	2026-10-06-w6-tanf-ccdf-rules-fl	docs/ingest-runs/2026-10-06-w6-tanf-ccdf-ak-ne.md
us-fl	statute	2026-10-06-w6-benefits-statute-fl	docs/ingest-runs/2026-10-06-w6-benefits.md
us-fl	statute	2026-10-06-w6-tanf-ccdf-statutes-fl	docs/ingest-runs/2026-10-06-w6-tanf-ccdf-ak-ne.md
us-ga	form	2026-10-06-w6-income-tax-forms-ga	docs/ingest-runs/2026-10-06-w6-tax-al-hi.md
us-ga	guidance	2026-10-06-w6-health-guidance-ga	docs/ingest-runs/2026-10-06-w6-health.md
us-ga	guidance	2026-10-06-w6-income-tax-guidance-ga	docs/ingest-runs/2026-10-06-w6-tax-al-hi.md
us-ga	manual	2026-10-06-w6-health-manual-ga	docs/ingest-runs/2026-10-06-w6-health.md
us-ga	manual	2026-10-06-w6-tanf-ccdf-manual-ga	docs/ingest-runs/2026-10-06-w6-tanf-ccdf-ak-ne.md
us-ga	regulation	2026-10-06-w6-tanf-ccdf-rules-ga	docs/ingest-runs/2026-10-06-w6-tanf-ccdf-ak-ne.md
us-ga	statute	2026-10-06-w6-income-tax-legislation-ga	docs/ingest-runs/2026-10-06-w6-tax-al-hi.md
us-hi	form	2026-10-06-w6-income-tax-forms-hi	docs/ingest-runs/2026-10-06-w6-tax-al-hi.md
us-hi	guidance	2026-10-06-w6-benefits-guidance-hi	docs/ingest-runs/2026-10-06-w6-benefits.md
us-hi	guidance	2026-10-06-w6-income-tax-guidance-hi	docs/ingest-runs/2026-10-06-w6-tax-al-hi.md
us-hi	policy	2026-10-06-w6-tanf-ccdf-docs-hi	docs/ingest-runs/2026-10-06-w6-tanf-ccdf-ak-ne.md
us-hi	regulation	2026-10-06-w6-tanf-ccdf-rules-hi	docs/ingest-runs/2026-10-06-w6-tanf-ccdf-ak-ne.md
us-hi	statute	2026-07-16-pit-east-us-hi-volume-04-chapter-235-r2026-10-07-chapter-346-consolidated	docs/ingest-runs/2026-10-07-w6-release-consolidation.md
us-hi	statute	2026-10-06-w6-income-tax-legislation-hi	docs/ingest-runs/2026-10-06-w6-tax-al-hi.md
us-ia	form	2026-10-06-w6-income-tax-forms-ia	docs/ingest-runs/2026-10-06-w6-tax-ia-mi.md
us-ia	guidance	2026-10-06-w6-health-guidance-ia	docs/ingest-runs/2026-10-06-w6-health.md
us-ia	guidance	2026-10-06-w6-income-tax-guidance-ia	docs/ingest-runs/2026-10-06-w6-tax-ia-mi.md
us-ia	policy	2026-10-06-w6-tanf-ccdf-docs-ia	docs/ingest-runs/2026-10-06-w6-tanf-ccdf-ak-ne.md
us-ia	regulation	2026-10-06-w6-health-regulation-ia	docs/ingest-runs/2026-10-06-w6-health.md
us-ia	regulation	2026-10-06-w6-tanf-ccdf-rules-ia	docs/ingest-runs/2026-10-06-w6-tanf-ccdf-ak-ne.md
us-ia	statute	2026-10-06-w6-income-tax-statute-ia	docs/ingest-runs/2026-10-06-w6-tax-ia-mi.md
us-id	form	2026-10-06-w6-income-tax-forms-id	docs/ingest-runs/2026-10-06-w6-tax-ia-mi.md
us-id	guidance	2026-10-06-w6-income-tax-guidance-id	docs/ingest-runs/2026-10-06-w6-tax-ia-mi.md
us-id	policy	2026-10-06-w6-tanf-ccdf-docs-id	docs/ingest-runs/2026-10-06-w6-tanf-ccdf-ak-ne.md
us-id	regulation	2026-09-15-ccdf-subsidy-rules	docs/ingest-runs/2026-09-15-tanf-ccdf.md
us-id	statute	2026-10-06-w6-income-tax-statute-id	docs/ingest-runs/2026-10-06-w6-tax-ia-mi.md
us-il	form	2026-10-06-w6-income-tax-forms-il	docs/ingest-runs/2026-10-06-w6-tax-ia-mi.md
us-il	guidance	2026-10-06-w6-benefits-guidance-il	docs/ingest-runs/2026-10-06-w6-benefits.md
us-il	guidance	2026-10-06-w6-health-guidance-il	docs/ingest-runs/2026-10-06-w6-health.md
us-il	guidance	2026-10-06-w6-income-tax-guidance-il	docs/ingest-runs/2026-10-06-w6-tax-ia-mi.md
us-il	policy	2026-10-06-w6-tanf-ccdf-docs-il	docs/ingest-runs/2026-10-06-w6-tanf-ccdf-ak-ne.md
us-il	regulation	2026-09-14-income-tax-regulations-title-086-part-00100-r2026-10-07-w6-title-023-089-consolidated	docs/ingest-runs/2026-10-07-w6-release-consolidation.md
us-il	statute	2026-10-06-w6-health-statute-il-us-il-chapter-305-act-5	docs/ingest-runs/2026-10-06-w6-health.md
us-in	guidance	2026-10-06-w6-benefits-guidance-in	docs/ingest-runs/2026-10-06-w6-benefits.md
us-in	guidance	2026-10-06-w6-health-guidance-in	docs/ingest-runs/2026-10-06-w6-health.md
us-in	guidance	2026-10-06-w6-income-tax-guidance-in	docs/ingest-runs/2026-10-06-w6-tax-ia-mi.md
us-in	manual	2026-10-06-w6-benefits-manual-in	docs/ingest-runs/2026-10-06-w6-benefits.md
us-in	manual	2026-10-06-w6-tanf-ccdf-manual-in	docs/ingest-runs/2026-10-06-w6-tanf-ccdf-ak-ne.md
us-in	policy	2026-10-06-w6-tanf-ccdf-docs-in	docs/ingest-runs/2026-10-06-w6-tanf-ccdf-ak-ne.md
us-in	regulation	2026-10-06-w6-tanf-ccdf-rules-in	docs/ingest-runs/2026-10-06-w6-tanf-ccdf-ak-ne.md
us-in	statute	2026-07-13-recovery-r2026-10-07-without-12-15-32-consolidated	docs/ingest-runs/2026-10-07-w6-release-consolidation.md
us-in	statute	2026-10-06-w6-benefits-ssi-statute-us-in-title-12	docs/ingest-runs/2026-10-06-w6-benefits.md
us-in	statute	2026-10-06-w6-income-tax-statute-in	docs/ingest-runs/2026-10-06-w6-tax-ia-mi.md
us-in	statute	2026-10-06-w6-income-tax-statute-in-us-in-title-4	docs/ingest-runs/2026-10-06-w6-tax-ia-mi.md
us-ks	form	2026-10-06-w6-income-tax-forms-ks	docs/ingest-runs/2026-10-06-w6-tax-ia-mi.md
us-ks	guidance	2026-10-06-w6-health-guidance-ks	docs/ingest-runs/2026-10-06-w6-health.md
us-ks	guidance	2026-10-06-w6-income-tax-guidance-ks	docs/ingest-runs/2026-10-06-w6-tax-ia-mi.md
us-ks	manual	2026-10-06-w6-tanf-ccdf-manual-ks	docs/ingest-runs/2026-10-06-w6-tanf-ccdf-ak-ne.md
us-ks	regulation	2026-10-06-w6-tanf-ccdf-rules-ks	docs/ingest-runs/2026-10-06-w6-tanf-ccdf-ak-ne.md
us-ks	statute	2026-10-06-w6-income-tax-statute-ks	docs/ingest-runs/2026-10-06-w6-tax-ia-mi.md
us-ks	statute	2026-10-06-w6-tanf-ccdf-statutes-ks	docs/ingest-runs/2026-10-06-w6-tanf-ccdf-ak-ne.md
us-ky	form	2026-10-06-w6-income-tax-forms-ky	docs/ingest-runs/2026-10-06-w6-tax-ia-mi.md
us-ky	guidance	2026-10-06-w6-income-tax-guidance-ky	docs/ingest-runs/2026-10-06-w6-tax-ia-mi.md
us-ky	manual	2026-10-06-w6-benefits-manual-ky	docs/ingest-runs/2026-10-06-w6-benefits.md
us-ky	policy	2026-10-06-w6-tanf-ccdf-docs-ky	docs/ingest-runs/2026-10-06-w6-tanf-ccdf-ak-ne.md
us-ky	regulation	2026-10-06-w6-benefits-regulation-ky	docs/ingest-runs/2026-10-06-w6-benefits.md
us-ky	regulation	2026-10-06-w6-tanf-ccdf-rules-ky	docs/ingest-runs/2026-10-06-w6-tanf-ccdf-ak-ne.md
us-ky	statute	2026-10-06-w6-income-tax-statute-ky	docs/ingest-runs/2026-10-06-w6-tax-ia-mi.md
us-la	form	2026-10-06-w6-income-tax-forms-la	docs/ingest-runs/2026-10-06-w6-tax-ia-mi.md
us-la	guidance	2026-10-06-w6-benefits-guidance-la	docs/ingest-runs/2026-10-06-w6-benefits.md
us-la	guidance	2026-10-06-w6-income-tax-guidance-la	docs/ingest-runs/2026-10-06-w6-tax-ia-mi.md
us-la	policy	2026-10-06-w6-benefits-policy-la	docs/ingest-runs/2026-10-06-w6-benefits.md
us-la	policy	2026-10-06-w6-tanf-ccdf-docs-la	docs/ingest-runs/2026-10-06-w6-tanf-ccdf-ak-ne.md
us-la	regulation	2026-10-06-w6-health-regulation-la	docs/ingest-runs/2026-10-06-w6-health.md
us-la	regulation	2026-10-06-w6-tanf-ccdf-rules-la	docs/ingest-runs/2026-10-06-w6-tanf-ccdf-ak-ne.md
us-la	rulemaking	2026-10-06-w6-benefits-rulemaking-la	docs/ingest-runs/2026-10-06-w6-benefits.md
us-ma	form	2026-10-06-w6-income-tax-forms-ma	docs/ingest-runs/2026-10-06-w6-tax-ia-mi.md
us-ma	guidance	2026-10-06-w6-benefits-guidance-ma	docs/ingest-runs/2026-10-06-w6-benefits.md
us-ma	guidance	2026-10-06-w6-income-tax-guidance-ma	docs/ingest-runs/2026-10-06-w6-tax-ia-mi.md
us-ma	policy	2026-10-06-w6-tanf-ccdf-docs-ma	docs/ingest-runs/2026-10-06-w6-tanf-ccdf-ak-ne.md
us-ma	regulation	2026-10-06-w6-tanf-ccdf-rules-ma	docs/ingest-runs/2026-10-06-w6-tanf-ccdf-ak-ne.md
us-ma	statute	2026-09-23-ma-mgl-chapter-62-us-ma-part-i-title-ix-chapter-62-sections-2-r2026-10-07-chapter-62-without-recovery-sections-consolidated	docs/ingest-runs/2026-10-07-w6-release-consolidation.md
us-ma	statute	2026-10-06-w6-income-tax-statute-ma	docs/ingest-runs/2026-10-06-w6-tax-ia-mi.md
us-md	form	2026-10-06-w6-income-tax-forms-md	docs/ingest-runs/2026-10-06-w6-tax-ia-mi.md
us-md	guidance	2026-10-06-w6-benefits-guidance-md	docs/ingest-runs/2026-10-06-w6-benefits.md
us-md	guidance	2026-10-06-w6-income-tax-guidance-md	docs/ingest-runs/2026-10-06-w6-tax-ia-mi.md
us-md	policy	2026-10-06-w6-tanf-ccdf-docs-md	docs/ingest-runs/2026-10-06-w6-tanf-ccdf-ak-ne.md
us-md	regulation	2026-09-10-ssi-state-supplement-publication-2026-09-09-title-07-subtitle-03-chapters-06-07-r2026-10-07-chapters-03-17-title-03-subtitle-04-consolidated	docs/ingest-runs/2026-10-07-w6-release-consolidation.md
us-md	regulation	2026-10-06-w6-tanf-ccdf-rules-md	docs/ingest-runs/2026-10-06-w6-tanf-ccdf-ak-ne.md
us-md	statute	2026-10-06-w6-benefits-statute-md	docs/ingest-runs/2026-10-06-w6-benefits.md
us-md	statute	2026-10-06-w6-income-tax-statute-md	docs/ingest-runs/2026-10-06-w6-tax-ia-mi.md
us-md	statute	2026-10-06-w6-tanf-ccdf-statutes-md	docs/ingest-runs/2026-10-06-w6-tanf-ccdf-ak-ne.md
us-me	form	2026-10-06-w6-income-tax-forms-me	docs/ingest-runs/2026-10-06-w6-tax-ia-mi.md
us-me	guidance	2026-10-06-w6-income-tax-guidance-me	docs/ingest-runs/2026-10-06-w6-tax-ia-mi.md
us-me	policy	2026-10-06-w6-tanf-ccdf-docs-me	docs/ingest-runs/2026-10-06-w6-tanf-ccdf-ak-ne.md
us-me	regulation	2026-09-15-ccdf-subsidy-rules	docs/ingest-runs/2026-09-15-tanf-ccdf.md
us-me	regulation	2026-10-06-w6-benefits-regulation-me	docs/ingest-runs/2026-10-06-w6-benefits.md
us-me	rulemaking	2026-10-06-w6-benefits-rulemaking-me	docs/ingest-runs/2026-10-06-w6-benefits.md
us-me	statute	2026-10-06-w6-benefits-statute-me	docs/ingest-runs/2026-10-06-w6-benefits.md
us-me	statute	2026-10-06-w6-health-statute-me	docs/ingest-runs/2026-10-06-w6-health.md
us-me	statute	2026-10-06-w6-income-tax-statute-me	docs/ingest-runs/2026-10-06-w6-tax-ia-mi.md
us-me	statute	2026-10-06-w6-tanf-ccdf-statutes-me	docs/ingest-runs/2026-10-06-w6-tanf-ccdf-ak-ne.md
us-mi	form	2026-09-15-income-tax-forms-ty2025	docs/ingest-runs/2026-09-15-tax.md
us-mi	form	2026-10-06-w6-income-tax-forms-mi	docs/ingest-runs/2026-10-06-w6-tax-ia-mi.md
us-mi	guidance	2026-10-06-w6-benefits-guidance-mi	docs/ingest-runs/2026-10-06-w6-benefits.md
us-mi	guidance	2026-10-06-w6-health-guidance-mi	docs/ingest-runs/2026-10-06-w6-health.md
us-mi	guidance	2026-10-06-w6-income-tax-guidance-mi	docs/ingest-runs/2026-10-06-w6-tax-ia-mi.md
us-mi	manual	2026-10-06-w6-tanf-ccdf-manual-mi	docs/ingest-runs/2026-10-06-w6-tanf-ccdf-ak-ne.md
us-mi	policy	2026-10-06-w6-tanf-ccdf-docs-mi	docs/ingest-runs/2026-10-06-w6-tanf-ccdf-ak-ne.md
us-mi	statute	2026-10-06-w6-income-tax-statute-mi	docs/ingest-runs/2026-10-06-w6-tax-ia-mi.md
us-mn	form	2026-10-06-w6-income-tax-forms-mn	docs/ingest-runs/2026-10-06-w6-tax-mn-oh.md
us-mn	guidance	2026-10-06-w6-income-tax-guidance-mn	docs/ingest-runs/2026-10-06-w6-tax-mn-oh.md
us-mn	manual	2026-10-06-w6-tanf-ccdf-manual-mn	docs/ingest-runs/2026-10-06-w6-tanf-ccdf-ak-ne.md
us-mn	policy	2026-10-06-w6-tanf-ccdf-docs-mn	docs/ingest-runs/2026-10-06-w6-tanf-ccdf-ak-ne.md
us-mn	regulation	2026-10-06-w6-tanf-ccdf-rules-mn	docs/ingest-runs/2026-10-06-w6-tanf-ccdf-ak-ne.md
us-mn	statute	2026-10-06-w6-income-tax-statute-mn	docs/ingest-runs/2026-10-06-w6-tax-mn-oh.md
us-mn	statute	2026-10-06-w6-tanf-ccdf-statutes-mn	docs/ingest-runs/2026-10-06-w6-tanf-ccdf-ak-ne.md
us-mo	form	2026-09-15-income-tax-forms-ty2025	docs/ingest-runs/2026-09-15-tax.md
us-mo	form	2026-10-06-w6-benefits-form-mo	docs/ingest-runs/2026-10-06-w6-benefits.md
us-mo	form	2026-10-06-w6-income-tax-forms-mo	docs/ingest-runs/2026-10-06-w6-tax-mn-oh.md
us-mo	guidance	2026-10-06-w6-health-guidance-mo	docs/ingest-runs/2026-10-06-w6-health.md
us-mo	guidance	2026-10-06-w6-income-tax-guidance-mo	docs/ingest-runs/2026-10-06-w6-tax-mn-oh.md
us-mo	manual	2026-10-06-w6-benefits-manual-mo	docs/ingest-runs/2026-10-06-w6-benefits.md
us-mo	manual	2026-10-06-w6-tanf-ccdf-manual-mo	docs/ingest-runs/2026-10-06-w6-tanf-ccdf-ak-ne.md
us-mo	policy	2026-10-06-w6-tanf-ccdf-docs-mo	docs/ingest-runs/2026-10-06-w6-tanf-ccdf-ak-ne.md
us-mo	regulation	2026-10-06-w6-tanf-ccdf-rules-mo	docs/ingest-runs/2026-10-06-w6-tanf-ccdf-ak-ne.md
us-mo	statute	2026-10-06-w6-benefits-statute-mo	docs/ingest-runs/2026-10-06-w6-benefits.md
us-mo	statute	2026-10-06-w6-health-statute-mo	docs/ingest-runs/2026-10-06-w6-health.md
us-mo	statute	2026-10-06-w6-income-tax-statute-mo	docs/ingest-runs/2026-10-06-w6-tax-mn-oh.md
us-mo	statute	2026-10-06-w6-tanf-ccdf-statutes-mo	docs/ingest-runs/2026-10-06-w6-tanf-ccdf-ak-ne.md
us-ms	form	2026-10-06-w6-income-tax-forms-ms	docs/ingest-runs/2026-10-06-w6-tax-mn-oh.md
us-ms	guidance	2026-10-06-w6-health-guidance-ms	docs/ingest-runs/2026-10-06-w6-health.md
us-ms	manual	2026-10-06-w6-health-manual-ms	docs/ingest-runs/2026-10-06-w6-health.md
us-ms	manual	2026-10-06-w6-tanf-ccdf-manual-ms	docs/ingest-runs/2026-10-06-w6-tanf-ccdf-ak-ne.md
us-ms	policy	2026-10-06-w6-health-policy-ms	docs/ingest-runs/2026-10-06-w6-health.md
us-ms	policy	2026-10-06-w6-tanf-ccdf-docs-ms	docs/ingest-runs/2026-10-06-w6-tanf-ccdf-ak-ne.md
us-ms	regulation	2026-10-06-w6-health-regulation-ms	docs/ingest-runs/2026-10-06-w6-health.md
us-ms	statute	2026-10-06-w6-income-tax-statute-ms	docs/ingest-runs/2026-10-06-w6-tax-mn-oh.md
us-ms	statute	2026-10-06-w6-tanf-ccdf-statutes-ms	docs/ingest-runs/2026-10-06-w6-tanf-ccdf-ak-ne.md
us-mt	form	2026-10-06-w6-income-tax-forms-mt	docs/ingest-runs/2026-10-06-w6-tax-mn-oh.md
us-mt	guidance	2026-10-06-w6-income-tax-guidance-mt	docs/ingest-runs/2026-10-06-w6-tax-mn-oh.md
us-mt	manual	2026-10-06-w6-tanf-ccdf-manual-mt	docs/ingest-runs/2026-10-06-w6-tanf-ccdf-ak-ne.md
us-mt	policy	2026-10-06-w6-tanf-ccdf-docs-mt	docs/ingest-runs/2026-10-06-w6-tanf-ccdf-ak-ne.md
us-mt	regulation	2026-09-14-income-tax-regulations-title-42-section-42-15-r2026-10-07-w6-37-78-37-80-sans-420-consolidated	docs/ingest-runs/2026-10-07-w6-release-consolidation.md
us-mt	statute	2026-10-06-w6-income-tax-statute-mt-r2	docs/ingest-runs/2026-10-06-w6-tax-mn-oh.md
us-nc	form	2026-10-06-w6-income-tax-forms-nc	docs/ingest-runs/2026-10-06-w6-tax-mn-oh.md
us-nc	guidance	2026-10-06-w6-income-tax-guidance-nc	docs/ingest-runs/2026-10-06-w6-tax-mn-oh.md
us-nc	manual	2026-10-06-w6-benefits-manual-nc	docs/ingest-runs/2026-10-06-w6-benefits.md
us-nc	manual	2026-10-06-w6-tanf-ccdf-manual-nc	docs/ingest-runs/2026-10-06-w6-tanf-ccdf-ak-ne.md
us-nc	policy	2026-10-06-w6-tanf-ccdf-docs-nc	docs/ingest-runs/2026-10-06-w6-tanf-ccdf-ak-ne.md
us-nc	regulation	2026-10-06-w6-tanf-ccdf-rules-nc	docs/ingest-runs/2026-10-06-w6-tanf-ccdf-ak-ne.md
us-nc	statute	2026-10-06-w6-income-tax-statute-nc	docs/ingest-runs/2026-10-06-w6-tax-mn-oh.md
us-nc	statute	2026-10-06-w6-tanf-ccdf-statutes-nc	docs/ingest-runs/2026-10-06-w6-tanf-ccdf-ak-ne.md
us-nd	form	2026-09-15-income-tax-forms-ty2025	docs/ingest-runs/2026-09-15-tax.md
us-nd	form	2026-10-06-w6-income-tax-forms-nd	docs/ingest-runs/2026-10-06-w6-tax-mn-oh.md
us-nd	guidance	2026-10-06-w6-health-guidance-nd	docs/ingest-runs/2026-10-06-w6-health.md
us-nd	manual	2026-10-06-w6-ccap-manual-nd	docs/ingest-runs/2026-10-06-w6-tanf-ccdf-ak-ne.md
us-nd	manual	2026-10-06-w6-tanf-ccdf-manual-nd	docs/ingest-runs/2026-10-06-w6-tanf-ccdf-ak-ne.md
us-nd	policy	2026-10-06-w6-tanf-ccdf-docs-nd	docs/ingest-runs/2026-10-06-w6-tanf-ccdf-ak-ne.md
us-nd	regulation	2026-10-06-w6-tanf-ccdf-rules-nd	docs/ingest-runs/2026-10-06-w6-tanf-ccdf-ak-ne.md
us-ne	form	2026-10-06-w6-income-tax-forms-ne	docs/ingest-runs/2026-10-06-w6-tax-mn-oh.md
us-ne	guidance	2026-10-06-w6-benefits-guidance-ne	docs/ingest-runs/2026-10-06-w6-benefits.md
us-ne	guidance	2026-10-06-w6-income-tax-guidance-ne	docs/ingest-runs/2026-10-06-w6-tax-mn-oh.md
us-ne	policy	2026-10-06-w6-tanf-ccdf-docs-ne	docs/ingest-runs/2026-10-06-w6-tanf-ccdf-ak-ne.md
us-ne	regulation	2026-10-06-w6-benefits-regulation-ne	docs/ingest-runs/2026-10-06-w6-benefits.md
us-ne	regulation	2026-10-06-w6-tanf-ccdf-rules-ne	docs/ingest-runs/2026-10-06-w6-tanf-ccdf-ak-ne.md
us-ne	statute	2026-10-06-w6-income-tax-statute-ne	docs/ingest-runs/2026-10-06-w6-tax-mn-oh.md
us-ne	statute	2026-10-06-w6-tanf-ccdf-statutes-ne	docs/ingest-runs/2026-10-06-w6-tanf-ccdf-ak-ne.md
us-nh	form	2026-10-06-w6-income-tax-forms-nh	docs/ingest-runs/2026-10-06-w6-tax-mn-oh.md
us-nh	guidance	2026-10-06-w6-tanf-ccdf-guidance-nh	docs/ingest-runs/2026-10-06-w6-tanf-ccdf-nh-wy.md
us-nh	policy	2026-10-06-w6-tanf-ccdf-policy-nh	docs/ingest-runs/2026-10-06-w6-tanf-ccdf-nh-wy.md
us-nh	regulation	2026-10-06-w6-tanf-ccdf-regulation-nh	docs/ingest-runs/2026-10-06-w6-tanf-ccdf-nh-wy.md
us-nj	form	2026-10-06-w6-income-tax-forms-nj	docs/ingest-runs/2026-10-06-w6-tax-mn-oh.md
us-nj	guidance	2026-10-06-w6-benefits-guidance-nj	docs/ingest-runs/2026-10-06-w6-benefits.md
us-nj	guidance	2026-10-06-w6-income-tax-guidance-nj-r2	docs/ingest-runs/2026-10-06-w6-tax-mn-oh.md
us-nj	guidance	2026-10-06-w6-tanf-ccdf-guidance-nj	docs/ingest-runs/2026-10-06-w6-tanf-ccdf-nh-wy.md
us-nj	policy	2026-10-06-w6-tanf-ccdf-policy-nj	docs/ingest-runs/2026-10-06-w6-tanf-ccdf-nh-wy.md
us-nj	regulation	2026-10-06-w6-tanf-ccdf-regulation-nj	docs/ingest-runs/2026-10-06-w6-tanf-ccdf-nh-wy.md
us-nj	statute	2026-10-06-w6-income-tax-statute-nj	docs/ingest-runs/2026-10-06-w6-tax-mn-oh.md
us-nj	statute	2026-10-06-w6-income-tax-statute-nj-us-nj-title-54	docs/ingest-runs/2026-10-06-w6-tax-mn-oh.md
us-nm	form	2026-10-06-w6-income-tax-forms-nm	docs/ingest-runs/2026-10-06-w6-tax-mn-oh.md
us-nm	guidance	2026-10-06-w6-income-tax-guidance-nm	docs/ingest-runs/2026-10-06-w6-tax-mn-oh.md
us-nm	guidance	2026-10-06-w6-tanf-ccdf-guidance-nm	docs/ingest-runs/2026-10-06-w6-tanf-ccdf-nh-wy.md
us-nm	policy	2026-10-06-w6-tanf-ccdf-policy-nm	docs/ingest-runs/2026-10-06-w6-tanf-ccdf-nh-wy.md
us-nm	regulation	2026-10-06-w6-tanf-ccdf-regulation-nm	docs/ingest-runs/2026-10-06-w6-tanf-ccdf-nh-wy.md
us-nm	rulemaking	2026-10-06-w6-tanf-ccdf-rulemaking-nm	docs/ingest-runs/2026-10-06-w6-tanf-ccdf-nh-wy.md
us-nm	statute	2026-10-06-w6-income-tax-statute-nm-r2	docs/ingest-runs/2026-10-06-w6-tax-mn-oh.md
us-nm	statute	2026-10-06-w6-tanf-ccdf-statute-nm	docs/ingest-runs/2026-10-06-w6-tanf-ccdf-nh-wy.md
us-nv	guidance	2026-10-06-w6-health-guidance-nv	docs/ingest-runs/2026-10-06-w6-health.md
us-nv	guidance	2026-10-06-w6-tanf-ccdf-guidance-nv	docs/ingest-runs/2026-10-06-w6-tanf-ccdf-nh-wy.md
us-nv	manual	2026-10-06-w6-tanf-ccdf-manual-nv	docs/ingest-runs/2026-10-06-w6-tanf-ccdf-nh-wy.md
us-nv	policy	2026-10-06-w6-tanf-ccdf-policy-nv	docs/ingest-runs/2026-10-06-w6-tanf-ccdf-nh-wy.md
us-ny	form	2026-10-06-w6-income-tax-forms-ny-r2	docs/ingest-runs/2026-10-06-w6-tax-mn-oh.md
us-ny	guidance	2026-10-06-w6-benefits-guidance-ny	docs/ingest-runs/2026-10-06-w6-benefits.md
us-ny	guidance	2026-10-06-w6-income-tax-guidance-ny	docs/ingest-runs/2026-10-06-w6-tax-mn-oh.md
us-ny	rulemaking	2026-10-06-w6-tanf-ccdf-rulemaking-ny	docs/ingest-runs/2026-10-06-w6-tanf-ccdf-nh-wy.md
us-ny	statute	2026-10-06-w6-benefits-statute-ny	docs/ingest-runs/2026-10-06-w6-benefits.md
us-ny	statute	2026-10-06-w6-income-tax-statute-ny-r2	docs/ingest-runs/2026-10-06-w6-tax-mn-oh.md
us-ny	statute	2026-10-06-w6-tanf-ccdf-statute-ny	docs/ingest-runs/2026-10-06-w6-tanf-ccdf-nh-wy.md
us-oh	form	2026-09-15-income-tax-forms-ty2025	docs/ingest-runs/2026-09-15-tax.md
us-oh	form	2026-10-06-w6-income-tax-forms-oh-r2	docs/ingest-runs/2026-10-06-w6-tax-mn-oh.md
us-oh	guidance	2026-10-06-w6-income-tax-guidance-oh	docs/ingest-runs/2026-10-06-w6-tax-mn-oh.md
us-oh	guidance	2026-10-06-w6-tanf-ccdf-guidance-oh	docs/ingest-runs/2026-10-06-w6-tanf-ccdf-nh-wy.md
us-oh	regulation	2026-07-16-agency-5101-4-r2026-09-11-5101-1-5122-36-r2026-09-14-5703-7-consolidated-r2026-10-07-5180-6-1-consolidated	docs/ingest-runs/2026-10-07-w6-release-consolidation.md
us-oh	regulation	2026-10-06-w6-tanf-ccdf-regulation-oh	docs/ingest-runs/2026-10-06-w6-tanf-ccdf-nh-wy.md
us-oh	statute	2026-10-06-w6-income-tax-statute-oh	docs/ingest-runs/2026-10-06-w6-tax-mn-oh.md
us-oh	statute	2026-10-06-w6-tanf-ccdf-statute-oh	docs/ingest-runs/2026-10-06-w6-tanf-ccdf-nh-wy.md
us-ok	form	2026-10-06-w6-income-tax-forms-ok	docs/ingest-runs/2026-10-06-w6-tax-ok-wv.md
us-ok	guidance	2026-10-06-w6-benefits-guidance-ok	docs/ingest-runs/2026-10-06-w6-benefits.md
us-ok	guidance	2026-10-06-w6-income-tax-guidance-ok	docs/ingest-runs/2026-10-06-w6-tax-ok-wv.md
us-ok	policy	2026-10-06-w6-tanf-ccdf-policy-ok	docs/ingest-runs/2026-10-06-w6-tanf-ccdf-nh-wy.md
us-ok	regulation	2026-09-15-ccdf-subsidy-rules	docs/ingest-runs/2026-09-15-tanf-ccdf.md
us-ok	statute	2026-10-06-w6-benefits-statute-ok	docs/ingest-runs/2026-10-06-w6-benefits.md
us-ok	statute	2026-10-06-w6-income-tax-statute-ok	docs/ingest-runs/2026-10-06-w6-tax-ok-wv.md
us-or	form	2026-09-15-income-tax-forms-ty2025	docs/ingest-runs/2026-09-15-tax.md
us-or	form	2026-10-06-w6-income-tax-forms-or	docs/ingest-runs/2026-10-06-w6-tax-ok-wv.md
us-or	guidance	2026-10-06-w6-health-guidance-or	docs/ingest-runs/2026-10-06-w6-health.md
us-or	guidance	2026-10-06-w6-income-tax-guidance-or	docs/ingest-runs/2026-10-06-w6-tax-ok-wv.md
us-or	guidance	2026-10-06-w6-tanf-ccdf-guidance-or	docs/ingest-runs/2026-10-06-w6-tanf-ccdf-nh-wy.md
us-or	policy	2026-10-06-w6-tanf-ccdf-policy-or	docs/ingest-runs/2026-10-06-w6-tanf-ccdf-nh-wy.md
us-or	regulation	2026-09-10-tanf-state-policy-manual-chapter-461-r2026-09-14-150-316-consolidated-r2026-10-07-414-175-consolidated	docs/ingest-runs/2026-10-07-w6-release-consolidation.md
us-or	regulation	2026-10-06-w6-health-regulation-or	docs/ingest-runs/2026-10-06-w6-health.md
us-or	statute	2026-07-16-pit-west-us-or-chapter-316-r2026-10-07-recovery-316-085-w6-chapter-315-consolidated	docs/ingest-runs/2026-10-07-w6-release-consolidation.md
us-or	statute	2026-10-06-w6-health-statute-or	docs/ingest-runs/2026-10-06-w6-health.md
us-or	statute	2026-10-06-w6-health-statute-or-ors-us-or-chapter-414	docs/ingest-runs/2026-10-06-w6-health.md
us-or	statute	2026-10-06-w6-income-tax-statute-or	docs/ingest-runs/2026-10-06-w6-tax-ok-wv.md
us-pa	form	2026-10-06-w6-income-tax-forms-pa	docs/ingest-runs/2026-10-06-w6-tax-ok-wv.md
us-pa	guidance	2026-10-06-w6-benefits-guidance-pa	docs/ingest-runs/2026-10-06-w6-benefits.md
us-pa	guidance	2026-10-06-w6-income-tax-guidance-pa	docs/ingest-runs/2026-10-06-w6-tax-ok-wv.md
us-pa	guidance	2026-10-06-w6-tanf-ccdf-guidance-pa	docs/ingest-runs/2026-10-06-w6-tanf-ccdf-nh-wy.md
us-pa	policy	2026-10-06-w6-tanf-ccdf-policy-pa	docs/ingest-runs/2026-10-06-w6-tanf-ccdf-nh-wy.md
us-pa	regulation	2026-10-06-w6-tanf-ccdf-regulation-pa	docs/ingest-runs/2026-10-06-w6-tanf-ccdf-nh-wy.md
us-pa	rulemaking	2026-10-06-w6-benefits-rulemaking-pa	docs/ingest-runs/2026-10-06-w6-benefits.md
us-pa	statute	2026-10-06-w6-income-tax-statute-pa	docs/ingest-runs/2026-10-06-w6-tax-ok-wv.md
us-ri	form	2026-10-06-w6-income-tax-forms-ri	docs/ingest-runs/2026-10-06-w6-tax-ok-wv.md
us-ri	guidance	2026-10-06-w6-income-tax-guidance-ri	docs/ingest-runs/2026-10-06-w6-tax-ok-wv.md
us-ri	guidance	2026-10-06-w6-tanf-ccdf-guidance-ri	docs/ingest-runs/2026-10-06-w6-tanf-ccdf-nh-wy.md
us-ri	policy	2026-10-06-w6-tanf-ccdf-policy-ri	docs/ingest-runs/2026-10-06-w6-tanf-ccdf-nh-wy.md
us-ri	regulation	2026-09-15-ccdf-subsidy-rules	docs/ingest-runs/2026-09-15-tanf-ccdf.md
us-ri	statute	2026-10-06-w6-income-tax-statute-ri	docs/ingest-runs/2026-10-06-w6-tax-ok-wv.md
us-ri	statute	2026-10-06-w6-tanf-ccdf-statute-ri	docs/ingest-runs/2026-10-06-w6-tanf-ccdf-nh-wy.md
us-ri	statute	2026-10-06-w6-tanf-statute-ri-us-ri-chapter-40-5.2	docs/ingest-runs/2026-10-06-w6-tanf-ccdf-nh-wy.md
us-sc	form	2026-09-15-income-tax-forms-ty2025	docs/ingest-runs/2026-09-15-tax.md
us-sc	form	2026-10-06-w6-income-tax-forms-sc	docs/ingest-runs/2026-10-06-w6-tax-ok-wv.md
us-sc	guidance	2026-10-06-w6-benefits-guidance-sc	docs/ingest-runs/2026-10-06-w6-benefits.md
us-sc	guidance	2026-10-06-w6-income-tax-guidance-sc	docs/ingest-runs/2026-10-06-w6-tax-ok-wv.md
us-sc	manual	2026-09-15-ccdf-subsidy-rules	docs/ingest-runs/2026-09-15-tanf-ccdf.md
us-sc	policy	2026-10-06-w6-health-policy-sc	docs/ingest-runs/2026-10-06-w6-health.md
us-sc	policy	2026-10-06-w6-tanf-ccdf-policy-sc	docs/ingest-runs/2026-10-06-w6-tanf-ccdf-nh-wy.md
us-sc	regulation	2026-10-06-w6-benefits-regulation-sc	docs/ingest-runs/2026-10-06-w6-benefits.md
us-sc	regulation	2026-10-06-w6-tanf-ccdf-regulation-sc	docs/ingest-runs/2026-10-06-w6-tanf-ccdf-nh-wy.md
us-sc	statute	2026-10-06-w6-income-tax-statute-sc	docs/ingest-runs/2026-10-06-w6-tax-ok-wv.md
us-sc	statute	2026-10-06-w6-income-tax-statute-sc-us-sc-title-59-chapter-2	docs/ingest-runs/2026-10-06-w6-tax-ok-wv.md
us-sd	manual	2026-10-06-w6-tanf-ccdf-manual-sd	docs/ingest-runs/2026-10-06-w6-tanf-ccdf-nh-wy.md
us-sd	policy	2026-10-06-w6-tanf-ccdf-policy-sd	docs/ingest-runs/2026-10-06-w6-tanf-ccdf-nh-wy.md
us-sd	regulation	2026-10-06-w6-tanf-ccdf-regulation-sd	docs/ingest-runs/2026-10-06-w6-tanf-ccdf-nh-wy.md
us-tn	guidance	2026-10-06-w6-tanf-ccdf-guidance-tn	docs/ingest-runs/2026-10-06-w6-tanf-ccdf-nh-wy.md
us-tn	policy	2026-10-06-w6-health-policy-tn	docs/ingest-runs/2026-10-06-w6-health.md
us-tn	policy	2026-10-06-w6-tanf-ccdf-policy-tn	docs/ingest-runs/2026-10-06-w6-tanf-ccdf-nh-wy.md
us-tx	guidance	2026-10-06-w6-tanf-ccdf-guidance-tx	docs/ingest-runs/2026-10-06-w6-tanf-ccdf-nh-wy.md
us-tx	manual	2026-10-06-w6-health-manual-tx	docs/ingest-runs/2026-10-06-w6-health.md
us-tx	policy	2026-10-06-w6-tanf-ccdf-policy-tx	docs/ingest-runs/2026-10-06-w6-tanf-ccdf-nh-wy.md
us-tx	statute	2026-10-06-w6-benefits-ssi-statute-us-tx-title-hr-r2026-10-07-consolidated	docs/ingest-runs/2026-10-07-w6-release-consolidation.md
us-tx	statute	2026-10-06-w6-benefits-statute-tx	docs/ingest-runs/2026-10-06-w6-benefits.md
us-ut	form	2026-10-06-w6-income-tax-forms-ut	docs/ingest-runs/2026-10-06-w6-tax-ok-wv.md
us-ut	guidance	2026-10-06-w6-benefits-guidance-ut	docs/ingest-runs/2026-10-06-w6-benefits.md
us-ut	guidance	2026-10-06-w6-income-tax-guidance-ut	docs/ingest-runs/2026-10-06-w6-tax-ok-wv.md
us-ut	guidance	2026-10-06-w6-tanf-ccdf-guidance-ut	docs/ingest-runs/2026-10-06-w6-tanf-ccdf-nh-wy.md
us-ut	manual	2026-10-06-w6-tanf-ccdf-manual-ut	docs/ingest-runs/2026-10-06-w6-tanf-ccdf-nh-wy.md
us-ut	regulation	2026-10-06-w6-benefits-regulation-ut	docs/ingest-runs/2026-10-06-w6-benefits.md
us-ut	regulation	2026-10-06-w6-tanf-ccdf-regulation-ut	docs/ingest-runs/2026-10-06-w6-tanf-ccdf-nh-wy.md
us-ut	statute	2026-10-06-w6-benefits-statute-ut	docs/ingest-runs/2026-10-06-w6-benefits.md
us-ut	statute	2026-10-06-w6-income-tax-statute-ut	docs/ingest-runs/2026-10-06-w6-tax-ok-wv.md
us-va	form	2026-09-15-income-tax-forms-ty2025	docs/ingest-runs/2026-09-15-tax.md
us-va	form	2026-10-06-w6-income-tax-forms-va	docs/ingest-runs/2026-10-06-w6-tax-ok-wv.md
us-va	guidance	2026-10-06-w6-income-tax-guidance-va	docs/ingest-runs/2026-10-06-w6-tax-ok-wv.md
us-va	guidance	2026-10-06-w6-tanf-ccdf-guidance-va	docs/ingest-runs/2026-10-06-w6-tanf-ccdf-nh-wy.md
us-va	manual	2026-10-06-w6-health-manual-va	docs/ingest-runs/2026-10-06-w6-health.md
us-va	manual	2026-10-06-w6-tanf-ccdf-manual-va	docs/ingest-runs/2026-10-06-w6-tanf-ccdf-nh-wy.md
us-va	policy	2026-10-06-w6-tanf-ccdf-policy-va	docs/ingest-runs/2026-10-06-w6-tanf-ccdf-nh-wy.md
us-va	regulation	2026-10-06-w6-tanf-ccdf-regulation-va	docs/ingest-runs/2026-10-06-w6-tanf-ccdf-nh-wy.md
us-va	statute	2026-10-06-w6-income-tax-statute-va	docs/ingest-runs/2026-10-06-w6-tax-ok-wv.md
us-vt	form	2026-10-06-w6-income-tax-forms-vt	docs/ingest-runs/2026-10-06-w6-tax-ok-wv.md
us-vt	guidance	2026-10-06-w6-income-tax-guidance-vt	docs/ingest-runs/2026-10-06-w6-tax-ok-wv.md
us-vt	guidance	2026-10-06-w6-tanf-ccdf-guidance-vt	docs/ingest-runs/2026-10-06-w6-tanf-ccdf-nh-wy.md
us-vt	manual	2026-10-06-w6-tanf-ccdf-manual-vt	docs/ingest-runs/2026-10-06-w6-tanf-ccdf-nh-wy.md
us-vt	policy	2026-10-06-w6-tanf-ccdf-policy-vt	docs/ingest-runs/2026-10-06-w6-tanf-ccdf-nh-wy.md
us-vt	statute	2026-10-06-w6-income-tax-statute-vt	docs/ingest-runs/2026-10-06-w6-tax-ok-wv.md
us-vt	statute	2026-10-06-w6-tanf-ccdf-statute-vt	docs/ingest-runs/2026-10-06-w6-tanf-ccdf-nh-wy.md
us-wa	form	2026-10-06-w6-income-tax-forms-wa	docs/ingest-runs/2026-10-06-w6-tax-ok-wv.md
us-wa	guidance	2026-10-06-w6-benefits-guidance-wa	docs/ingest-runs/2026-10-06-w6-benefits.md
us-wa	guidance	2026-10-06-w6-health-guidance-wa	docs/ingest-runs/2026-10-06-w6-health.md
us-wa	guidance	2026-10-06-w6-income-tax-guidance-wa	docs/ingest-runs/2026-10-06-w6-tax-ok-wv.md
us-wa	guidance	2026-10-06-w6-tanf-ccdf-guidance-wa	docs/ingest-runs/2026-10-06-w6-tanf-ccdf-nh-wy.md
us-wa	policy	2026-10-06-w6-tanf-ccdf-policy-wa	docs/ingest-runs/2026-10-06-w6-tanf-ccdf-nh-wy.md
us-wa	regulation	2026-06-25-388-450-r2026-07-15-self-contained-r2026-10-07-388-400-424-470-w6-110-15-182-consolidated	docs/ingest-runs/2026-10-07-w6-release-consolidation.md
us-wa	regulation	2026-10-06-w6-benefits-regulation-wa	docs/ingest-runs/2026-10-06-w6-benefits.md
us-wa	regulation	2026-10-06-w6-income-tax-regulation-wa	docs/ingest-runs/2026-10-06-w6-tax-ok-wv.md
us-wa	rulemaking	2026-10-06-w6-benefits-rulemaking-wa	docs/ingest-runs/2026-10-06-w6-benefits.md
us-wa	rulemaking	2026-10-06-w6-income-tax-rulemaking-wa	docs/ingest-runs/2026-10-06-w6-tax-ok-wv.md
us-wa	rulemaking	2026-10-06-w6-tanf-ccdf-rulemaking-wa	docs/ingest-runs/2026-10-06-w6-tanf-ccdf-nh-wy.md
us-wa	statute	2026-10-06-w6-health-statute-wa	docs/ingest-runs/2026-10-06-w6-health.md
us-wa	statute	2026-10-06-w6-income-tax-statute-wa	docs/ingest-runs/2026-10-06-w6-tax-ok-wv.md
us-wa	statute	2026-10-06-w6-tanf-ccdf-statute-wa	docs/ingest-runs/2026-10-06-w6-tanf-ccdf-nh-wy.md
us-wi	form	2026-09-15-income-tax-forms-ty2025	docs/ingest-runs/2026-09-15-tax.md
us-wi	form	2026-10-06-w6-income-tax-forms-wi	docs/ingest-runs/2026-10-06-w6-tax-ok-wv.md
us-wi	guidance	2026-10-06-w6-benefits-guidance-wi	docs/ingest-runs/2026-10-06-w6-benefits.md
us-wi	guidance	2026-10-06-w6-income-tax-guidance-wi	docs/ingest-runs/2026-10-06-w6-tax-ok-wv.md
us-wi	guidance	2026-10-06-w6-tanf-ccdf-guidance-wi	docs/ingest-runs/2026-10-06-w6-tanf-ccdf-nh-wy.md
us-wi	manual	2026-10-06-w6-health-manual-wi	docs/ingest-runs/2026-10-06-w6-health.md
us-wi	manual	2026-10-06-w6-tanf-ccdf-manual-wi	docs/ingest-runs/2026-10-06-w6-tanf-ccdf-nh-wy.md
us-wi	regulation	2026-10-06-w6-tanf-ccdf-regulation-wi	docs/ingest-runs/2026-10-06-w6-tanf-ccdf-nh-wy.md
us-wi	rulemaking	2026-10-06-w6-tanf-ccdf-rulemaking-wi	docs/ingest-runs/2026-10-06-w6-tanf-ccdf-nh-wy.md
us-wi	statute	2026-10-06-w6-income-tax-statute-wi	docs/ingest-runs/2026-10-06-w6-tax-ok-wv.md
us-wi	statute	2026-10-06-w6-tanf-ccdf-statute-wi-chapter-49	docs/ingest-runs/2026-10-06-w6-tanf-ccdf-nh-wy.md
us-wi	statute	2026-10-06-w6-tanf-ccdf-statute-wi-chapter-990	docs/ingest-runs/2026-10-06-w6-tanf-ccdf-nh-wy.md
us-wv	form	2026-09-15-income-tax-forms-ty2025	docs/ingest-runs/2026-09-15-tax.md
us-wv	form	2026-10-06-w6-income-tax-forms-wv	docs/ingest-runs/2026-10-06-w6-tax-ok-wv.md
us-wv	guidance	2026-10-06-w6-income-tax-guidance-wv	docs/ingest-runs/2026-10-06-w6-tax-ok-wv.md
us-wv	manual	2026-10-06-w6-tanf-ccdf-manual-wv	docs/ingest-runs/2026-10-06-w6-tanf-ccdf-nh-wy.md
us-wv	policy	2026-10-06-w6-tanf-ccdf-policy-wv	docs/ingest-runs/2026-10-06-w6-tanf-ccdf-nh-wy.md
us-wv	statute	2026-10-06-w6-income-tax-statute-wv	docs/ingest-runs/2026-10-06-w6-tax-ok-wv.md
us-wv	statute	2026-10-06-w6-tanf-statute-wv-us-wv-chapter-9-article-9	docs/ingest-runs/2026-10-06-w6-tanf-ccdf-nh-wy.md
us-wy	guidance	2026-10-06-w6-health-guidance-wy	docs/ingest-runs/2026-10-06-w6-health.md
us-wy	guidance	2026-10-06-w6-tanf-ccdf-guidance-wy	docs/ingest-runs/2026-10-06-w6-tanf-ccdf-nh-wy.md
us-wy	policy	2026-10-06-w6-tanf-ccdf-policy-wy	docs/ingest-runs/2026-10-06-w6-tanf-ccdf-nh-wy.md
us-wy	regulation	2026-10-06-w6-tanf-ccdf-regulation-wy	docs/ingest-runs/2026-10-06-w6-tanf-ccdf-nh-wy.md
us-wy	statute	2026-10-06-w6-tanf-ccdf-statute-wy	docs/ingest-runs/2026-10-06-w6-tanf-ccdf-nh-wy.md
