program,jurisdiction,element,old_status,new_status,scope_version,citation_path,note
tax,us,F052,EXTRACTABLE,ALREADY-HELD,us/statute/2026-09-13-tax-statute-closure-31-title-26,us/statute/26/71,26 U.S.C. 71 and 215 are in the selected 2026-09-13 tax statute closure scope (also us/statute/26/215); the 09-11 check predates it
tax,us,F116,EXTRACTABLE,ALREADY-HELD,us/regulation/2026-07-24-1401-coordination-repair-title-26-part-1-r2026-09-13-closure-sections-consolidated,us/regulation/26/1/1-1,"26 CFR 1.1-1 to 1.2-2 are in the selected consolidated part-1 scope (wave 3, 345 part-1 sections); the 09-11 check predates it"
tax,us,F117,EXTRACTABLE,ALREADY-HELD,us/regulation/2026-07-24-1401-coordination-repair-title-26-part-1-r2026-09-13-closure-sections-consolidated,us/regulation/26/1/21-1,"26 CFR 1.21-1 to 1.21-4 are in the selected consolidated part-1 scope (wave 3, 345 part-1 sections); the 09-11 check predates it"
tax,us,F118,EXTRACTABLE,ALREADY-HELD,us/regulation/2026-07-24-1401-coordination-repair-title-26-part-1-r2026-09-13-closure-sections-consolidated,us/regulation/26/1/32-2,"26 CFR 1.32-2 to 1.32-3 are in the selected consolidated part-1 scope (wave 3, 345 part-1 sections); the 09-11 check predates it"
tax,us,F119,EXTRACTABLE,ALREADY-HELD,us/regulation/2026-07-24-1401-coordination-repair-title-26-part-1-r2026-09-13-closure-sections-consolidated,us/regulation/26/1/36B-1,"26 CFR 1.36B-1 to 1.36B-6 are in the selected consolidated part-1 scope (wave 3, 345 part-1 sections); the 09-11 check predates it"
tax,us,F120,EXTRACTABLE,ALREADY-HELD,us/regulation/2026-07-24-1401-coordination-repair-title-26-part-1-r2026-09-13-closure-sections-consolidated,us/regulation/26/1/61-1,"26 CFR 1.61-1 to 1.63-2 are in the selected consolidated part-1 scope (wave 3, 345 part-1 sections); the 09-11 check predates it"
tax,us,F121,EXTRACTABLE,ALREADY-HELD,us/regulation/2026-07-24-1401-coordination-repair-title-26-part-1-r2026-09-13-closure-sections-consolidated,us/regulation/26/1/151-1,"26 CFR 1.151-1 to 1.152-4 are in the selected consolidated part-1 scope (wave 3, 345 part-1 sections); the 09-11 check predates it"
tax,us,F122,EXTRACTABLE,ALREADY-HELD,us/regulation/2026-07-24-1401-coordination-repair-title-26-part-1-r2026-09-13-closure-sections-consolidated,us/regulation/26/1/162-1,"26 CFR 1.162-1 to 1.165-12 are in the selected consolidated part-1 scope (wave 3, 345 part-1 sections); the 09-11 check predates it"
tax,us,F123,EXTRACTABLE,ALREADY-HELD,us/regulation/2026-07-24-1401-coordination-repair-title-26-part-1-r2026-09-13-closure-sections-consolidated,us/regulation/26/1/170A-1,"26 CFR 1.170A-1 to 1.170A-18 are in the selected consolidated part-1 scope (wave 3, 345 part-1 sections); the 09-11 check predates it"
tax,us,F124,EXTRACTABLE,ALREADY-HELD,us/regulation/2026-07-24-1401-coordination-repair-title-26-part-1-r2026-09-13-closure-sections-consolidated,us/regulation/26/1/199A-1,"26 CFR 1.199A-1 to 1.199A-12 are in the selected consolidated part-1 scope (wave 3, 345 part-1 sections); the 09-11 check predates it"
tax,us,F125,EXTRACTABLE,ALREADY-HELD,us/regulation/2026-07-24-1401-coordination-repair-title-26-part-1-r2026-09-13-closure-sections-consolidated,us/regulation/26/1/213-1,"26 CFR 1.213-1 to 1.221-1 are in the selected consolidated part-1 scope (wave 3, 345 part-1 sections); the 09-11 check predates it"
tax,us,F126,EXTRACTABLE,ALREADY-HELD,us/regulation/2026-07-24-1401-coordination-repair-title-26-part-1-r2026-09-13-closure-sections-consolidated,us/regulation/26/1/401-k-1,"26 CFR 1.401-k-1 to 1.408A-10 are in the selected consolidated part-1 scope (wave 3, 345 part-1 sections); the 09-11 check predates it"
tax,us,F127,EXTRACTABLE,ALREADY-HELD,us/regulation/2026-07-24-1401-coordination-repair-title-26-part-1-r2026-09-13-closure-sections-consolidated,us/regulation/26/1/1001-1,"26 CFR 1.1001-1 to 1.1212-1 are in the selected consolidated part-1 scope (wave 3, 345 part-1 sections); the 09-11 check predates it"
tax,us,F129,EXTRACTABLE,ALREADY-HELD,us/regulation/2026-07-24-1401-coordination-repair-title-26-part-1-r2026-09-13-closure-sections-consolidated,us/regulation/26/1/1411-1,"26 CFR 1.1411-1 to 1.1411-10 are in the selected consolidated part-1 scope (wave 3, 345 part-1 sections); the 09-11 check predates it"
tax,us,F130,EXTRACTABLE,ALREADY-HELD,us/regulation/2026-07-24-1401-coordination-repair-title-26-part-1-r2026-09-13-closure-sections-consolidated,us/regulation/26/1/6012-1,"26 CFR 1.6012-1 to 1.6654-1 are in the selected consolidated part-1 scope (wave 3, 345 part-1 sections); the 09-11 check predates it"
tax,us,F131,EXTRACTABLE,ALREADY-HELD,us/regulation/2026-09-13-title-26-part-31,us/regulation/26/31/3101-1,26 CFR 31.3101-1 to 31.3402(r)-1 are in the selected wave-3 part-31 scope (359 rows)
tax,us,F132,EXTRACTABLE,PRESENT,us/regulation/2026-09-15-title-26-part-301-closure-title-26-part-301,us/regulation/26/301/7701-18,new: 26 CFR 301.7701-18 (marital status definitions) extracted from the eCFR as of 2026-09-11; 1.7703-1 was already held in the consolidated part-1 scope
tax,us,F088,EXTRACTABLE,PRESENT,us/guidance/2026-09-15-irs-guidance-rev-proc,us/guidance/irs/rev-proc-2025-19,"new: Rev. Proc. 2025-19 (IRB 2025-23), 2026 HSA inflation-adjusted amounts"
tax,us,F133,EXTRACTABLE,PRESENT,us/guidance/2026-09-15-irs-guidance-rev-proc,us/guidance/irs/rev-proc-2024-40,"new: Rev. Proc. 2024-40 (IRB 2024-45), tax year 2025 inflation adjustments, 27 pages"
tax,us,F108,EXTRACTABLE,PRESENT,us/form/2026-09-15-irs-forms-ty2025,us/form/irs/ty2026/p15t,new: Publication 15-T 2026 HTML edition plus the 2025 PDF edition (us/form/irs/ty2025/p15t) from irs.gov/pub/irs-prior
tax,us,F141,EXTRACTABLE,PRESENT,us/form/2026-09-15-irs-forms-ty2025,us/form/irs/ty2025/f1040s1a,new: Schedule 1-A (2025) PDF; no about page or separate instructions product exists on irs.gov
tax,us,F144,EXTRACTABLE,PRESENT,us/form/2026-09-15-irs-forms-ty2025,us/form/irs/ty2025/f1040sc,new: Schedule C (2025) PDF and HTML instructions i1040sc
tax,us,F146,EXTRACTABLE,PRESENT,us/form/2026-09-15-irs-forms-ty2025,us/form/irs/ty2025/f1040se,new: Schedule E (2025) PDF and HTML instructions i1040se
tax,us,F151,EXTRACTABLE,PRESENT,us/form/2026-09-15-irs-forms-ty2025,us/form/irs/ty2025/f2441,new: Form 2441 (2025) PDF and HTML instructions i2441
tax,us,F152,EXTRACTABLE,PRESENT,us/form/2026-09-15-irs-forms-ty2025,us/form/irs/ty2025/f8863,new: Form 8863 (2025) PDF and HTML instructions i8863
tax,us,F153,EXTRACTABLE,PRESENT,us/form/2026-09-15-irs-forms-ty2025,us/form/irs/ty2025/f6251,new: Form 6251 (2025) PDF and HTML instructions i6251
tax,us,F154,EXTRACTABLE,PRESENT,us/form/2026-09-15-irs-forms-ty2025,us/form/irs/ty2025/f8959,"new: Forms 8959 and 8960 (2025) PDFs and HTML instructions i8959, i8960"
tax,us,F155,EXTRACTABLE,PRESENT,us/form/2026-09-15-irs-forms-ty2025,us/form/irs/ty2025/f8995,"new: Forms 8995 and 8995-A (2025) PDFs, HTML instructions i8995 and PDF instructions i8995a"
tax,us,F156,EXTRACTABLE,PRESENT,us/form/2026-09-15-irs-forms-ty2025,us/form/irs/ty2025/f8880,new: Form 8880 (2025) PDF
tax,us,F157,EXTRACTABLE,PRESENT,us/form/2026-09-15-irs-forms-ty2025,us/form/irs/ty2026/f1040es,"new: Form 1040-ES (2026) PDF, 16 pages with the 2026 rate schedules"
tax,us,F158,EXTRACTABLE,PRESENT,us/form/2026-09-15-irs-forms-ty2025,us/form/irs/ty2026/fw4,new: Form W-4 (2026) PDF
tax,us,F160,EXTRACTABLE,PRESENT,us/form/2026-09-15-irs-forms-ty2025,us/form/irs/ty2025/p501,new: Publication 501 (2025) HTML edition
tax,us,F161,EXTRACTABLE,PRESENT,us/form/2026-09-15-irs-forms-ty2025,us/form/irs/ty2025/p596,new: Publication 596 (2025) HTML edition
tax,us,F162,EXTRACTABLE,PRESENT,us/form/2026-09-15-irs-forms-ty2025,us/form/irs/ty2025/p970,new: Publication 970 (2025) HTML edition
tax,us,F163,EXTRACTABLE,PRESENT,us/form/2026-09-15-irs-forms-ty2025,us/form/irs/ty2025/f1040sr,new: Form 1040-SR (2025) PDF (IRS product id f1040s; f1040sr.pdf is Schedule R)
tax,us-al,S02,EXTRACTABLE,REVIEW,us-al/statute/2026-09-14-income-tax-chapter-r2-us-al-title-40,,Code of Alabama 40-18-1.1 defines the IRC as amended from time to time; not located by pattern; chapter held in the selected scope
tax,us-al,S12,EXTRACTABLE,ALREADY-HELD,us-al/statute/2026-09-14-income-tax-chapter-r2-us-al-title-40,us-al/statute/40-18-19,40-18-19 exemptions (age-65 condition on the retirement exemption; Alabama has no separate age/blind deduction)
tax,us-al,S15,EXTRACTABLE,REVIEW,us-al/statute/2026-09-14-income-tax-chapter-r2-us-al-title-40,,40-18-19(a) exempts Social Security benefits; not located by pattern; chapter held in the selected scope
tax,us-al,S35,EXTRACTABLE,EXTRACTABLE,us-al/statute/2026-09-14-income-tax-chapter-r2-us-al-title-40,,"municipal occupational license taxes are authorized in Code of Alabama Title 11 (11-51-90 et seq.), outside Title 40; carrier: ALISON adapter only_title 11"
tax,us-ar,S02,EXTRACTABLE,OUTREACH,,,Arkansas Code published only through LexisNexis behind a robot check (probed once 2026-09-13; not retried per brief); Act 2 of 2026 scope stays
tax,us-ar,S03,EXTRACTABLE,OUTREACH,,,Arkansas Code published only through LexisNexis behind a robot check (probed once 2026-09-13; not retried per brief); Act 2 of 2026 scope stays
tax,us-ar,S04,EXTRACTABLE,OUTREACH,,,Arkansas Code published only through LexisNexis behind a robot check (probed once 2026-09-13; not retried per brief); Act 2 of 2026 scope stays
tax,us-ar,S05,EXTRACTABLE,OUTREACH,,,Arkansas Code published only through LexisNexis behind a robot check (probed once 2026-09-13; not retried per brief); Act 2 of 2026 scope stays
tax,us-ar,S07,EXTRACTABLE,OUTREACH,,,Arkansas Code published only through LexisNexis behind a robot check (probed once 2026-09-13; not retried per brief); Act 2 of 2026 scope stays
tax,us-ar,S08,EXTRACTABLE,OUTREACH,,,Arkansas Code published only through LexisNexis behind a robot check (probed once 2026-09-13; not retried per brief); Act 2 of 2026 scope stays
tax,us-ar,S09,EXTRACTABLE,OUTREACH,,,Arkansas Code published only through LexisNexis behind a robot check (probed once 2026-09-13; not retried per brief); Act 2 of 2026 scope stays
tax,us-ar,S10,EXTRACTABLE,OUTREACH,,,Arkansas Code published only through LexisNexis behind a robot check (probed once 2026-09-13; not retried per brief); Act 2 of 2026 scope stays
tax,us-ar,S11,EXTRACTABLE,OUTREACH,,,Arkansas Code published only through LexisNexis behind a robot check (probed once 2026-09-13; not retried per brief); Act 2 of 2026 scope stays
tax,us-ar,S12,EXTRACTABLE,OUTREACH,,,Arkansas Code published only through LexisNexis behind a robot check (probed once 2026-09-13; not retried per brief); Act 2 of 2026 scope stays
tax,us-ar,S13,EXTRACTABLE,OUTREACH,,,Arkansas Code published only through LexisNexis behind a robot check (probed once 2026-09-13; not retried per brief); Act 2 of 2026 scope stays
tax,us-ar,S14,EXTRACTABLE,OUTREACH,,,Arkansas Code published only through LexisNexis behind a robot check (probed once 2026-09-13; not retried per brief); Act 2 of 2026 scope stays
tax,us-ar,S15,EXTRACTABLE,OUTREACH,,,Arkansas Code published only through LexisNexis behind a robot check (probed once 2026-09-13; not retried per brief); Act 2 of 2026 scope stays
tax,us-ar,S16,EXTRACTABLE,OUTREACH,,,Arkansas Code published only through LexisNexis behind a robot check (probed once 2026-09-13; not retried per brief); Act 2 of 2026 scope stays
tax,us-ar,S17,EXTRACTABLE,OUTREACH,,,Arkansas Code published only through LexisNexis behind a robot check (probed once 2026-09-13; not retried per brief); Act 2 of 2026 scope stays
tax,us-ar,S18,EXTRACTABLE,OUTREACH,,,Arkansas Code published only through LexisNexis behind a robot check (probed once 2026-09-13; not retried per brief); Act 2 of 2026 scope stays
tax,us-ar,S23,EXTRACTABLE,OUTREACH,,,Arkansas Code published only through LexisNexis behind a robot check (probed once 2026-09-13; not retried per brief); Act 2 of 2026 scope stays
tax,us-ar,S24,EXTRACTABLE,OUTREACH,,,Arkansas Code published only through LexisNexis behind a robot check (probed once 2026-09-13; not retried per brief); Act 2 of 2026 scope stays
tax,us-ar,S25,EXTRACTABLE,OUTREACH,,,Arkansas Code published only through LexisNexis behind a robot check (probed once 2026-09-13; not retried per brief); Act 2 of 2026 scope stays
tax,us-ar,S27,EXTRACTABLE,OUTREACH,,,Arkansas Code published only through LexisNexis behind a robot check (probed once 2026-09-13; not retried per brief); Act 2 of 2026 scope stays
tax,us-ar,S30,EXTRACTABLE,OUTREACH,,,Arkansas Code published only through LexisNexis behind a robot check (probed once 2026-09-13; not retried per brief); Act 2 of 2026 scope stays
tax,us-ar,S31,EXTRACTABLE,OUTREACH,,,Arkansas Code published only through LexisNexis behind a robot check (probed once 2026-09-13; not retried per brief); Act 2 of 2026 scope stays
tax,us-ar,S32,EXTRACTABLE,OUTREACH,,,Arkansas Code published only through LexisNexis behind a robot check (probed once 2026-09-13; not retried per brief); Act 2 of 2026 scope stays
tax,us-ar,S33,EXTRACTABLE,OUTREACH,,,Arkansas Code published only through LexisNexis behind a robot check (probed once 2026-09-13; not retried per brief); Act 2 of 2026 scope stays
tax,us-ar,S34,EXTRACTABLE,OUTREACH,,,Arkansas Code published only through LexisNexis behind a robot check (probed once 2026-09-13; not retried per brief); Act 2 of 2026 scope stays
tax,us-az,S12,EXTRACTABLE,ALREADY-HELD,us-az/statute/2026-09-14-income-tax-chapter-us-az-title-43,us-az/statute/43-1023,"43-1023 exemptions for blind persons and persons 65 or older ($1,500)"
tax,us-az,S16,EXTRACTABLE,REVIEW,us-az/statute/2026-09-14-income-tax-chapter-us-az-title-43,,"ARS 43-1022 subtractions (pension of U.S. government/Arizona retirees $2,500); not located by pattern; chapter held in the selected scope"
tax,us-az,S18,EXTRACTABLE,ALREADY-HELD,us-az/statute/2026-09-14-income-tax-chapter-us-az-title-43,us-az/statute/43-1022,43-1022 subtraction of a percentage of net long-term capital gain
tax,us-az,S21,EXTRACTABLE,REVIEW,us-az/statute/2026-09-14-income-tax-chapter-us-az-title-43,,Arizona has no child tax credit; 43-1073.01 dependent tax credit ($100/$25); candidate N/A or dependent credit reading; chapter held in the selected scope
tax,us-az,S22,EXTRACTABLE,REVIEW,us-az/statute/2026-09-14-income-tax-chapter-us-az-title-43,,see S21; chapter held in the selected scope
tax,us-az,S25,EXTRACTABLE,REVIEW,us-az/statute/2026-09-14-income-tax-chapter-us-az-title-43,,"43-1072.01 (family income tax credit, low income) in the chapter; not located by pattern; chapter held in the selected scope"
tax,us-ca,S13,EXTRACTABLE,ALREADY-HELD,us-ca/statute/2026-09-14-income-tax-chapter-us-ca-sections-4e26e6efabc3f0c7,us-ca/statute/rtc/17143,RTC 17143 other-state bond interest addition
tax,us-ca,S14,EXTRACTABLE,ALREADY-HELD,us-ca/statute/2026-09-14-income-tax-chapter-us-ca-sections-4e26e6efabc3f0c7,us-ca/statute/rtc/17133,RTC 17133 exempt income (federal obligations)
tax,us-ca,S23,EXTRACTABLE,ALREADY-HELD,us-ca/statute/2026-09-14-income-tax-chapter-us-ca-sections-4e26e6efabc3f0c7,us-ca/statute/rtc/17052.6,RTC 17052.6 household and dependent care credit
tax,us-ca,S26,EXTRACTABLE,ALREADY-HELD,us-ca/statute/2026-09-14-income-tax-chapter-us-ca-sections-4e26e6efabc3f0c7,us-ca/statute/rtc/17053.5,RTC 17053.5 renter credit
tax,us-ca,S31,EXTRACTABLE,ALREADY-HELD,us-ca/statute/2026-09-14-income-tax-chapter-us-ca-sections-4e26e6efabc3f0c7,us-ca/statute/rtc/18663,"RTC 18663 wage withholding tables (withholding statute itself is UIC 13020, not in the RTC scope)"
tax,us-ca,S32,EXTRACTABLE,ALREADY-HELD,us-ca/statute/2026-09-14-income-tax-chapter-us-ca-sections-4e26e6efabc3f0c7,us-ca/statute/rtc/19136,RTC 19136 underpayment of estimated tax
tax,us-ca,S34,EXTRACTABLE,ALREADY-HELD,us-ca/statute/2026-09-14-income-tax-chapter-us-ca-sections-4e26e6efabc3f0c7,us-ca/statute/rtc/18566,RTC 18566 return due date; 18533 innocent spouse relief
tax,us-co,S12,EXTRACTABLE,REVIEW,us-co/statute/2026-07-19-rulespec-us-co-title-39-consolidated,,Colorado has no age-65 income-tax deduction (pension subtraction 39-22-104(4)(f) is age-tiered); not located by pattern; chapter held in the selected scope
tax,us-co,S17,EXTRACTABLE,ALREADY-HELD,us-co/statute/2026-07-19-rulespec-us-co-title-39-consolidated,us-co/statute/39/39-22-104,39-22-104(4)(u) military retirement subtraction
tax,us-co,S26,EXTRACTABLE,ALREADY-HELD,us-co/statute/2026-07-19-rulespec-us-co-title-39-consolidated,us-co/statute/39/39-31-101,39-31-101 property tax/rent/heat rebate (PTC)
tax,us-co,S35,EXTRACTABLE,REVIEW,us-co/statute/2026-07-19-rulespec-us-co-title-39-consolidated,,Colorado has no state-authorized local income tax (Denver OPT is a home-rule ordinance); candidate N/A; chapter held in the selected scope
tax,us-ct,S10,EXTRACTABLE,ALREADY-HELD,us-ct/statute/2026-09-14-income-tax-chapter-title-12-chapter-229,us-ct/statute/12-702,12-702 personal exemption
tax,us-ct,S11,EXTRACTABLE,REVIEW,us-ct/statute/2026-09-14-income-tax-chapter-title-12-chapter-229,,Connecticut has no dependent exemption; candidate N/A; chapter held in the selected scope
tax,us-ct,S12,EXTRACTABLE,REVIEW,us-ct/statute/2026-09-14-income-tax-chapter-title-12-chapter-229,,Connecticut has no age-65 exemption; candidate N/A; chapter held in the selected scope
tax,us-ct,S14,EXTRACTABLE,ALREADY-HELD,us-ct/statute/2026-09-14-income-tax-chapter-title-12-chapter-229,us-ct/statute/12-701,12-701(a)(20) modifications (U.S. obligation interest subtraction)
tax,us-ct,S26,EXTRACTABLE,ALREADY-HELD,us-ct/statute/2026-09-14-income-tax-chapter-title-12-chapter-229,us-ct/statute/12-704c,12-704c property tax credit
tax,us-ct,S27,EXTRACTABLE,REVIEW,us-ct/statute/2026-09-14-income-tax-chapter-title-12-chapter-229,,"12-704e EITC, 12-704c property tax credit in the chapter; other personal credits not located by pattern; chapter held in the selected scope"
tax,us-ct,S28,EXTRACTABLE,ALREADY-HELD,us-ct/statute/2026-09-14-income-tax-chapter-title-12-chapter-229,us-ct/statute/12-700a,12-700a alternative minimum tax
tax,us-ct,S33,EXTRACTABLE,ALREADY-HELD,us-ct/statute/2026-09-14-income-tax-chapter-title-12-chapter-229,us-ct/statute/12-727,12-727 returns required
tax,us-dc,S14,EXTRACTABLE,ALREADY-HELD,us-dc/statute/2026-07-16-pit-east-title-47,us-dc/statute/47/47-1803.02,47-1803.02 U.S. obligation interest exclusion
tax,us-dc,S17,EXTRACTABLE,ALREADY-HELD,us-dc/statute/2026-07-16-pit-east-title-47,us-dc/statute/47/47-1803.02,47-1803.02(a)(2)(N) military retired pay exclusion
tax,us-dc,S24,EXTRACTABLE,REVIEW,us-dc/statute/2026-07-16-pit-east-title-47,,the District allows no credit for taxes paid to other states (47-1806.04); candidate N/A; chapter held in the selected scope
tax,us-dc,S30,EXTRACTABLE,REVIEW,us-dc/statute/2026-07-16-pit-east-title-47,,47-1806.01 et seq. (residency) and 47-1810.01 (apportionment) in the title-47 scope; not located by pattern; chapter held in the selected scope
tax,us-de,S02,EXTRACTABLE,ALREADY-HELD,us-de/statute/2026-09-14-income-tax-chapter-r2-us-de-title-30-chapter-11,us-de/statute/30/1101,30 Del. C. 1101 definitions (Internal Revenue Code conformity)
tax,us-de,S11,EXTRACTABLE,ALREADY-HELD,us-de/statute/2026-09-14-income-tax-chapter-r2-us-de-title-30-chapter-11,us-de/statute/30/1110,30 Del. C. 1110 personal credits ($110 per exemption)
tax,us-de,S12,EXTRACTABLE,ALREADY-HELD,us-de/statute/2026-09-14-income-tax-chapter-r2-us-de-title-30-chapter-11,us-de/statute/30/1108,30 Del. C. 1108 additional standard deduction (age 65 / blind)
tax,us-de,S13,EXTRACTABLE,ALREADY-HELD,us-de/statute/2026-09-14-income-tax-chapter-r2-us-de-title-30-chapter-11,us-de/statute/30/1106,30 Del. C. 1106(a)(1) other-state bond interest addition
tax,us-de,S15,EXTRACTABLE,ALREADY-HELD,us-de/statute/2026-09-14-income-tax-chapter-r2-us-de-title-30-chapter-11,us-de/statute/30/1106,30 Del. C. 1106(b)(1) Social Security exclusion
tax,us-de,S16,EXTRACTABLE,ALREADY-HELD,us-de/statute/2026-09-14-income-tax-chapter-r2-us-de-title-30-chapter-11,us-de/statute/30/1106,30 Del. C. 1106(b)(3) pension exclusion
tax,us-de,S17,EXTRACTABLE,ALREADY-HELD,us-de/statute/2026-09-14-income-tax-chapter-r2-us-de-title-30-chapter-11,us-de/statute/30/1106,30 Del. C. 1106(b)(3) military pension exclusion
tax,us-de,S23,EXTRACTABLE,ALREADY-HELD,us-de/statute/2026-09-14-income-tax-chapter-r2-us-de-title-30-chapter-11,us-de/statute/30/1114,30 Del. C. 1114 child care credit (50% of federal)
tax,us-de,S27,EXTRACTABLE,ALREADY-HELD,us-de/statute/2026-09-14-income-tax-chapter-r2-us-de-title-30-chapter-11,us-de/statute/30/1117,30 Del. C. 1117 EITC and neighbouring personal credits
tax,us-de,S33,EXTRACTABLE,ALREADY-HELD,us-de/statute/2026-09-14-income-tax-chapter-r2-us-de-title-30-chapter-11,us-de/statute/30/1161,30 Del. C. 1161 persons required to make returns
tax,us-de,S34,EXTRACTABLE,ALREADY-HELD,us-de/statute/2026-09-14-income-tax-chapter-r2-us-de-title-30-chapter-11,us-de/statute/30/1168,30 Del. C. 1168 time and place for filing returns
tax,us-de,S35,EXTRACTABLE,EXTRACTABLE,us-de/statute/2026-09-14-income-tax-chapter-r2-us-de-title-30-chapter-11,,"Wilmington earned income tax is authorized by 22 Del. C. 901 et seq. (city charter), outside Title 30; carrier: delaware-code adapter only_title 22"
tax,us-ga,S10,EXTRACTABLE,ALREADY-HELD,us-ga/statute/2026-07-21-ga-ocga-title-48-release86-us-ga-title-48,us-ga/statute/48/48-7-26,48-7-26 personal exemption (with HB 463 session-law overlay in us-ga/statute/session-laws/2026/hb463)
tax,us-ga,S17,EXTRACTABLE,ALREADY-HELD,us-ga/statute/2026-07-21-ga-ocga-title-48-release86-us-ga-title-48,us-ga/statute/48/48-7-27,48-7-27(a) military retirement exclusion
tax,us-ga,S21,EXTRACTABLE,REVIEW,us-ga/statute/2026-07-21-ga-ocga-title-48-release86-us-ga-title-48,,"Georgia has no child tax credit (dependent exemption only, 48-7-26); candidate N/A; chapter held in the selected scope"
tax,us-ga,S22,EXTRACTABLE,REVIEW,us-ga/statute/2026-07-21-ga-ocga-title-48-release86-us-ga-title-48,,see S21; chapter held in the selected scope
tax,us-ga,S25,EXTRACTABLE,REVIEW,us-ga/statute/2026-07-21-ga-ocga-title-48-release86-us-ga-title-48,,48-7-29.15? low-income credit repealed; candidate N/A; chapter held in the selected scope
tax,us-hi,S14,EXTRACTABLE,ALREADY-HELD,us-hi/statute/2026-07-16-pit-east-us-hi-volume-04-chapter-235,us-hi/statute/235-7,HRS 235-7 exclusions (U.S. obligation interest)
tax,us-hi,S23,EXTRACTABLE,ALREADY-HELD,us-hi/statute/2026-07-13-recovery,us-hi/statute/235-55.6,HRS 235-55.6 household and dependent care credit (held in the selected scope 2026-07-13-recovery)
tax,us-hi,S26,EXTRACTABLE,ALREADY-HELD,us-hi/statute/2026-07-13-recovery,us-hi/statute/235-55.7,HRS 235-55.7 credit for low-income household renters (held in the selected scope 2026-07-13-recovery)
tax,us-hi,S27,EXTRACTABLE,ALREADY-HELD,us-hi/statute/2026-07-16-pit-east-us-hi-volume-04-chapter-235,us-hi/statute/235-110.25,HRS 235-110.25 and neighbouring personal credits
tax,us-ia,S08,EXTRACTABLE,ALREADY-HELD,us-ia/statute/2026-07-16-pit-east-us-ia-title-x-chapter-422-r2026-07-24-immutable,us-ia/statute/422.9,Iowa Code 422.9 deductions from net income (standard deduction)
tax,us-ia,S09,EXTRACTABLE,ALREADY-HELD,us-ia/statute/2026-07-16-pit-east-us-ia-title-x-chapter-422-r2026-07-24-immutable,us-ia/statute/422.9,Iowa Code 422.9 itemized deductions
tax,us-ia,S11,EXTRACTABLE,ALREADY-HELD,us-ia/statute/2026-07-13-recovery,us-ia/statute/422.12,Iowa Code 422.12 personal and dependent credits (held in the selected scope 2026-07-13-recovery)
tax,us-ia,S26,EXTRACTABLE,EXTRACTABLE,us-ia/statute/2026-07-16-pit-east-us-ia-title-x-chapter-422-r2026-07-24-immutable,,"Iowa property tax credit / rent reimbursement is Iowa Code chapter 425 (425.16 et seq.), outside chapter 422; carrier: iowa-code adapter only_title 425"
tax,us-ia,S35,EXTRACTABLE,EXTRACTABLE,us-ia/statute/2026-07-16-pit-east-us-ia-title-x-chapter-422-r2026-07-24-immutable,,"school district income surtax is Iowa Code 257.21 and county surtax chapter 422D, outside chapter 422; carrier: iowa-code adapter"
tax,us-id,S10,EXTRACTABLE,REVIEW,us-id/statute/2026-09-14-income-tax-chapter-us-id-title-63-chapter-30,,Idaho has no personal exemption (63-3022?); candidate N/A; chapter held in the selected scope
tax,us-id,S11,EXTRACTABLE,ALREADY-HELD,us-id/statute/2026-09-14-income-tax-chapter-us-id-title-63-chapter-30,us-id/statute/63-3029L,63-3029L Idaho child tax credit ($205)
tax,us-id,S13,EXTRACTABLE,ALREADY-HELD,us-id/statute/2026-09-14-income-tax-chapter-us-id-title-63-chapter-30,us-id/statute/63-3022,63-3022 additions (other-state bond interest)
tax,us-id,S21,EXTRACTABLE,ALREADY-HELD,us-id/statute/2026-09-14-income-tax-chapter-us-id-title-63-chapter-30,us-id/statute/63-3029L,63-3029L child tax credit
tax,us-id,S22,EXTRACTABLE,ALREADY-HELD,us-id/statute/2026-09-14-income-tax-chapter-us-id-title-63-chapter-30,us-id/statute/63-3029L,"63-3029L (nonrefundable, no phase-out)"
tax,us-id,S31,EXTRACTABLE,ALREADY-HELD,us-id/statute/2026-09-14-income-tax-chapter-us-id-title-63-chapter-30,us-id/statute/63-3035,63-3035 withholding
tax,us-id,S33,EXTRACTABLE,ALREADY-HELD,us-id/statute/2026-09-14-income-tax-chapter-us-id-title-63-chapter-30,us-id/statute/63-3030,63-3030 persons required to make returns
tax,us-il,S07,EXTRACTABLE,ALREADY-HELD,us-il/statute/2026-07-24-il-individual-income-tax-resident-core,us-il/statute/35/5/204-current,35 ILCS 5/204(d-5) cost-of-living adjustment of the exemption
tax,us-il,S11,EXTRACTABLE,ALREADY-HELD,us-il/statute/2026-07-24-il-individual-income-tax-resident-core,us-il/statute/35/5/204-current,35 ILCS 5/204 standard exemption per dependent
tax,us-il,S13,EXTRACTABLE,ALREADY-HELD,us-il/statute/2026-07-24-il-individual-income-tax-resident-core,us-il/statute/35/5/203-current,35 ILCS 5/203(a)(2)(A) other-state obligation interest addition
tax,us-il,S14,EXTRACTABLE,ALREADY-HELD,us-il/statute/2026-07-24-il-individual-income-tax-resident-core,us-il/statute/35/5/203-current,35 ILCS 5/203(a)(2)(N) U.S. obligation interest subtraction
tax,us-il,S17,EXTRACTABLE,ALREADY-HELD,us-il/statute/2026-07-24-il-individual-income-tax-resident-core,us-il/statute/35/5/203-current,35 ILCS 5/203(a)(2)(E) military pay subtraction
tax,us-il,S21,EXTRACTABLE,ALREADY-HELD,us-il/statute/2026-07-24-il-individual-income-tax-resident-core,us-il/statute/35/5/244-current,35 ILCS 5/244 child tax credit
tax,us-il,S22,EXTRACTABLE,ALREADY-HELD,us-il/statute/2026-07-24-il-individual-income-tax-resident-core,us-il/statute/35/5/244-current,"35 ILCS 5/244 (percentage of EITC, refundable)"
tax,us-il,S32,EXTRACTABLE,OUTREACH,,,"35 ILCS 5/803 (estimated tax) is outside the seven-section core; ilga.gov answers HTTP 403 to the corpus client on every path (ILCS FTP directory, fulltext, act TOC) after the Sectigo R40 intermediate was supplied, and the illinois-ilcs adapter has no browser-agent option; whole-act run blocked (see run note)"
tax,us-in,S10,EXTRACTABLE,REVIEW,us-in/statute/2026-07-16-pit-east-us-in-title-6,,"Indiana IC 6-3-1-3.5(a)(3) $1,000 personal exemption in the title-6 scope; not located by pattern; chapter held in the selected scope"
tax,us-in,S12,EXTRACTABLE,ALREADY-HELD,us-in/statute/2026-07-16-pit-east-us-in-title-6,us-in/statute/6-3-1-3.5,IC 6-3-1-3.5(a)(4)-(5) additional exemption age 65 / blind
tax,us-in,S14,EXTRACTABLE,REVIEW,us-in/statute/2026-07-16-pit-east-us-in-title-6,,IC 6-3-1-3.5(a)(1)? U.S. obligation interest; not located by pattern; chapter held in the selected scope
tax,us-ks,S12,EXTRACTABLE,ALREADY-HELD,us-ks/statute/2026-07-16-pit-west-us-ks-chapter-79-article-32,us-ks/statute/79-32-121,"K.S.A. 79-32,121 additional standard deduction (age 65 / blind)"
tax,us-ks,S14,EXTRACTABLE,ALREADY-HELD,us-ks/statute/2026-07-16-pit-west-us-ks-chapter-79-article-32,us-ks/statute/79-32-117,"K.S.A. 79-32,117(c)(vi) U.S. obligation interest subtraction"
tax,us-ks,S16,EXTRACTABLE,ALREADY-HELD,us-ks/statute/2026-07-16-pit-west-us-ks-chapter-79-article-32,us-ks/statute/79-32-117,"K.S.A. 79-32,117(c) retirement benefit subtractions"
tax,us-ks,S23,EXTRACTABLE,ALREADY-HELD,us-ks/statute/2026-07-16-pit-west-us-ks-chapter-79-article-32,us-ks/statute/79-32-111c,"K.S.A. 79-32,111c child and dependent care credit"
tax,us-ks,S25,EXTRACTABLE,REVIEW,us-ks/statute/2026-07-16-pit-west-us-ks-chapter-79-article-32,,"K.S.A. 79-32,120? no-tax floor; not located by pattern; chapter held in the selected scope"
tax,us-ks,S26,EXTRACTABLE,ALREADY-HELD,us-ks/statute/2026-07-16-pit-west-us-ks-chapter-79-article-32,us-ks/statute/79-32-263,"K.S.A. 79-32,263 SAFESR senior property tax credit; homestead refund is chapter 79 article 45 (outside)"
tax,us-ky,S10,EXTRACTABLE,ALREADY-HELD,us-ky/statute/2026-09-14-income-tax-chapter,us-ky/statute/krs/141.020,KRS 141.020(3) personal tax credits
tax,us-ky,S12,EXTRACTABLE,ALREADY-HELD,us-ky/statute/2026-09-14-income-tax-chapter,us-ky/statute/krs/141.020,KRS 141.020(3)(a)4-5 age-65 and blind credits ($40)
tax,us-ky,S23,EXTRACTABLE,ALREADY-HELD,us-ky/statute/2026-09-14-income-tax-chapter,us-ky/statute/krs/141.067,KRS 141.067 household and dependent care credit
tax,us-ky,S35,EXTRACTABLE,EXTRACTABLE,us-ky/statute/2026-09-14-income-tax-chapter,,"county and city occupational license taxes are KRS 68.180, 91.200, 92.281 and school district tax KRS 160.605, outside chapter 141; carrier: LRC chapter pages (build_kentucky pattern)"
tax,us-la,S12,EXTRACTABLE,REVIEW,us-la/statute/2026-07-22-la-title-47-official-current-us-la-title-47,,La. R.S. 47:294 (exemptions) in the title-47 scope; not located by pattern; chapter held in the selected scope
tax,us-la,S14,EXTRACTABLE,ALREADY-HELD,us-la/statute/2026-07-22-la-title-47-official-current-us-la-title-47,us-la/statute/47:293,La. R.S. 47:293 tax table income (U.S. obligation interest exempt)
tax,us-la,S15,EXTRACTABLE,ALREADY-HELD,us-la/statute/2026-07-22-la-title-47-official-current-us-la-title-47,us-la/statute/47:44.2,La. R.S. 47:44.2 Social Security benefits exemption
tax,us-ma,S03,EXTRACTABLE,PRESENT,us-ma/statute/2026-09-15-income-tax-chapter-us-ma-part-i-title-ix-chapter-62,us-ma/statute/62/1,"M.G.L. c. 62 s. 1 definitions (resident, domicile); new whole-chapter scope 2026-09-15"
tax,us-ma,S13,EXTRACTABLE,PRESENT,us-ma/statute/2026-09-15-income-tax-chapter-us-ma-part-i-title-ix-chapter-62,us-ma/statute/62/2,M.G.L. c. 62 s. 2(a)(1)(A) other-state bond interest; new whole-chapter scope 2026-09-15
tax,us-ma,S14,EXTRACTABLE,PRESENT,us-ma/statute/2026-09-15-income-tax-chapter-us-ma-part-i-title-ix-chapter-62,us-ma/statute/62/2,M.G.L. c. 62 s. 2(a)(2)(A) U.S. obligation interest; new whole-chapter scope 2026-09-15
tax,us-ma,S17,EXTRACTABLE,PRESENT,us-ma/statute/2026-09-15-income-tax-chapter-us-ma-part-i-title-ix-chapter-62,us-ma/statute/62/2,M.G.L. c. 62 s. 2(a)(2) military pay/pension exclusions; new whole-chapter scope 2026-09-15
tax,us-ma,S21,EXTRACTABLE,PRESENT,us-ma/statute/2026-09-15-income-tax-chapter-us-ma-part-i-title-ix-chapter-62,us-ma/statute/62/6,M.G.L. c. 62 s. 6(x) child and family tax credit; new whole-chapter scope 2026-09-15
tax,us-ma,S22,EXTRACTABLE,PRESENT,us-ma/statute/2026-09-15-income-tax-chapter-us-ma-part-i-title-ix-chapter-62,us-ma/statute/62/6,"M.G.L. c. 62 s. 6(x) refundable, no phase-out; new whole-chapter scope 2026-09-15"
tax,us-ma,S27,EXTRACTABLE,PRESENT,us-ma/statute/2026-09-15-income-tax-chapter-us-ma-part-i-title-ix-chapter-62,us-ma/statute/62/6,M.G.L. c. 62 s. 6 credits; new whole-chapter scope 2026-09-15
tax,us-ma,S30,EXTRACTABLE,PRESENT,us-ma/statute/2026-09-15-income-tax-chapter-us-ma-part-i-title-ix-chapter-62,us-ma/statute/62/5a,M.G.L. c. 62 s. 5A nonresident income; new whole-chapter scope 2026-09-15
tax,us-ma,S31,EXTRACTABLE,EXTRACTABLE,us-ma/statute/2026-09-15-income-tax-chapter-us-ma-part-i-title-ix-chapter-62,,"withholding is M.G.L. c. 62B s. 2, outside chapter 62; carrier: massachusetts-general-laws adapter only_chapter 62B (separate run; container-row collision with the chapter 62 scope noted)"
tax,us-ma,S32,EXTRACTABLE,EXTRACTABLE,us-ma/statute/2026-09-15-income-tax-chapter-us-ma-part-i-title-ix-chapter-62,,"estimated tax is M.G.L. c. 62B ss. 13-14, outside chapter 62; carrier: chapter 62B"
tax,us-ma,S34,EXTRACTABLE,EXTRACTABLE,us-ma/statute/2026-09-15-income-tax-chapter-us-ma-part-i-title-ix-chapter-62,,"return due dates and joint liability are M.G.L. c. 62C ss. 6, 6A, 84, outside chapter 62; carrier: chapter 62C"
tax,us-md,S12,EXTRACTABLE,ALREADY-HELD,us-md/statute/2026-09-14-income-tax-chapter-us-md-article-gtg,us-md/statute/gtg/10-211,"TG 10-211 additional exemption age 65 / blind ($1,000)"
tax,us-md,S14,EXTRACTABLE,ALREADY-HELD,us-md/statute/2026-09-14-income-tax-chapter-us-md-article-gtg,us-md/statute/gtg/10-207,TG 10-207 subtractions (U.S. obligation interest)
tax,us-md,S21,EXTRACTABLE,ALREADY-HELD,us-md/statute/2026-09-14-income-tax-chapter-us-md-article-gtg,us-md/statute/gtg/10-751,TG 10-751 child tax credit
tax,us-md,S22,EXTRACTABLE,ALREADY-HELD,us-md/statute/2026-09-14-income-tax-chapter-us-md-article-gtg,us-md/statute/gtg/10-751,TG 10-751 income limit and refundability
tax,us-md,S26,EXTRACTABLE,ALREADY-HELD,us-md/statute/2026-09-14-income-tax-chapter-us-md-article-gtg,us-md/statute/gtg/10-707,TG 10-707 credit for property tax paid; renters tax credit is Tax-Property 9-102 (outside)
tax,us-me,S12,EXTRACTABLE,REVIEW,us-me/statute/2026-09-14-income-tax-chapter-us-me-title-36,,Maine has no age-65 exemption (5219-KK property tax fairness credit age tier only); candidate N/A; chapter held in the selected scope
tax,us-me,S13,EXTRACTABLE,ALREADY-HELD,us-me/statute/2026-09-14-income-tax-chapter-us-me-title-36,us-me/statute/36/5122,36 M.R.S. 5122(1)(A) other-state bond interest addition
tax,us-me,S14,EXTRACTABLE,ALREADY-HELD,us-me/statute/2026-09-14-income-tax-chapter-us-me-title-36,us-me/statute/36/5122,36 M.R.S. 5122(2)(A) U.S. obligation interest subtraction
tax,us-me,S15,EXTRACTABLE,ALREADY-HELD,us-me/statute/2026-09-14-income-tax-chapter-us-me-title-36,us-me/statute/36/5122,36 M.R.S. 5122(2)(C) Social Security subtraction
tax,us-me,S17,EXTRACTABLE,ALREADY-HELD,us-me/statute/2026-09-14-income-tax-chapter-us-me-title-36,us-me/statute/36/5122,36 M.R.S. 5122(2)(LL) military retirement subtraction
tax,us-me,S31,EXTRACTABLE,ALREADY-HELD,us-me/statute/2026-09-14-income-tax-chapter-us-me-title-36,us-me/statute/36/5250,36 M.R.S. 5250 employer to withhold tax from wages
tax,us-mi,S12,EXTRACTABLE,ALREADY-HELD,us-mi/statute/2026-09-14-income-tax-chapter-us-mi-chapter-206,us-mi/statute/206.30,MCL 206.30(2)-(3) additional exemptions (deaf/blind/disabled; senior dividend/interest deduction)
tax,us-mi,S17,EXTRACTABLE,ALREADY-HELD,us-mi/statute/2026-09-14-income-tax-chapter-us-mi-chapter-206,us-mi/statute/206.30,MCL 206.30(1)(e) military pension deduction
tax,us-mi,S35,EXTRACTABLE,EXTRACTABLE,us-mi/statute/2026-09-14-income-tax-chapter-us-mi-chapter-206,,"City Income Tax Act is MCL 141.501 et seq., outside chapter 206; carrier: michigan-compiled-laws adapter only_title 141"
tax,us-mn,S14,EXTRACTABLE,ALREADY-HELD,us-mn/statute/2026-09-14-income-tax-chapter-us-mn-title-290,us-mn/statute/290.0132,Minn. Stat. 290.0132 subd. 2 U.S. obligation interest subtraction
tax,us-mn,S22,EXTRACTABLE,ALREADY-HELD,us-mn/statute/2026-09-14-income-tax-chapter-us-mn-title-290,us-mn/statute/290.0661,Minn. Stat. 290.0661 child tax credit phase-out and refundability
tax,us-mn,S23,EXTRACTABLE,ALREADY-HELD,us-mn/statute/2026-09-14-income-tax-chapter-us-mn-title-290,us-mn/statute/290.067,Minn. Stat. 290.067 dependent care credit
tax,us-mn,S32,EXTRACTABLE,EXTRACTABLE,us-mn/statute/2026-09-14-income-tax-chapter-us-mn-title-290,,"individual estimated tax is Minn. Stat. 289A.25, outside chapter 290; carrier: minnesota-statutes adapter only_title 289A"
tax,us-mo,S12,EXTRACTABLE,ALREADY-HELD,us-mo/statute/2026-07-16-pit-central-us-mo-143,us-mo/statute/143.161,RSMo 143.161 dependency exemption (age 65 dependent); Missouri has no taxpayer age deduction
tax,us-mo,S13,EXTRACTABLE,ALREADY-HELD,us-mo/statute/2026-07-16-pit-central-us-mo-143,us-mo/statute/143.121,RSMo 143.121(2)(1) other-state obligation interest addition
tax,us-mo,S26,EXTRACTABLE,EXTRACTABLE,us-mo/statute/2026-07-16-pit-central-us-mo-143,,"property tax credit (circuit breaker) is RSMo 135.010-135.035, outside chapter 143; carrier: missouri-revised-statutes adapter chapter 135"
tax,us-mo,S27,EXTRACTABLE,REVIEW,us-mo/statute/2026-07-16-pit-central-us-mo-143,,RSMo 143.1000-143.1032 fund contributions in scope; other personal credits are chapter 135; not located by pattern; chapter held in the selected scope
tax,us-mo,S35,EXTRACTABLE,EXTRACTABLE,us-mo/statute/2026-07-16-pit-central-us-mo-143,,"earnings taxes are RSMo chapter 92 (92.105 et seq.), outside chapter 143; carrier: chapter 92"
tax,us-ms,S02,EXTRACTABLE,OUTREACH,,,Mississippi Code published only through LexisNexis behind a robot check (probed once 2026-09-13; not retried per brief); HB 1 (2025) 27-7-5 scope stays
tax,us-ms,S03,EXTRACTABLE,OUTREACH,,,Mississippi Code published only through LexisNexis behind a robot check (probed once 2026-09-13; not retried per brief); HB 1 (2025) 27-7-5 scope stays
tax,us-ms,S04,EXTRACTABLE,OUTREACH,,,Mississippi Code published only through LexisNexis behind a robot check (probed once 2026-09-13; not retried per brief); HB 1 (2025) 27-7-5 scope stays
tax,us-ms,S05,EXTRACTABLE,OUTREACH,,,Mississippi Code published only through LexisNexis behind a robot check (probed once 2026-09-13; not retried per brief); HB 1 (2025) 27-7-5 scope stays
tax,us-ms,S08,EXTRACTABLE,OUTREACH,,,Mississippi Code published only through LexisNexis behind a robot check (probed once 2026-09-13; not retried per brief); HB 1 (2025) 27-7-5 scope stays
tax,us-ms,S09,EXTRACTABLE,OUTREACH,,,Mississippi Code published only through LexisNexis behind a robot check (probed once 2026-09-13; not retried per brief); HB 1 (2025) 27-7-5 scope stays
tax,us-ms,S10,EXTRACTABLE,OUTREACH,,,Mississippi Code published only through LexisNexis behind a robot check (probed once 2026-09-13; not retried per brief); HB 1 (2025) 27-7-5 scope stays
tax,us-ms,S11,EXTRACTABLE,OUTREACH,,,Mississippi Code published only through LexisNexis behind a robot check (probed once 2026-09-13; not retried per brief); HB 1 (2025) 27-7-5 scope stays
tax,us-ms,S12,EXTRACTABLE,OUTREACH,,,Mississippi Code published only through LexisNexis behind a robot check (probed once 2026-09-13; not retried per brief); HB 1 (2025) 27-7-5 scope stays
tax,us-ms,S13,EXTRACTABLE,OUTREACH,,,Mississippi Code published only through LexisNexis behind a robot check (probed once 2026-09-13; not retried per brief); HB 1 (2025) 27-7-5 scope stays
tax,us-ms,S14,EXTRACTABLE,OUTREACH,,,Mississippi Code published only through LexisNexis behind a robot check (probed once 2026-09-13; not retried per brief); HB 1 (2025) 27-7-5 scope stays
tax,us-ms,S15,EXTRACTABLE,OUTREACH,,,Mississippi Code published only through LexisNexis behind a robot check (probed once 2026-09-13; not retried per brief); HB 1 (2025) 27-7-5 scope stays
tax,us-ms,S16,EXTRACTABLE,OUTREACH,,,Mississippi Code published only through LexisNexis behind a robot check (probed once 2026-09-13; not retried per brief); HB 1 (2025) 27-7-5 scope stays
tax,us-ms,S17,EXTRACTABLE,OUTREACH,,,Mississippi Code published only through LexisNexis behind a robot check (probed once 2026-09-13; not retried per brief); HB 1 (2025) 27-7-5 scope stays
tax,us-ms,S24,EXTRACTABLE,OUTREACH,,,Mississippi Code published only through LexisNexis behind a robot check (probed once 2026-09-13; not retried per brief); HB 1 (2025) 27-7-5 scope stays
tax,us-ms,S27,EXTRACTABLE,OUTREACH,,,Mississippi Code published only through LexisNexis behind a robot check (probed once 2026-09-13; not retried per brief); HB 1 (2025) 27-7-5 scope stays
tax,us-ms,S30,EXTRACTABLE,OUTREACH,,,Mississippi Code published only through LexisNexis behind a robot check (probed once 2026-09-13; not retried per brief); HB 1 (2025) 27-7-5 scope stays
tax,us-ms,S31,EXTRACTABLE,OUTREACH,,,Mississippi Code published only through LexisNexis behind a robot check (probed once 2026-09-13; not retried per brief); HB 1 (2025) 27-7-5 scope stays
tax,us-ms,S32,EXTRACTABLE,OUTREACH,,,Mississippi Code published only through LexisNexis behind a robot check (probed once 2026-09-13; not retried per brief); HB 1 (2025) 27-7-5 scope stays
tax,us-ms,S33,EXTRACTABLE,OUTREACH,,,Mississippi Code published only through LexisNexis behind a robot check (probed once 2026-09-13; not retried per brief); HB 1 (2025) 27-7-5 scope stays
tax,us-ms,S34,EXTRACTABLE,OUTREACH,,,Mississippi Code published only through LexisNexis behind a robot check (probed once 2026-09-13; not retried per brief); HB 1 (2025) 27-7-5 scope stays
tax,us-mt,S07,EXTRACTABLE,ALREADY-HELD,us-mt/statute/2026-07-16-pit-central-us-mt-title-15,us-mt/statute/15-30-2120,MCA 15-30-2120(5) inflation factor
tax,us-mt,S08,EXTRACTABLE,REVIEW,us-mt/statute/2026-07-16-pit-central-us-mt-title-15,,Montana starts from federal taxable income since TY2024 and has no state standard deduction; candidate N/A; chapter held in the selected scope
tax,us-mt,S09,EXTRACTABLE,REVIEW,us-mt/statute/2026-07-16-pit-central-us-mt-title-15,,see S08; candidate N/A; chapter held in the selected scope
tax,us-mt,S10,EXTRACTABLE,REVIEW,us-mt/statute/2026-07-16-pit-central-us-mt-title-15,,no state personal exemption since TY2024; candidate N/A; chapter held in the selected scope
tax,us-mt,S11,EXTRACTABLE,REVIEW,us-mt/statute/2026-07-16-pit-central-us-mt-title-15,,no state dependent exemption since TY2024; candidate N/A; chapter held in the selected scope
tax,us-mt,S12,EXTRACTABLE,ALREADY-HELD,us-mt/statute/2026-07-16-pit-central-us-mt-title-15,us-mt/statute/15-30-2120,"MCA 15-30-2120(3)(g) $5,500 subtraction for taxpayers 65 or older"
tax,us-mt,S16,EXTRACTABLE,REVIEW,us-mt/statute/2026-07-16-pit-central-us-mt-title-15,,MCA 15-30-2120 retirement subtractions; not located by pattern; chapter held in the selected scope
tax,us-mt,S23,EXTRACTABLE,ALREADY-HELD,us-mt/statute/2026-07-16-pit-central-us-mt-title-15,us-mt/statute/15-30-2131,MCA 15-30-2131 dependent care credit
tax,us-mt,S26,EXTRACTABLE,ALREADY-HELD,us-mt/statute/2026-07-16-pit-central-us-mt-title-15,us-mt/statute/15-30-2340,MCA 15-30-2340 elderly homeowner/renter credit
tax,us-nc,S10,EXTRACTABLE,REVIEW,us-nc/statute/2026-09-15-income-tax-chapter,,"North Carolina has no personal exemption (standard deduction only, 105-153.5(a)); candidate N/A; chapter held in the selected scope"
tax,us-nc,S11,EXTRACTABLE,REVIEW,us-nc/statute/2026-09-15-income-tax-chapter,,child deduction 105-153.5(a1) carries the dependent amount; see S21; chapter held in the selected scope
tax,us-nc,S12,EXTRACTABLE,REVIEW,us-nc/statute/2026-09-15-income-tax-chapter,,North Carolina has no age-65 or blind deduction; candidate N/A; chapter held in the selected scope
tax,us-nc,S14,EXTRACTABLE,PRESENT,us-nc/statute/2026-09-15-income-tax-chapter,us-nc/statute/105/105-153.5,G.S. 105-153.5(b)(1) U.S. obligation interest deduction; new whole-chapter scope 2026-09-15
tax,us-nc,S17,EXTRACTABLE,PRESENT,us-nc/statute/2026-09-15-income-tax-chapter,us-nc/statute/105/105-153.5,G.S. 105-153.5(b)(5a) uniformed services retirement deduction; new whole-chapter scope 2026-09-15
tax,us-nc,S21,EXTRACTABLE,PRESENT,us-nc/statute/2026-09-15-income-tax-chapter,us-nc/statute/105/105-153.5,G.S. 105-153.5(a1) child deduction; new whole-chapter scope 2026-09-15
tax,us-nc,S22,EXTRACTABLE,PRESENT,us-nc/statute/2026-09-15-income-tax-chapter,us-nc/statute/105/105-153.5,G.S. 105-153.5(a1) AGI-tiered child deduction; new whole-chapter scope 2026-09-15
tax,us-nc,S27,EXTRACTABLE,PRESENT,us-nc/statute/2026-09-15-income-tax-chapter,us-nc/statute/105/105-153.9,G.S. 105-153.9 credit for taxes paid to other states; 105-153.10 credit for children (repealed) and 105-153.11; new whole-chapter scope 2026-09-15
tax,us-nc,S32,EXTRACTABLE,PRESENT,us-nc/statute/2026-09-15-income-tax-chapter,us-nc/statute/105/105-163.15,G.S. 105-163.15 underpayment of estimated tax; new whole-chapter scope 2026-09-15
tax,us-nc,S33,EXTRACTABLE,PRESENT,us-nc/statute/2026-09-15-income-tax-chapter,us-nc/statute/105/105-153.8,G.S. 105-153.8 who must file a return; new whole-chapter scope 2026-09-15
tax,us-nd,S07,EXTRACTABLE,ALREADY-HELD,us-nd/statute/2026-07-16-pit-central-us-nd-title-57-38,us-nd/statute/57/57-38-30.3,NDCC 57-38-30.3 cost-of-living adjustment of brackets
tax,us-nd,S12,EXTRACTABLE,REVIEW,us-nd/statute/2026-07-16-pit-central-us-nd-title-57-38,,North Dakota has no age-65 deduction; candidate N/A; chapter held in the selected scope
tax,us-nd,S13,EXTRACTABLE,ALREADY-HELD,us-nd/statute/2026-07-16-pit-central-us-nd-title-57-38,us-nd/statute/57/57-38-30.3,NDCC 57-38-30.3(2)(a) other-state obligation interest addition
tax,us-nd,S17,EXTRACTABLE,ALREADY-HELD,us-nd/statute/2026-07-16-pit-central-us-nd-title-57-38,us-nd/statute/57/57-38-30.3,NDCC 57-38-30.3(2)(e) military pay subtraction
tax,us-nd,S26,EXTRACTABLE,REVIEW,us-nd/statute/2026-07-16-pit-central-us-nd-title-57-38,,"homestead credit is NDCC 57-02-08.1 (property tax), outside 57-38; candidate N/A for the income-tax return; chapter held in the selected scope"
tax,us-ne,S19,EXTRACTABLE,ALREADY-HELD,us-ne/statute/2026-09-14-income-tax-chapter-r2-us-ne-title-77,us-ne/statute/77/77-2715.07,Neb. Rev. Stat. 77-2715.07(2) refundable EITC 10% of federal
tax,us-ne,S20,EXTRACTABLE,ALREADY-HELD,us-ne/statute/2026-09-14-income-tax-chapter-r2-us-ne-title-77,us-ne/statute/77/77-2715.07,77-2715.07 EITC conditions (no state deviations beyond federal eligibility)
tax,us-ne,S23,EXTRACTABLE,ALREADY-HELD,us-ne/statute/2026-09-14-income-tax-chapter-r2-us-ne-title-77,us-ne/statute/77/77-2715.07,77-2715.07(1)(b) child and dependent care credit 25% of federal
tax,us-nj,S07,EXTRACTABLE,REVIEW,us-nj/statute/2026-07-16-pit-central-us-nj-title-54a,,New Jersey does not index brackets or exemptions; candidate N/A; chapter held in the selected scope
tax,us-nj,S10,EXTRACTABLE,ALREADY-HELD,us-nj/statute/2026-07-16-pit-central-us-nj-title-54a,us-nj/statute/54a:3-1,"N.J.S.A. 54A:3-1 personal exemption $1,000"
tax,us-nj,S12,EXTRACTABLE,ALREADY-HELD,us-nj/statute/2026-07-16-pit-central-us-nj-title-54a,us-nj/statute/54a:3-1,N.J.S.A. 54A:3-1(b) additional exemptions age 65 / blind
tax,us-nj,S15,EXTRACTABLE,ALREADY-HELD,us-nj/statute/2026-07-16-pit-central-us-nj-title-54a,us-nj/statute/54a:6-2,N.J.S.A. 54A:6-2 Social Security exclusion
tax,us-nj,S17,EXTRACTABLE,ALREADY-HELD,us-nj/statute/2026-07-16-pit-central-us-nj-title-54a,us-nj/statute/54a:6-26,N.J.S.A. 54A:6-26 military pension exclusion
tax,us-nj,S21,EXTRACTABLE,ALREADY-HELD,us-nj/statute/2026-07-16-pit-central-us-nj-title-54a,us-nj/statute/54a:4-17.1,N.J.S.A. 54A:4-17.1 child tax credit
tax,us-nj,S22,EXTRACTABLE,ALREADY-HELD,us-nj/statute/2026-07-16-pit-central-us-nj-title-54a,us-nj/statute/54a:4-17.1,N.J.S.A. 54A:4-17.1 income tiers and refundability
tax,us-nj,S23,EXTRACTABLE,ALREADY-HELD,us-nj/statute/2026-07-16-pit-central-us-nj-title-54a,us-nj/statute/54a:4-17,N.J.S.A. 54A:4-17 child and dependent care credit
tax,us-nj,S35,EXTRACTABLE,EXTRACTABLE,us-nj/statute/2026-07-16-pit-central-us-nj-title-54a,,"Newark payroll tax is N.J.S.A. 40:48C-14 et seq., outside title 54A; carrier: new-jersey-statutes adapter title 40"
tax,us-nm,S07,EXTRACTABLE,ALREADY-HELD,us-nm/statute/2026-07-16-pit-central,us-nm/statute/7-2-14,NMSA 7-2-14 low-income comprehensive tax rebate inflation adjustment; brackets are not indexed
tax,us-nm,S11,EXTRACTABLE,REVIEW,us-nm/statute/2026-07-16-pit-central,,NMSA 7-2-5.11? dependent deduction; not located by pattern; chapter held in the selected scope
tax,us-nm,S13,EXTRACTABLE,REVIEW,us-nm/statute/2026-07-16-pit-central,,NMSA 7-2-2 definitions (base income additions); not located by pattern; chapter held in the selected scope
tax,us-nm,S16,EXTRACTABLE,REVIEW,us-nm/statute/2026-07-16-pit-central,,NMSA 7-2-5.2 (age 65 exemption) / 7-2-5.11; not located by pattern; chapter held in the selected scope
tax,us-nm,S23,EXTRACTABLE,ALREADY-HELD,us-nm/statute/2026-07-16-pit-central,us-nm/statute/7-2-18.1,NMSA 7-2-18.1 child day care credit
tax,us-nm,S31,EXTRACTABLE,ALREADY-HELD,us-nm/statute/2026-07-16-pit-central,us-nm/statute/7-3-3,NMSA 7-3-3 tax withheld at source
tax,us-nm,S33,EXTRACTABLE,REVIEW,us-nm/statute/2026-07-16-pit-central,,NMSA 7-2-12 returns required; not located by pattern; chapter held in the selected scope
tax,us-ny,S07,EXTRACTABLE,ALREADY-HELD,us-ny/statute/2026-09-14-income-tax-chapter,us-ny/statute/TAX/601-A,Tax Law 601-a cost of living adjustment
tax,us-ny,S12,EXTRACTABLE,REVIEW,us-ny/statute/2026-09-14-income-tax-chapter,,New York has no age-65 exemption (real property tax credit age tier only); candidate N/A; chapter held in the selected scope
tax,us-ny,S22,EXTRACTABLE,ALREADY-HELD,us-ny/statute/2026-09-14-income-tax-chapter,us-ny/statute/TAX/606,Tax Law 606(c-1) Empire State child credit
tax,us-ny,S23,EXTRACTABLE,ALREADY-HELD,us-ny/statute/2026-09-14-income-tax-chapter,us-ny/statute/TAX/606,Tax Law 606(c) household and dependent care credit
tax,us-ny,S32,EXTRACTABLE,ALREADY-HELD,us-ny/statute/2026-09-14-income-tax-chapter,us-ny/statute/TAX/685,Tax Law 685(c) underpayment of estimated tax
tax,us-oh,S06,EXTRACTABLE,ALREADY-HELD,us-oh/statute/2026-09-14-income-tax-chapter-us-oh-title-57,us-oh/statute/5747.02,ORC 5747.02(A)(3) rate schedule (2024-2026 rates)
tax,us-oh,S07,EXTRACTABLE,ALREADY-HELD,us-oh/statute/2026-09-14-income-tax-chapter-us-oh-title-57,us-oh/statute/5747.02,ORC 5747.02(A)(5) bracket indexing
tax,us-oh,S12,EXTRACTABLE,ALREADY-HELD,us-oh/statute/2026-09-14-income-tax-chapter-us-oh-title-57,us-oh/statute/5747.055,ORC 5747.055 retirement income credit age 65; 5747.025 exemption
tax,us-oh,S23,EXTRACTABLE,ALREADY-HELD,us-oh/statute/2026-09-14-income-tax-chapter-us-oh-title-57,us-oh/statute/5747.054,ORC 5747.054 dependent care credit
tax,us-oh,S25,EXTRACTABLE,REVIEW,us-oh/statute/2026-09-14-income-tax-chapter-us-oh-title-57,,candidate us-oh/statute/5747.056 not found in any selected statute scope; ORC 5747.056 low income credit
tax,us-oh,S26,EXTRACTABLE,REVIEW,us-oh/statute/2026-09-14-income-tax-chapter-us-oh-title-57,,"Ohio has no income-tax circuit breaker (homestead exemption is property tax, 323.151); candidate N/A; chapter held in the selected scope"
tax,us-oh,S33,EXTRACTABLE,ALREADY-HELD,us-oh/statute/2026-09-14-income-tax-chapter-us-oh-title-57,us-oh/statute/5747.08,ORC 5747.08 filing income tax return
tax,us-ok,S11,EXTRACTABLE,ALREADY-HELD,us-ok/statute/2026-07-16-pit-central-us-ok-title-68-r2026-07-24-immutable,us-ok/statute/68-2358v1,"68 O.S. 2358 exemptions (dependent exemption $1,000)"
tax,us-ok,S12,EXTRACTABLE,ALREADY-HELD,us-ok/statute/2026-07-16-pit-central-us-ok-title-68-r2026-07-24-immutable,us-ok/statute/68-2358v1,"68 O.S. 2358 additional exemption age 65 ($1,000, income-conditioned)"
tax,us-ok,S18,EXTRACTABLE,ALREADY-HELD,us-ok/statute/2026-07-16-pit-central-us-ok-title-68-r2026-07-24-immutable,us-ok/statute/68-2358v1,68 O.S. 2358(D)(11) capital gain deduction
tax,us-ok,S21,EXTRACTABLE,ALREADY-HELD,us-ok/statute/2026-07-16-pit-central-us-ok-title-68-r2026-07-24-immutable,us-ok/statute/68-2357,68 O.S. 2357(B)(2) child care / child tax credit
tax,us-ok,S22,EXTRACTABLE,ALREADY-HELD,us-ok/statute/2026-07-16-pit-central-us-ok-title-68-r2026-07-24-immutable,us-ok/statute/68-2357,"68 O.S. 2357(B)(2) $100,000 income limit"
tax,us-ok,S26,EXTRACTABLE,ALREADY-HELD,us-ok/statute/2026-07-16-pit-central-us-ok-title-68-r2026-07-24-immutable,us-ok/statute/68-2908,68 O.S. 2908 property tax relief credit claimed on the return
tax,us-ok,S33,EXTRACTABLE,ALREADY-HELD,us-ok/statute/2026-07-16-pit-central-us-ok-title-68-r2026-07-24-immutable,us-ok/statute/68-2368,68 O.S. 2368 persons required to make returns
tax,us-or,S13,EXTRACTABLE,ALREADY-HELD,us-or/statute/2026-07-16-pit-west-us-or-chapter-316,us-or/statute/316.680,ORS 316.680(2)(a) other-state obligation interest addition
tax,us-or,S21,EXTRACTABLE,ALREADY-HELD,us-or/statute/2026-07-13-recovery,us-or/statute/315.264/block-1,ORS 315.264 Oregon Kids Credit (released 2026-07-13-recovery scope) (held in the selected scope 2026-07-13-recovery)
tax,us-or,S22,EXTRACTABLE,ALREADY-HELD,us-or/statute/2026-07-13-recovery,us-or/statute/315.264/block-1,ORS 315.264 phase-out and refundability (held in the selected scope 2026-07-13-recovery)
tax,us-or,S26,EXTRACTABLE,REVIEW,us-or/statute/2026-07-16-pit-west-us-or-chapter-316,,ORS 310.630-310.706 elderly rental assistance is outside chapter 316; candidate N/A on the return; chapter held in the selected scope
tax,us-or,S35,EXTRACTABLE,REVIEW,us-or/statute/2026-07-16-pit-west-us-or-chapter-316,,Oregon has no state-authorized local income tax (Multnomah/Metro taxes are local ordinances); candidate N/A; chapter held in the selected scope
tax,us-pa,S06,EXTRACTABLE,ALREADY-HELD,us-pa/statute/2026-07-16-pit-west-us-pa-act-1971-2-article-3,us-pa/statute/act-1971-2/article-3/section-302,72 P.S. 7302 imposition of tax (3.07 per cent)
tax,us-pa,S10,EXTRACTABLE,REVIEW,us-pa/statute/2026-07-16-pit-west-us-pa-act-1971-2-article-3,,Pennsylvania has no personal exemption; candidate N/A; chapter held in the selected scope
tax,us-pa,S12,EXTRACTABLE,REVIEW,us-pa/statute/2026-07-16-pit-west-us-pa-act-1971-2-article-3,,Pennsylvania has no age/blind deduction; candidate N/A; chapter held in the selected scope
tax,us-pa,S13,EXTRACTABLE,REVIEW,us-pa/statute/2026-07-16-pit-west-us-pa-act-1971-2-article-3,,other-state obligation interest is taxable interest under 72 P.S. 7303(a)(3); not located by pattern; chapter held in the selected scope
tax,us-pa,S15,EXTRACTABLE,REVIEW,us-pa/statute/2026-07-16-pit-west-us-pa-act-1971-2-article-3,,Social Security is excluded by 72 P.S. 7303(a)(7)? not located by pattern; chapter held in the selected scope
tax,us-pa,S16,EXTRACTABLE,REVIEW,us-pa/statute/2026-07-16-pit-west-us-pa-act-1971-2-article-3,,retirement income is excluded from the compensation class (72 P.S. 7301(d)); not located by pattern; chapter held in the selected scope
tax,us-pa,S17,EXTRACTABLE,REVIEW,us-pa/statute/2026-07-16-pit-west-us-pa-act-1971-2-article-3,,active-duty military pay exclusion 72 P.S. 7301(d); not located by pattern; chapter held in the selected scope
tax,us-pa,S23,EXTRACTABLE,REVIEW,us-pa/statute/2026-07-16-pit-west-us-pa-act-1971-2-article-3,,candidate us-pa/statute/act-1971-2/article-3/section-314.1 not found in any selected statute scope; 72 P.S. 7314.1 child and dependent care enhancement credit
tax,us-pa,S24,EXTRACTABLE,ALREADY-HELD,us-pa/statute/2026-07-16-pit-west-us-pa-act-1971-2-article-3,us-pa/statute/act-1971-2/article-3/section-314,72 P.S. 7314 credit for taxes paid to other states
tax,us-pa,S26,EXTRACTABLE,EXTRACTABLE,us-pa/statute/2026-07-16-pit-west-us-pa-act-1971-2-article-3,,"Property Tax/Rent Rebate is the Senior Citizens Rebate and Assistance Act (53 P.S. 6926.1301 et seq., Act 1 of 2006 ch. 13), outside article III; carrier: pennsylvania-unconsolidated-statutes adapter"
tax,us-pa,S27,EXTRACTABLE,REVIEW,us-pa/statute/2026-07-16-pit-west-us-pa-act-1971-2-article-3,,"article III personal credits (314, 314.1) in scope; others not located by pattern; chapter held in the selected scope"
tax,us-pa,S35,EXTRACTABLE,EXTRACTABLE,us-pa/statute/2026-07-16-pit-west-us-pa-act-1971-2-article-3,,"Local Tax Enabling Act (Act 511 of 1965, 53 P.S. 6924.101 et seq.), outside article III; carrier: pennsylvania-unconsolidated-statutes adapter act_year 1965 act_number 511"
tax,us-ri,S19,EXTRACTABLE,ALREADY-HELD,us-ri/statute/2026-07-16-pit-west-us-ri-chapter-44-30,us-ri/statute/44-30-2.6,R.I.G.L. 44-30-2.6(c)(2)(N) earned income credit
tax,us-ri,S20,EXTRACTABLE,ALREADY-HELD,us-ri/statute/2026-07-16-pit-west-us-ri-chapter-44-30,us-ri/statute/44-30-2.6,R.I.G.L. 44-30-2.6(c)(2)(N) EITC terms
tax,us-ri,S26,EXTRACTABLE,ALREADY-HELD,us-ri/statute/2026-07-16-pit-west-us-ri-chapter-44-30,us-ri/statute/44-30-2.6,R.I.G.L. 44-30-2.6(c)(2)(b) property tax relief credit (44-33 outside)
tax,us-ri,S27,EXTRACTABLE,ALREADY-HELD,us-ri/statute/2026-07-16-pit-west-us-ri-chapter-44-30,us-ri/statute/44-30-2.6,R.I.G.L. 44-30-2.6(c)(2) other credits
tax,us-sc,S07,EXTRACTABLE,ALREADY-HELD,us-sc/statute/2026-07-13-recovery,us-sc/statute/12-6-520,S.C. Code 12-6-520 bracket indexing (held in the selected scope 2026-07-13-recovery)
tax,us-sc,S12,EXTRACTABLE,ALREADY-HELD,us-sc/statute/2026-07-24-sc-act110-us-sc-title-12-chapter-6,us-sc/statute/12-6-1170,S.C. Code 12-6-1170 age-65 retirement/income deduction
tax,us-sc,S13,EXTRACTABLE,ALREADY-HELD,us-sc/statute/2026-07-24-sc-act110-us-sc-title-12-chapter-6,us-sc/statute/12-6-1120,S.C. Code 12-6-1120(1) other-state bond interest
tax,us-sc,S23,EXTRACTABLE,ALREADY-HELD,us-sc/statute/2026-07-24-sc-act110-us-sc-title-12-chapter-6,us-sc/statute/12-6-3380,S.C. Code 12-6-3380 child and dependent care credit (7%)
tax,us-sc,S26,EXTRACTABLE,REVIEW,us-sc/statute/2026-07-24-sc-act110-us-sc-title-12-chapter-6,,South Carolina has no income-tax circuit breaker; candidate N/A; chapter held in the selected scope
tax,us-sc,S31,EXTRACTABLE,EXTRACTABLE,us-sc/statute/2026-07-24-sc-act110-us-sc-title-12-chapter-6,,"withholding is S.C. Code chapter 12-8, outside chapter 12-6; carrier: south-carolina-code adapter chapter 8"
tax,us-sc,S32,EXTRACTABLE,ALREADY-HELD,us-sc/statute/2026-07-24-sc-act110-us-sc-title-12-chapter-6,us-sc/statute/12-6-3910,S.C. Code 12-6-3910 estimated tax
tax,us-ut,S14,EXTRACTABLE,ALREADY-HELD,us-ut/statute/2026-09-14-income-tax-chapter-title-59,us-ut/statute/59-10-114,Utah Code 59-10-114(2)(a) U.S. obligation interest subtraction
tax,us-ut,S16,EXTRACTABLE,ALREADY-HELD,us-ut/statute/2026-09-14-income-tax-chapter-title-59,us-ut/statute/59-10-1019,Utah Code 59-10-1019 retirement credit
tax,us-ut,S21,EXTRACTABLE,ALREADY-HELD,us-ut/statute/2026-09-14-income-tax-chapter-title-59,us-ut/statute/59-10-1018,Utah Code 59-10-1018 taxpayer tax credit (dependents); 59-10-1047 child tax credit
tax,us-ut,S22,EXTRACTABLE,ALREADY-HELD,us-ut/statute/2026-09-14-income-tax-chapter-title-59,us-ut/statute/59-10-1018,Utah Code 59-10-1018 phase-out
tax,us-ut,S26,EXTRACTABLE,REVIEW,us-ut/statute/2026-09-14-income-tax-chapter-title-59,,candidate us-ut/statute/59-2-1202 not found in any selected statute scope; Utah Code 59-2-1202 et seq. circuit breaker (title 59 scope)
tax,us-ut,S32,EXTRACTABLE,REVIEW,us-ut/statute/2026-09-14-income-tax-chapter-title-59,,candidate us-ut/statute/59-10-1207 not found in any selected statute scope; Utah Code 59-10-1207? estimated tax; 59-1-401 penalties
tax,us-va,S08,EXTRACTABLE,ALREADY-HELD,us-va/statute/2026-09-14-income-tax-chapter,us-va/statute/58.1/58.1-322.03,Va. Code 58.1-322.03(1) standard deduction
tax,us-va,S11,EXTRACTABLE,ALREADY-HELD,us-va/statute/2026-09-14-income-tax-chapter,us-va/statute/58.1/58.1-322.03,Va. Code 58.1-322.03(2) personal and dependent exemptions ($930)
tax,us-va,S16,EXTRACTABLE,ALREADY-HELD,us-va/statute/2026-09-14-income-tax-chapter,us-va/statute/58.1/58.1-322.02,Va. Code 58.1-322.02 subtractions (retirement)
tax,us-va,S19,EXTRACTABLE,ALREADY-HELD,us-va/statute/2026-09-14-income-tax-chapter,us-va/statute/58.1/58.1-339.8,Va. Code 58.1-339.8 low income / earned income credit
tax,us-va,S20,EXTRACTABLE,ALREADY-HELD,us-va/statute/2026-09-14-income-tax-chapter,us-va/statute/58.1/58.1-339.8,Va. Code 58.1-339.8 refundable EITC terms
tax,us-va,S23,EXTRACTABLE,ALREADY-HELD,us-va/statute/2026-09-14-income-tax-chapter,us-va/statute/58.1/58.1-322.03,Va. Code 58.1-322.03(11) child and dependent care deduction
tax,us-vt,S10,EXTRACTABLE,ALREADY-HELD,us-vt/statute/2026-07-16-pit-central-us-vt-title-32-chapter-151,us-vt/statute/32-5811,"32 V.S.A. 5811(21) personal exemption $4,150"
tax,us-vt,S12,EXTRACTABLE,REVIEW,us-vt/statute/2026-07-16-pit-central-us-vt-title-32-chapter-151,,Vermont has no age-65 exemption; candidate N/A; chapter held in the selected scope
tax,us-vt,S21,EXTRACTABLE,ALREADY-HELD,us-vt/statute/2026-07-16-pit-central-us-vt-title-32-chapter-151,us-vt/statute/32-5830f,32 V.S.A. 5830f Vermont child tax credit
tax,us-vt,S26,EXTRACTABLE,EXTRACTABLE,us-vt/statute/2026-07-16-pit-central-us-vt-title-32-chapter-151,,"renter credit and property tax credit are 32 V.S.A. chapter 154 (6066 et seq.), outside chapter 151; carrier: vermont-statutes adapter chapter 154"
tax,us-vt,S27,EXTRACTABLE,ALREADY-HELD,us-vt/statute/2026-07-16-pit-central-us-vt-title-32-chapter-151,us-vt/statute/32-5822,32 V.S.A. 5822(d) and 5830c credits
tax,us-wa,S19,EXTRACTABLE,EXTRACTABLE,us-wa/statute/2026-07-16-pit-central-us-wa-title-82.87,,"Working Families Tax Credit is RCW 82.08.0206, outside chapter 82.87; carrier: washington-rcw adapter chapter 82.08 (section 82.08.0206)"
tax,us-wi,S07,EXTRACTABLE,ALREADY-HELD,us-wi/statute/2026-07-16-pit-west-chapter-71,us-wi/statute/71.06,Wis. Stat. 71.06(2e) bracket indexing
tax,us-wi,S13,EXTRACTABLE,ALREADY-HELD,us-wi/statute/2026-07-16-pit-west-chapter-71,us-wi/statute/71.05,Wis. Stat. 71.05(6)(a)1 other-state bond interest addition
tax,us-wi,S25,EXTRACTABLE,ALREADY-HELD,us-wi/statute/2026-07-16-pit-west-chapter-71,us-wi/statute/71.07,Wis. Stat. 71.07(5m) working families tax credit
tax,us-wv,S11,EXTRACTABLE,ALREADY-HELD,us-wv/statute/2026-07-13-recovery,us-wv/statute/11-21-16,"W. Va. Code 11-21-16 personal exemptions ($2,000) (held in the selected scope 2026-07-13-recovery)"
tax,us-wv,S12,EXTRACTABLE,ALREADY-HELD,us-wv/statute/2026-07-16-pit-west-us-wv-chapter-11-article-21,us-wv/statute/11-21-12,W. Va. Code 11-21-12(c)(8) senior citizen modification
tax,us-wv,S23,EXTRACTABLE,ALREADY-HELD,us-wv/statute/2026-07-16-pit-west-us-wv-chapter-11-article-21,us-wv/statute/11-21-26,W. Va. Code 11-21-26 child and dependent care credit
tax,us-wv,S33,EXTRACTABLE,ALREADY-HELD,us-wv/statute/2026-07-16-pit-west-us-wv-chapter-11-article-21,us-wv/statute/11-21-51,W. Va. Code 11-21-51 returns and liabilities
tax,us-wv,S35,EXTRACTABLE,EXTRACTABLE,us-wv/statute/2026-07-16-pit-west-us-wv-chapter-11-article-21,,"municipal user fees are W. Va. Code 8-13-13, outside article 11-21; carrier: west-virginia-code adapter chapter 8"
tax,us-ar,R01,EXTRACTABLE,OUTREACH,,,"codeofarrules.arkansas.gov answers a 13 KB JavaScript shell with no rule text for the income-tax part (re-probed once 2026-09-14, HTTP 200, 11 links, 0 PDFs); DFA rules page 404"
tax,us-dc,R01,EXTRACTABLE,OUTREACH,,,"dcregs.dc.gov RuleList for 9 DCMR chapter 1 (HTTP 200, 196 KB, 199 links, 0 files) opens rule text only through __doPostBack; no GET URL (re-probed once 2026-09-14)"
tax,us-de,R01,EXTRACTABLE,ABSENT,,,"regulations.delaware.gov API title list (HTTP 200, titles 1-29) has no revenue/finance title; the Division of Revenue issues Technical Information Memoranda, not codified income-tax regulations (re-probed once 2026-09-14)"
tax,us-md,R01,EXTRACTABLE,ALREADY-HELD,us-md/regulation/2026-09-10-ssi-state-supplement-publication-2026-09-09-title-07-subtitle-03-chapters-06-07-r2026-09-14-chapter-03-title-03-subtitle-04-consolidated,us-md/regulation/title-03/subtitle-04,"COMAR 03.04 (income tax, 15 chapters, 91 regulations) is in the selected consolidated scope (107 title-03/subtitle-04 rows); the check keyed on scope names"
tax,us-nj,R01,EXTRACTABLE,OUTREACH,,,"N.J.A.C. 18:35 is published only through LexisNexis (OAL public-access page, HTTP 200); nj.gov treasury regulations page 404 (re-probed once 2026-09-14)"
tax,us-oh,R01,EXTRACTABLE,ALREADY-HELD,us-oh/regulation/2026-07-16-agency-5101-4-r2026-09-11-5101-1-5122-36-r2026-09-14-5703-7-consolidated,us-oh/regulation/agency-5703/chapter-5703-7,"OAC 5703-7 (income tax, 14 rules) is in the selected consolidated scope (16 rows); the check keyed on scope names"
tax,us-or,R01,EXTRACTABLE,ALREADY-HELD,us-or/regulation/2026-09-10-tanf-state-policy-manual-chapter-461-r2026-09-14-150-316-consolidated,us-or/regulation/chapter-150/division-316,OAR 150-316 (145 rules) is in the selected consolidated scope; the check keyed on scope names
tax,us-ut,R01,EXTRACTABLE,OUTREACH,,,adminrules.utah.gov is a JavaScript application; the public rule and search paths answer 404/empty to GET (re-probed once 2026-09-14); the R865-9I file id is only exposed in the browser
tax,us-az,F01,EXTRACTABLE,PRESENT,us-az/form/2026-09-15-income-tax-forms-ty2025,us-az/form/azdor/ty2025/form-140,new: Arizona Form 140 Resident Personal Income Tax Return (2025)
tax,us-az,F02,EXTRACTABLE,PRESENT,us-az/form/2026-09-15-income-tax-forms-ty2025,us-az/form/azdor/ty2025/form-140-instructions,new: Arizona Form 140 2025 Resident Personal Income Tax Return Instructions
tax,us-az,F03,EXTRACTABLE,PRESENT,us-az/form/2026-09-15-income-tax-forms-ty2025,us-az/form/azdor/ty2025/form-140-instructions,new: Arizona Form 140 2025 Resident Personal Income Tax Return Instructions; the tax table / rate schedule is printed inside this document (no separate product on the index)
tax,us-az,F04,EXTRACTABLE,PRESENT,us-az/form/2026-09-15-income-tax-forms-ty2025,us-az/form/azdor/ty2025/form-140-instructions,new: Arizona Form 140 2025 Resident Personal Income Tax Return Instructions
tax,us-az,F05,EXTRACTABLE,PRESENT,us-az/form/2026-09-15-income-tax-forms-ty2025,us-az/form/azdor/ty2025/form-140-instructions,new: Arizona Form 140 2025 Resident Personal Income Tax Return Instructions
tax,us-ca,F01,EXTRACTABLE,PRESENT,us-ca/form/2026-09-15-income-tax-forms-ty2025,us-ca/form/ftb/ty2025/form-540,new: 2025 Form 540 California Resident Income Tax Return
tax,us-ca,F02,EXTRACTABLE,PRESENT,us-ca/form/2026-09-15-income-tax-forms-ty2025,us-ca/form/ftb/ty2025/form-540-booklet,"new: 2025 Personal Income Tax Booklet, California 540 Forms & Instructions"
tax,us-ca,F04,EXTRACTABLE,PRESENT,us-ca/form/2026-09-15-income-tax-forms-ty2025,us-ca/form/ftb/ty2025/form-540-booklet,"new: 2025 Personal Income Tax Booklet, California 540 Forms & Instructions"
tax,us-ca,F05,EXTRACTABLE,PRESENT,us-ca/form/2026-09-15-income-tax-forms-ty2025,us-ca/form/ftb/ty2025/form-540-booklet,"new: 2025 Personal Income Tax Booklet, California 540 Forms & Instructions"
tax,us-ct,F01,EXTRACTABLE,PRESENT,us-ct/form/2026-09-15-income-tax-forms-ty2025,us-ct/form/drs/ty2025/ct-1040,new: Form CT-1040 Connecticut Resident Income Tax Return (2025)
tax,us-ct,F02,EXTRACTABLE,PRESENT,us-ct/form/2026-09-15-income-tax-forms-ty2025,us-ct/form/drs/ty2025/ct-1040-instructions,new: 2025 Form CT-1040 Connecticut Resident Income Tax Return Instructions (Rev. 12/25)
tax,us-ct,F03,EXTRACTABLE,PRESENT,us-ct/form/2026-09-15-income-tax-forms-ty2025,us-ct/form/drs/ty2025/ct-1040-tcs,new: Form CT-1040 TCS 2025 Tax Calculation Schedule
tax,us-ct,F04,EXTRACTABLE,PRESENT,us-ct/form/2026-09-15-income-tax-forms-ty2025,us-ct/form/drs/ty2025/ct-1040-instructions,new: 2025 Form CT-1040 Connecticut Resident Income Tax Return Instructions (Rev. 12/25)
tax,us-ct,F05,EXTRACTABLE,PRESENT,us-ct/form/2026-09-15-income-tax-forms-ty2025,us-ct/form/drs/ty2025/ct-1040-instructions,new: 2025 Form CT-1040 Connecticut Resident Income Tax Return Instructions (Rev. 12/25)
tax,us-hi,F01,EXTRACTABLE,PRESENT,us-hi/form/2026-09-15-income-tax-forms-ty2025,us-hi/form/dotax/ty2025/form-n-11,"new: Form N-11 Hawaii Individual Income Tax Return, Resident (Rev. 2025)"
tax,us-hi,F03,EXTRACTABLE,PRESENT,us-hi/form/2026-09-15-income-tax-forms-ty2025,us-hi/form/dotax/ty2025/tax-tables,"new: 2025 Tax Tables, taxable income of less than $100,000 (from the N-11 booklet)"
tax,us-hi,F04,EXTRACTABLE,PRESENT,us-hi/form/2026-09-15-income-tax-forms-ty2025,us-hi/form/dotax/ty2025/form-n-11-instructions,"new: 2025 N-11 Instructions, Hawaii Resident Income Tax (Rev. 2025)"
tax,us-hi,F05,EXTRACTABLE,PRESENT,us-hi/form/2026-09-15-income-tax-forms-ty2025,us-hi/form/dotax/ty2025/form-n-11-instructions,"new: 2025 N-11 Instructions, Hawaii Resident Income Tax (Rev. 2025)"
tax,us-il,F01,EXTRACTABLE,PRESENT,us-il/form/2026-09-15-income-tax-forms-ty2025,us-il/form/idor/ty2025/form-il-1040,new: 2025 Form IL-1040 Individual Income Tax Return
tax,us-il,F02,EXTRACTABLE,PRESENT,us-il/form/2026-09-15-income-tax-forms-ty2025,us-il/form/idor/ty2025/form-il-1040-instructions,new: 2025 Form IL-1040 Instructions
tax,us-il,F03,EXTRACTABLE,PRESENT,us-il/form/2026-09-15-income-tax-forms-ty2025,us-il/form/idor/ty2025/form-il-1040-instructions,new: 2025 Form IL-1040 Instructions; the tax table / rate schedule is printed inside this document (no separate product on the index)
tax,us-il,F04,EXTRACTABLE,PRESENT,us-il/form/2026-09-15-income-tax-forms-ty2025,us-il/form/idor/ty2025/form-il-1040-instructions,new: 2025 Form IL-1040 Instructions
tax,us-il,F05,EXTRACTABLE,PRESENT,us-il/form/2026-09-15-income-tax-forms-ty2025,us-il/form/idor/ty2025/form-il-1040-instructions,new: 2025 Form IL-1040 Instructions
tax,us-ks,F01,EXTRACTABLE,PRESENT,us-ks/form/2026-09-15-income-tax-forms-ty2025,us-ks/form/kdor/ty2025/form-k-40,new: K-40 2025 Kansas Individual Income Tax
tax,us-ks,F02,EXTRACTABLE,PRESENT,us-ks/form/2026-09-15-income-tax-forms-ty2025,us-ks/form/kdor/ty2025/individual-income-tax-instruction-booklet,new: 2025 Individual Income Tax Instruction Booklet (K-40 instructions and tax tables)
tax,us-ks,F03,EXTRACTABLE,PRESENT,us-ks/form/2026-09-15-income-tax-forms-ty2025,us-ks/form/kdor/ty2025/individual-income-tax-instruction-booklet,new: 2025 Individual Income Tax Instruction Booklet (K-40 instructions and tax tables); the tax table / rate schedule is printed inside this document (no separate product on the index)
tax,us-ks,F04,EXTRACTABLE,PRESENT,us-ks/form/2026-09-15-income-tax-forms-ty2025,us-ks/form/kdor/ty2025/individual-income-tax-instruction-booklet,new: 2025 Individual Income Tax Instruction Booklet (K-40 instructions and tax tables)
tax,us-ks,F05,EXTRACTABLE,PRESENT,us-ks/form/2026-09-15-income-tax-forms-ty2025,us-ks/form/kdor/ty2025/individual-income-tax-instruction-booklet,new: 2025 Individual Income Tax Instruction Booklet (K-40 instructions and tax tables)
tax,us-la,F01,EXTRACTABLE,PRESENT,us-la/form/2026-09-15-income-tax-forms-ty2025,us-la/form/ldr/ty2025/form-it-540,"new: 2025 Louisiana Resident Income Tax Return, Form IT-540 (web, 2D barcode)"
tax,us-la,F02,EXTRACTABLE,PRESENT,us-la/form/2026-09-15-income-tax-forms-ty2025,us-la/form/ldr/ty2025/form-it-540-instructions,"new: 2025 Louisiana Resident Income Tax Return Instructions, Form IT-540 (revised 7/26)"
tax,us-la,F03,EXTRACTABLE,PRESENT,us-la/form/2026-09-15-income-tax-forms-ty2025,us-la/form/ldr/ty2025/form-it-540-instructions,"new: 2025 Louisiana Resident Income Tax Return Instructions, Form IT-540 (revised 7/26); the tax table / rate schedule is printed inside this document (no separate product on the index)"
tax,us-la,F04,EXTRACTABLE,PRESENT,us-la/form/2026-09-15-income-tax-forms-ty2025,us-la/form/ldr/ty2025/form-it-540-instructions,"new: 2025 Louisiana Resident Income Tax Return Instructions, Form IT-540 (revised 7/26)"
tax,us-la,F05,EXTRACTABLE,PRESENT,us-la/form/2026-09-15-income-tax-forms-ty2025,us-la/form/ldr/ty2025/form-it-540-instructions,"new: 2025 Louisiana Resident Income Tax Return Instructions, Form IT-540 (revised 7/26)"
tax,us-ma,F01,EXTRACTABLE,PRESENT,us-ma/form/2026-09-15-income-tax-forms-ty2025,us-ma/form/dor/ty2025/form-1,new: 2025 Form 1 Massachusetts Resident Income Tax Return
tax,us-ma,F02,EXTRACTABLE,PRESENT,us-ma/form/2026-09-15-income-tax-forms-ty2025,us-ma/form/dor/ty2025/form-1-instructions,"new: 2025 Form 1 Instructions, Massachusetts Resident Income Tax"
tax,us-ma,F03,EXTRACTABLE,PRESENT,us-ma/form/2026-09-15-income-tax-forms-ty2025,us-ma/form/dor/ty2025/form-1-instructions,"new: 2025 Form 1 Instructions, Massachusetts Resident Income Tax; the tax table / rate schedule is printed inside this document (no separate product on the index)"
tax,us-ma,F04,EXTRACTABLE,PRESENT,us-ma/form/2026-09-15-income-tax-forms-ty2025,us-ma/form/dor/ty2025/form-1-instructions,"new: 2025 Form 1 Instructions, Massachusetts Resident Income Tax"
tax,us-ma,F05,EXTRACTABLE,PRESENT,us-ma/form/2026-09-15-income-tax-forms-ty2025,us-ma/form/dor/ty2025/form-1-instructions,"new: 2025 Form 1 Instructions, Massachusetts Resident Income Tax"
tax,us-me,F01,EXTRACTABLE,PRESENT,us-me/form/2026-09-15-income-tax-forms-ty2025,us-me/form/mrs/ty2025/form-1040me,new: 2025 Form 1040ME Maine Individual Income Tax
tax,us-me,F02,EXTRACTABLE,PRESENT,us-me/form/2026-09-15-income-tax-forms-ty2025,us-me/form/mrs/ty2025/form-1040me-general-instructions,new: 2025 Form 1040ME General Instructions (with cover page)
tax,us-me,F03,EXTRACTABLE,PRESENT,us-me/form/2026-09-15-income-tax-forms-ty2025,us-me/form/mrs/ty2025/tax-tables,new: 2025 Maine Income Tax Table
tax,us-me,F04,EXTRACTABLE,PRESENT,us-me/form/2026-09-15-income-tax-forms-ty2025,us-me/form/mrs/ty2025/form-1040me-general-instructions,new: 2025 Form 1040ME General Instructions (with cover page)
tax,us-me,F05,EXTRACTABLE,PRESENT,us-me/form/2026-09-15-income-tax-forms-ty2025,us-me/form/mrs/ty2025/form-1040me-general-instructions,new: 2025 Form 1040ME General Instructions (with cover page)
tax,us-mi,F01,EXTRACTABLE,PRESENT,us-mi/form/2026-09-15-income-tax-forms-ty2025,us-mi/form/treasury/ty2025/form-mi-1040,new: 2025 MI-1040 Michigan Individual Income Tax Return
tax,us-mi,F02,EXTRACTABLE,PRESENT,us-mi/form/2026-09-15-income-tax-forms-ty2025,us-mi/form/treasury/ty2025/mi-1040-book,new: 2025 Michigan Individual Income Tax Forms and Instructions (MI-1040 Book)
tax,us-mi,F03,EXTRACTABLE,PRESENT,us-mi/form/2026-09-15-income-tax-forms-ty2025,us-mi/form/treasury/ty2025/mi-1040-book,new: 2025 Michigan Individual Income Tax Forms and Instructions (MI-1040 Book); the tax table / rate schedule is printed inside this document (no separate product on the index)
tax,us-mi,F04,EXTRACTABLE,PRESENT,us-mi/form/2026-09-15-income-tax-forms-ty2025,us-mi/form/treasury/ty2025/mi-1040-book,new: 2025 Michigan Individual Income Tax Forms and Instructions (MI-1040 Book)
tax,us-mi,F05,EXTRACTABLE,PRESENT,us-mi/form/2026-09-15-income-tax-forms-ty2025,us-mi/form/treasury/ty2025/mi-1040-book,new: 2025 Michigan Individual Income Tax Forms and Instructions (MI-1040 Book)
tax,us-mn,F01,EXTRACTABLE,PRESENT,us-mn/form/2026-09-15-income-tax-forms-ty2025,us-mn/form/department-of-revenue/ty2025/form-m1,"new: 2025 Form M1, Minnesota Individual Income Tax"
tax,us-mn,F02,EXTRACTABLE,PRESENT,us-mn/form/2026-09-15-income-tax-forms-ty2025,us-mn/form/department-of-revenue/ty2025/form-m1-instructions,new: 2025 Minnesota Individual Income Tax Instructions (Form M1)
tax,us-mn,F03,EXTRACTABLE,PRESENT,us-mn/form/2026-09-15-income-tax-forms-ty2025,us-mn/form/department-of-revenue/ty2025/form-m1-instructions,new: 2025 Minnesota Individual Income Tax Instructions (Form M1); the tax table / rate schedule is printed inside this document (no separate product on the index)
tax,us-mn,F04,EXTRACTABLE,PRESENT,us-mn/form/2026-09-15-income-tax-forms-ty2025,us-mn/form/department-of-revenue/ty2025/form-m1-instructions,new: 2025 Minnesota Individual Income Tax Instructions (Form M1)
tax,us-mn,F05,EXTRACTABLE,PRESENT,us-mn/form/2026-09-15-income-tax-forms-ty2025,us-mn/form/department-of-revenue/ty2025/form-m1-instructions,new: 2025 Minnesota Individual Income Tax Instructions (Form M1)
tax,us-mo,F01,EXTRACTABLE,PRESENT,us-mo/form/2026-09-15-income-tax-forms-ty2025,us-mo/form/dor/ty2025/form-mo-1040,"new: 2025 Form MO-1040 Individual Income Tax Return, Long Form (fillable calculating)"
tax,us-mo,F02,EXTRACTABLE,PRESENT,us-mo/form/2026-09-15-income-tax-forms-ty2025,us-mo/form/dor/ty2025/form-mo-1040-instructions,new: 2025 Form MO-1040 Individual Income Tax Long Form Instructions
tax,us-mo,F03,EXTRACTABLE,PRESENT,us-mo/form/2026-09-15-income-tax-forms-ty2025,us-mo/form/dor/ty2025/tax-chart,new: 2025 Tax Chart (Missouri individual income tax)
tax,us-mo,F04,EXTRACTABLE,PRESENT,us-mo/form/2026-09-15-income-tax-forms-ty2025,us-mo/form/dor/ty2025/form-mo-1040-instructions,new: 2025 Form MO-1040 Individual Income Tax Long Form Instructions
tax,us-mo,F05,EXTRACTABLE,PRESENT,us-mo/form/2026-09-15-income-tax-forms-ty2025,us-mo/form/dor/ty2025/form-mo-1040-instructions,new: 2025 Form MO-1040 Individual Income Tax Long Form Instructions
tax,us-nc,F01,EXTRACTABLE,PRESENT,us-nc/form/2026-09-15-income-tax-forms-ty2025,us-nc/form/ncdor/ty2025/form-d-400,new: 2025 Form D-400 North Carolina Individual Income Tax Return (web-fill version)
tax,us-nc,F02,EXTRACTABLE,PRESENT,us-nc/form/2026-09-15-income-tax-forms-ty2025,us-nc/form/ncdor/ty2025/form-d-401-instructions,new: 2025 Form D-401 North Carolina Individual Income Tax Instructions
tax,us-nc,F03,EXTRACTABLE,PRESENT,us-nc/form/2026-09-15-income-tax-forms-ty2025,us-nc/form/ncdor/ty2025/form-d-401-instructions,new: 2025 Form D-401 North Carolina Individual Income Tax Instructions; the tax table / rate schedule is printed inside this document (no separate product on the index)
tax,us-nc,F04,EXTRACTABLE,PRESENT,us-nc/form/2026-09-15-income-tax-forms-ty2025,us-nc/form/ncdor/ty2025/form-d-401-instructions,new: 2025 Form D-401 North Carolina Individual Income Tax Instructions
tax,us-nc,F05,EXTRACTABLE,PRESENT,us-nc/form/2026-09-15-income-tax-forms-ty2025,us-nc/form/ncdor/ty2025/form-d-401-instructions,new: 2025 Form D-401 North Carolina Individual Income Tax Instructions
tax,us-nd,F01,EXTRACTABLE,PRESENT,us-nd/form/2026-09-15-income-tax-forms-ty2025,us-nd/form/otc/ty2025/form-nd-1,new: 2025 Form ND-1 Individual Income Tax Return
tax,us-nd,F02,EXTRACTABLE,PRESENT,us-nd/form/2026-09-15-income-tax-forms-ty2025,us-nd/form/otc/ty2025/individual-income-tax-booklet,new: 2025 North Dakota Individual Income Tax Booklet (Form ND-1 instructions and tables)
tax,us-nd,F03,EXTRACTABLE,PRESENT,us-nd/form/2026-09-15-income-tax-forms-ty2025,us-nd/form/otc/ty2025/individual-income-tax-booklet,new: 2025 North Dakota Individual Income Tax Booklet (Form ND-1 instructions and tables); the tax table / rate schedule is printed inside this document (no separate product on the index)
tax,us-ne,F01,EXTRACTABLE,PRESENT,us-ne/form/2026-09-15-income-tax-forms-ty2025,us-ne/form/dor/ty2025/form-1040n,"new: Nebraska Individual Income Tax Return, Form 1040N (2025)"
tax,us-ne,F02,EXTRACTABLE,PRESENT,us-ne/form/2026-09-15-income-tax-forms-ty2025,us-ne/form/dor/ty2025/individual-income-tax-booklet,new: 2025 Nebraska Individual Income Tax and Amended Return Booklet
tax,us-ne,F03,EXTRACTABLE,PRESENT,us-ne/form/2026-09-15-income-tax-forms-ty2025,us-ne/form/dor/ty2025/tax-table,new: 2025 Nebraska Tax Table
tax,us-ne,F04,EXTRACTABLE,PRESENT,us-ne/form/2026-09-15-income-tax-forms-ty2025,us-ne/form/dor/ty2025/individual-income-tax-booklet,new: 2025 Nebraska Individual Income Tax and Amended Return Booklet
tax,us-ne,F05,EXTRACTABLE,PRESENT,us-ne/form/2026-09-15-income-tax-forms-ty2025,us-ne/form/dor/ty2025/individual-income-tax-booklet,new: 2025 Nebraska Individual Income Tax and Amended Return Booklet
tax,us-ny,F01,EXTRACTABLE,PRESENT,us-ny/form/2026-09-15-income-tax-forms-ty2025,us-ny/form/tax/ty2025/it-201,"new: Form IT-201 Resident Income Tax Return, full year January 1, 2025, through December 31, 2025"
tax,us-oh,F01,EXTRACTABLE,PRESENT,us-oh/form/2026-09-15-income-tax-forms-ty2025,us-oh/form/odt/ty2025/form-it-1040,"new: 2025 Ohio IT 1040 Individual Income Tax Return (original, fillable bundle with schedules)"
tax,us-oh,F02,EXTRACTABLE,PRESENT,us-oh/form/2026-09-15-income-tax-forms-ty2025,us-oh/form/odt/ty2025/it-1040-sd-100-instructions,new: Tax Year 2025 Instructions for Filing Original and Amended Individual Income Tax (IT 1040) and School District Income Tax (SD 100)
tax,us-oh,F03,EXTRACTABLE,PRESENT,us-oh/form/2026-09-15-income-tax-forms-ty2025,us-oh/form/odt/ty2025/it-1040-sd-100-instructions,new: Tax Year 2025 Instructions for Filing Original and Amended Individual Income Tax (IT 1040) and School District Income Tax (SD 100); the tax table / rate schedule is printed inside this document (no separate product on the index)
tax,us-oh,F04,EXTRACTABLE,PRESENT,us-oh/form/2026-09-15-income-tax-forms-ty2025,us-oh/form/odt/ty2025/it-1040-sd-100-instructions,new: Tax Year 2025 Instructions for Filing Original and Amended Individual Income Tax (IT 1040) and School District Income Tax (SD 100)
tax,us-oh,F05,EXTRACTABLE,PRESENT,us-oh/form/2026-09-15-income-tax-forms-ty2025,us-oh/form/odt/ty2025/it-1040-sd-100-instructions,new: Tax Year 2025 Instructions for Filing Original and Amended Individual Income Tax (IT 1040) and School District Income Tax (SD 100)
tax,us-or,F01,EXTRACTABLE,PRESENT,us-or/form/2026-09-15-income-tax-forms-ty2025,us-or/form/dor/ty2025/form-or-40,new: 2025 Form OR-40 Oregon Individual Income Tax Return for Full-year Residents
tax,us-or,F02,EXTRACTABLE,PRESENT,us-or/form/2026-09-15-income-tax-forms-ty2025,us-or/form/dor/ty2025/form-or-40-instructions,"new: 2025 Form OR-40 Instructions, Oregon Individual Income Tax Full-year Resident (updated January 29, 2026)"
tax,us-or,F03,EXTRACTABLE,PRESENT,us-or/form/2026-09-15-income-tax-forms-ty2025,us-or/form/dor/ty2025/form-or-40-instructions,"new: 2025 Form OR-40 Instructions, Oregon Individual Income Tax Full-year Resident (updated January 29, 2026); the tax table / rate schedule is printed inside this document (no separate product on the index)"
tax,us-or,F04,EXTRACTABLE,PRESENT,us-or/form/2026-09-15-income-tax-forms-ty2025,us-or/form/dor/ty2025/form-or-40-instructions,"new: 2025 Form OR-40 Instructions, Oregon Individual Income Tax Full-year Resident (updated January 29, 2026)"
tax,us-or,F05,EXTRACTABLE,PRESENT,us-or/form/2026-09-15-income-tax-forms-ty2025,us-or/form/dor/ty2025/form-or-40-instructions,"new: 2025 Form OR-40 Instructions, Oregon Individual Income Tax Full-year Resident (updated January 29, 2026)"
tax,us-ri,F01,EXTRACTABLE,PRESENT,us-ri/form/2026-09-15-income-tax-forms-ty2025,us-ri/form/tax/ty2025/ri-1040,new: 2025 Form RI-1040 Resident Individual Income Tax Return
tax,us-ri,F02,EXTRACTABLE,PRESENT,us-ri/form/2026-09-15-income-tax-forms-ty2025,us-ri/form/tax/ty2025/ri-1040-instructions,new: 2025 Instructions for Filing RI-1040 (full year Rhode Island residents)
tax,us-ri,F03,EXTRACTABLE,PRESENT,us-ri/form/2026-09-15-income-tax-forms-ty2025,us-ri/form/tax/ty2025/tax-tables,new: 2025 Rhode Island Tax Tables (with the 2025 tax rate schedule)
tax,us-ri,F04,EXTRACTABLE,PRESENT,us-ri/form/2026-09-15-income-tax-forms-ty2025,us-ri/form/tax/ty2025/ri-1040-instructions,new: 2025 Instructions for Filing RI-1040 (full year Rhode Island residents)
tax,us-ri,F05,EXTRACTABLE,PRESENT,us-ri/form/2026-09-15-income-tax-forms-ty2025,us-ri/form/tax/ty2025/ri-1040-instructions,new: 2025 Instructions for Filing RI-1040 (full year Rhode Island residents)
tax,us-sc,F01,EXTRACTABLE,PRESENT,us-sc/form/2026-09-15-income-tax-forms-ty2025,us-sc/form/dor/ty2025/sc1040,new: 2025 SC1040 South Carolina Individual Income Tax Return
tax,us-sc,F02,EXTRACTABLE,PRESENT,us-sc/form/2026-09-15-income-tax-forms-ty2025,us-sc/form/dor/ty2025/sc1040-instructions,"new: SC1040 Instructions 2025, Individual Income Tax Instructions (August 2025)"
tax,us-sc,F03,EXTRACTABLE,PRESENT,us-sc/form/2026-09-15-income-tax-forms-ty2025,us-sc/form/dor/ty2025/sc1040tt,new: 2025 South Carolina Individual Income Tax Tables (revised 6/17/25)
tax,us-sc,F05,EXTRACTABLE,PRESENT,us-sc/form/2026-09-15-income-tax-forms-ty2025,us-sc/form/dor/ty2025/sc1040-instructions,"new: SC1040 Instructions 2025, Individual Income Tax Instructions (August 2025)"
tax,us-va,F01,EXTRACTABLE,PRESENT,us-va/form/2026-09-15-income-tax-forms-ty2025,us-va/form/tax/ty2025/form-760,new: 2025 Virginia Form 760 Resident Income Tax Return
tax,us-va,F02,EXTRACTABLE,PRESENT,us-va/form/2026-09-15-income-tax-forms-ty2025,us-va/form/tax/ty2025/form-760-instructions,new: 2025 Form 760 Resident Individual Income Tax Instructions
tax,us-va,F03,EXTRACTABLE,PRESENT,us-va/form/2026-09-15-income-tax-forms-ty2025,us-va/form/tax/ty2025/tax-table,new: 2025 Virginia Tax Table and Tax Rate Schedule
tax,us-va,F04,EXTRACTABLE,PRESENT,us-va/form/2026-09-15-income-tax-forms-ty2025,us-va/form/tax/ty2025/form-760-instructions,new: 2025 Form 760 Resident Individual Income Tax Instructions
tax,us-va,F05,EXTRACTABLE,PRESENT,us-va/form/2026-09-15-income-tax-forms-ty2025,us-va/form/tax/ty2025/form-760-instructions,new: 2025 Form 760 Resident Individual Income Tax Instructions
tax,us-wi,F01,EXTRACTABLE,PRESENT,us-wi/form/2026-09-15-income-tax-forms-ty2025,us-wi/form/dor/ty2025/form-1,new: 2025 Form 1 Wisconsin Income Tax
tax,us-wi,F02,EXTRACTABLE,PRESENT,us-wi/form/2026-09-15-income-tax-forms-ty2025,us-wi/form/dor/ty2025/form-1-instructions,"new: 2025 Form 1 Instructions, Wisconsin Income Tax"
tax,us-wi,F03,EXTRACTABLE,PRESENT,us-wi/form/2026-09-15-income-tax-forms-ty2025,us-wi/form/dor/ty2025/form-1-instructions,"new: 2025 Form 1 Instructions, Wisconsin Income Tax; the tax table / rate schedule is printed inside this document (no separate product on the index)"
tax,us-wi,F04,EXTRACTABLE,PRESENT,us-wi/form/2026-09-15-income-tax-forms-ty2025,us-wi/form/dor/ty2025/form-1-instructions,"new: 2025 Form 1 Instructions, Wisconsin Income Tax"
tax,us-wi,F05,EXTRACTABLE,PRESENT,us-wi/form/2026-09-15-income-tax-forms-ty2025,us-wi/form/dor/ty2025/form-1-instructions,"new: 2025 Form 1 Instructions, Wisconsin Income Tax"
tax,us-wv,F01,EXTRACTABLE,PRESENT,us-wv/form/2026-09-15-income-tax-forms-ty2025,us-wv/form/tax/ty2025/it-140-forms-and-instructions,new: 2025 West Virginia Personal Income Tax Forms and Instructions (IT-140 booklet)
tax,us-wv,F02,EXTRACTABLE,PRESENT,us-wv/form/2026-09-15-income-tax-forms-ty2025,us-wv/form/tax/ty2025/it-140-forms-and-instructions,new: 2025 West Virginia Personal Income Tax Forms and Instructions (IT-140 booklet)
tax,us-wv,F03,EXTRACTABLE,PRESENT,us-wv/form/2026-09-15-income-tax-forms-ty2025,us-wv/form/tax/ty2025/it-140-tax-table,new: 2025 West Virginia Tax Table
tax,us-wv,F04,EXTRACTABLE,PRESENT,us-wv/form/2026-09-15-income-tax-forms-ty2025,us-wv/form/tax/ty2025/it-140-forms-and-instructions,new: 2025 West Virginia Personal Income Tax Forms and Instructions (IT-140 booklet)
tax,us-ky,F01,EXTRACTABLE,OUTREACH,,,revenue.ky.gov Find a Form is a client-rendered SharePoint search; no 740 URL confirmable from an index (2026-09-14)
tax,us-ky,F02,EXTRACTABLE,OUTREACH,,,revenue.ky.gov Find a Form is a client-rendered SharePoint search; no 740 URL confirmable from an index (2026-09-14)
tax,us-ky,F03,EXTRACTABLE,OUTREACH,,,revenue.ky.gov Find a Form is a client-rendered SharePoint search; no 740 URL confirmable from an index (2026-09-14)
tax,us-ky,F04,EXTRACTABLE,OUTREACH,,,revenue.ky.gov Find a Form is a client-rendered SharePoint search; no 740 URL confirmable from an index (2026-09-14)
tax,us-md,F01,EXTRACTABLE,OUTREACH,,,Comptroller forms live in a client-rendered ServiceNow knowledge base; legacy PDF paths 404 (2026-09-14)
tax,us-md,F02,EXTRACTABLE,OUTREACH,,,Comptroller forms live in a client-rendered ServiceNow knowledge base; legacy PDF paths 404 (2026-09-14)
tax,us-md,F03,EXTRACTABLE,OUTREACH,,,Comptroller forms live in a client-rendered ServiceNow knowledge base; legacy PDF paths 404 (2026-09-14)
tax,us-md,F04,EXTRACTABLE,OUTREACH,,,Comptroller forms live in a client-rendered ServiceNow knowledge base; legacy PDF paths 404 (2026-09-14)
tax,us-md,F05,EXTRACTABLE,OUTREACH,,,Comptroller forms live in a client-rendered ServiceNow knowledge base; legacy PDF paths 404 (2026-09-14)
tax,us-pa,F01,EXTRACTABLE,OUTREACH,,,pa.gov forms listing is a Coveo search with no PA-40 link in served HTML (2026-09-14)
tax,us-pa,F02,EXTRACTABLE,OUTREACH,,,pa.gov forms listing is a Coveo search with no PA-40 link in served HTML (2026-09-14)
tax,us-pa,F03,EXTRACTABLE,OUTREACH,,,pa.gov forms listing is a Coveo search with no PA-40 link in served HTML (2026-09-14)
tax,us-pa,F04,EXTRACTABLE,OUTREACH,,,pa.gov forms listing is a Coveo search with no PA-40 link in served HTML (2026-09-14)
tax,us-co,F01,EXTRACTABLE,ALREADY-HELD,us-co/form/2026-09-10-tax-state-forms-ty2025,us-co/form/cdor/ty2025/dr-0104,check-pattern miss: the 2025 DR 0104 return and DR 0104 Book are in the released scope
tax,us-ia,F01,EXTRACTABLE,ALREADY-HELD,us-ia/form/2026-09-10-tax-state-forms-ty2025,us-ia/form/idr/ty2025/ia-1040,check-pattern miss: the 2025 IA 1040 return (41-001) is in the released scope
tax,us-mt,F04,EXTRACTABLE,ABSENT-IN-CITED,us-mt/form/2026-09-10-tax-state-forms-ty2025,us-mt/form/mtdor/ty2025/form-2-instructions,the 2025 Form 2 instructions reference only the federal standard deduction (Montana starts from federal taxable income since TY2024 and prints no state deduction or exemption amount); candidate N/A for the schema
tax,us-nj,F04,EXTRACTABLE,ALREADY-HELD,us-nj/form/2026-09-10-tax-state-forms-ty2025,us-nj/form/taxation/ty2025/nj-1040-instructions,"check-pattern miss: the NJ-1040 instructions print the $1,000 regular and senior/blind exemptions (New Jersey has no standard deduction)"
tax,us-nm,F04,EXTRACTABLE,ABSENT-IN-CITED,us-nm/form/2026-09-10-tax-state-forms-ty2025,us-nm/form/trd/ty2025/pit-1-instructions,the 2025 PIT-1 instructions reference the federal standard deduction and print no state standard deduction or exemption amount (New Mexico conforms to the federal deduction); candidate N/A
tax,us-vt,F05,EXTRACTABLE,EXTRACTABLE,us-vt/form/2026-09-10-tax-state-forms-ty2025,,"the IN-111 instructions name the Vermont EITC and child tax credit but the parameters are printed in the Schedule IN-112 instructions (tax.vermont.gov 2025 forms index), not taken"
tax,us-wa,F05,EXTRACTABLE,EXTRACTABLE,us-wa/guidance/2026-09-10-tax-state-guidance-ty2025,,"the held DOR capital-gains page carries no Working Families Tax Credit parameters; carrier: workingfamiliescredit.wa.gov (Department of Revenue site, HTTP 200 to the corpus client on 2026-09-14) eligibility page, not taken"
tax,us-al,F06,REVIEW,PRESENT,us-al/guidance/2026-09-14-ty2026-indexed-amounts,us-al/guidance/ador/ty2026/individual-income-tax-filing-information,"department page prints the rate schedule (2%/4%/5%), personal exemptions ($1,500/$3,000) and standard deduction table; Alabama does not index; 2026 Form 40ES prints the estimated-tax thresholds"
tax,us-ar,F06,REVIEW,PRESENT,us-ar/form/2026-09-14-ty2026-indexed-amounts,us-ar/form/dfa/ty2026/ar1000es-instructions,"2026 AR1000ES prints the 2026 rate schedule, standard deduction ($2,470) and personal credits"
tax,us-co,F06,REVIEW,PRESENT,us-co/form/2026-09-14-ty2026-indexed-amounts,us-co/form/cdor/ty2026/dr-0104ep,2026 DR 0104EP prints the flat 4.4% rate; Colorado has no indexed amounts
tax,us-ct,F06,REVIEW,PRESENT,us-ct/form/2026-09-14-ty2026-indexed-amounts,us-ct/form/drs/ty2026/ct-1040es,2026 CT-1040ES prints Table A personal exemptions and Table B rate schedule for 2026
tax,us-dc,F06,REVIEW,OUTREACH,,,otr.cfo.dc.gov answers Access denied (HTTP 403) to every client (2026-09-13; not retried)
tax,us-de,F06,REVIEW,PRESENT,us-de/form/2026-09-14-ty2026-indexed-amounts,us-de/form/dor/ty2026/pit-est-instructions,"2026 PIT-EST prints the rate schedule, standard deduction ($3,250/$6,500), additional deduction and personal credit"
tax,us-ga,F06,REVIEW,PRESENT,us-ga/form/2026-09-14-ty2026-indexed-amounts,us-ga/form/dor/ty2026/500-es,"2026 500-ES prints the standard deduction ($12,000/$24,000), dependent exemption ($4,000) and retirement exclusion; the 2026 rate is referred to the tax booklet"
tax,us-hi,F06,REVIEW,PRESENT,us-hi/guidance/2026-09-14-ty2026-indexed-amounts,us-hi/guidance/dotax/ty2025/tax-tables-and-rate-schedules,"Hawaii brackets and standard deduction step in odd years (Act 46, SLH 2024: TY2025, 2027, 2029); the 2025 tables and rate schedules govern TY2026 and are the latest posted"
tax,us-ia,F06,REVIEW,PRESENT,us-ia/form/2026-09-14-ty2026-indexed-amounts,us-ia/form/idr/ty2026/ia-1040es-instructions,2026 IA 1040ES prints the flat 3.8% rate and the exemption thresholds; the cited 2025 expanded instructions add the 2026 estimated-payment threshold change
tax,us-id,F06,REVIEW,PRESENT,us-id/guidance/2026-09-14-ty2026-indexed-amounts,us-id/guidance/istc/ty2026/epb00744-withholding-percentage-table,"EPB00744 (rev. 2026-07-23) prints the 2026 rate (5.3%) and zero-bracket thresholds ($16,100/$32,200); the rate-schedule page lists 2025 as the latest year (Idaho posts the TY2026 schedule after year end)"
tax,us-md,F06,REVIEW,OUTREACH,,,marylandtaxes.gov serves only a JavaScript knowledge base; no static 2026 document retrievable (2026-09-13/14)
tax,us-mn,F06,REVIEW,PRESENT,us-mn/guidance/2026-09-14-ty2026-indexed-amounts,us-mn/guidance/department-of-revenue/ty2026/inflation-adjusted-amounts,"tax year 2026 inflation-adjusted amounts (brackets, standard deduction, exemptions, credits) and the 2026 rates and brackets page"
tax,us-mo,F06,REVIEW,PRESENT,us-mo/form/2026-09-14-ty2026-indexed-amounts,us-mo/form/dor/ty2026/mo-1040es,2026 MO-1040ES prints the 2026 tax rate chart and standard deductions
tax,us-ms,F06,REVIEW,PRESENT,us-ms/guidance/2026-09-14-ty2026-indexed-amounts,us-ms/guidance/dor/ty2026/general-information,"department page prints the 2025-2027 rate step (2026: 4% over $10,000), exemptions and standard deductions"
tax,us-mt,F06,REVIEW,PRESENT,us-mt/guidance/2026-09-14-ty2026-indexed-amounts,us-mt/guidance/mtdor/ty2026/publication-1,2026 Publication 1 prints the 2026 tax tables (4.7%/5.65%) and worksheets
tax,us-nc,F06,REVIEW,PRESENT,us-nc/guidance/2026-09-14-ty2026-indexed-amounts,us-nc/guidance/ncdor/ty2026/tax-rate-schedules,department page prints the 3.99% rate for taxable years after 2025; North Carolina has no indexed amounts
tax,us-nd,F06,REVIEW,PRESENT,us-nd/form/2026-09-14-ty2026-indexed-amounts,us-nd/form/otc/ty2026/nd-1es,2026 ND-1ES prints the 2026 rate schedules (1.95%/2.5%)
tax,us-nj,F06,REVIEW,PRESENT,us-nj/form/2026-09-14-ty2026-indexed-amounts,us-nj/form/taxation/ty2026/nj-1040-es-instructions,2026 NJ-1040-ES prints the personal exemptions and filing thresholds; New Jersey does not index
tax,us-nm,F06,REVIEW,PRESENT,us-nm/guidance/2026-09-14-ty2026-indexed-amounts,us-nm/guidance/trd/ty2026/fyi-104-withholding-tax,FYI-104 effective 2026-01-01 prints the 2026 withholding rate tables (1.7%-5.9%); New Mexico brackets are statutory and not indexed
tax,us-ny,F06,REVIEW,PRESENT,us-ny/form/2026-09-14-ty2026-indexed-amounts,us-ny/form/tax/ty2026/it-2105-i,"2026 IT-2105-I prints the 2026 standard deduction table, dependent exemption and NYS/NYC rate schedules"
tax,us-oh,F06,REVIEW,ABSENT-IN-CITED,us-oh/guidance/2026-09-14-ty2026-indexed-amounts,us-oh/guidance/odt/ty2025/annual-tax-rates,"the cited department page lists brackets for 2005-2025 only; the 2026 rate (2.75% single rate above $26,050) is carried by ORC 5747.02(A)(3) in us-oh/statute/2026-09-14-income-tax-chapter-us-oh-title-57 (us-oh/statute/5747.02); department page to be re-taken when ODT posts 2026"
tax,us-ok,F06,REVIEW,PRESENT,us-ok/form/2026-09-14-ty2026-indexed-amounts,us-ok/form/otc/ty2026/ow-8-es,"2026 OW-8-ES prints the personal exemption ($1,000); Oklahoma brackets are statutory (68 O.S. 2355 in the selected statute scope) and not indexed"
tax,us-pa,F06,REVIEW,PRESENT,us-pa/form/2026-09-14-ty2026-indexed-amounts,us-pa/form/department-of-revenue/ty2026/rev-413i,"2026 REV-413(I) prints the flat 3.07% rate and the $14,000 estimated-payment threshold"
tax,us-ri,F06,REVIEW,PRESENT,us-ri/form/2026-09-14-ty2026-indexed-amounts,us-ri/form/tax/ty2026/ri-1040es,"2026 RI-1040ES prints the 2026 rate schedule, standard deduction, exemption ($5,250) and phase-out threshold"
tax,us-sc,F06,REVIEW,PRESENT,us-sc/form/2026-09-14-ty2026-indexed-amounts,us-sc/form/dor/ty2026/sc1040es,"2026 SC1040ES prints the 2026 tax computation schedule ($3,640/$18,230 breakpoints)"
tax,us-ut,F06,REVIEW,PRESENT,us-ut/guidance/2026-09-14-ty2026-indexed-amounts,us-ut/guidance/ustc/ty2025/tax-rates,department rates page: 4.5% single rate from 2025-01-01 with no later change posted; Utah has no indexed amounts
tax,us-va,F06,REVIEW,PRESENT,us-va/form/2026-09-14-ty2026-indexed-amounts,us-va/form/tax/ty2026/760es,"2026 760ES prints the rate schedule, personal exemptions and filing thresholds; the deductions page prints the 2026 standard deduction ($8,750/$17,500)"
tax,us-wi,F06,REVIEW,PRESENT,us-wi/form/2026-07-22-wi-form1-es-2026,us-wi/form/individual-income-tax/2026/1-es,released 2026 Form 1-ES instructions print the 2026 rate and standard deduction schedules; the REVIEW is a regex miss
tax,us-wv,F06,REVIEW,PRESENT,us-wv/guidance/2026-09-14-ty2026-indexed-amounts,us-wv/guidance/tax/ty2026/2026-income-tax-rate-cut,"department page prints the 2026 rate schedule (2.11%-4.58%, SB 392) with the March 2026 withholding tables"
