id,jurisdiction,programs,action,new_status,scope_version,citation_path,official_url,note
https://health.alaska.gov/en/education/hr-1-ak-impacts/,us-ak,snap,FETCH,PRESENT,us-ak/guidance/2026-10-06-w6-benefits-guidance-ak,us-ak/guidance/doh/hr-1-ak-impacts,https://health.alaska.gov/en/education/hr-1-ak-impacts/,"Alaska Department of Health, H.R. 1 - AK Impacts"
https://health.alaska.gov/en/services/adult-public-assistance-apa/,us-ak,ssi,FETCH,PRESENT,us-ak/guidance/2026-10-06-w6-benefits-guidance-ak,us-ak/guidance/doh/adult-public-assistance-apa,https://health.alaska.gov/en/services/adult-public-assistance-apa/,"Alaska Department of Health, Adult Public Assistance (APA)"
https://health.alaska.gov/en/services/assisted-living-licensing-and-renewals/,us-ak,ssi,FETCH,PRESENT,us-ak/guidance/2026-10-06-w6-benefits-guidance-ak,us-ak/guidance/doh/assisted-living-licensing-and-renewals,https://health.alaska.gov/en/services/assisted-living-licensing-and-renewals/,"Alaska Department of Health, Assisted Living Licensing and Renewals"
https://health.alaska.gov/en/services/division-of-public-assistance-dpa-services/snap-nutrition-assistance/,us-ak,snap,FETCH,PRESENT,us-ak/guidance/2026-10-06-w6-benefits-guidance-ak,us-ak/guidance/doh/snap-nutrition-assistance,https://health.alaska.gov/en/services/division-of-public-assistance-dpa-services/snap-nutrition-assistance/,"Alaska Department of Health, Supplemental Nutrition Assistance Program (SNAP)"
https://www.akleg.gov/basis/get_documents.asp?session=31&docid=60171,us-ak,ssi,FETCH,PRESENT,us-ak/guidance/2026-10-06-w6-benefits-guidance-ak,us-ak/guidance/dpa/apa/standards/2017-2020,https://www.akleg.gov/basis/get_documents.asp?session=31&docid=60171,"Adult Public Assistance (APA) Need and Maximum Payment Standards, 1/1/2017 to 1/1/2020"
https://www.akleg.gov/basis/statutes.asp,us-ak,ccdf ssi tanf,FETCH,OUT-OF-SCOPE,,,https://www.akleg.gov/basis/statutes.asp,"statute browse landing page ('This page is no longer used'), a list of the 47 titles with no rule text; the title it is cited for is taken as the Title 47 PDF (row 6)"
https://www.akleg.gov/statutesPDF/Title-47.pdf,us-ak,ssi,FETCH,PRESENT,us-ak/statute/2026-10-06-w6-benefits-statute-ak,us-ak/statute/title-47-pdf,https://www.akleg.gov/statutesPDF/Title-47.pdf,"Alaska Statutes Title 47. Welfare, Social Services, and Institutions (Legislature PDF)"
https://www.akleg.gov/statutesPDF/aac%20Title%207.pdf,us-ak,ccdf ssi,FETCH,PRESENT,us-ak/regulation/2026-10-06-w6-benefits-regulation-ak,us-ak/regulation/aac/title-7-pdf,https://www.akleg.gov/statutesPDF/aac%20Title%207.pdf,Alaska Administrative Code Title 7. Health and Social Services (Legislature PDF)
https://admincode.legislature.state.al.us/administrative-code/480-4-3,us-al,ui,FETCH,SKIPPED,,,https://admincode.legislature.state.al.us/administrative-code/480-4-3,"the page is a JavaScript application shell (1,855 bytes); the rule text sits behind the publisher's /api/rule/<rule-number> PDF route (row 9 answers 200), but chapter 480-4-3 has several rules whose numbers were not enumerated in the time box"
https://admincode.legislature.state.al.us/api/rule/660-2-4-.26,us-al,ssi,FETCH,ALREADY-HELD,us-al/regulation/2026-06-30-al-admin-code-660-2-4,us-al/regulation/alabama-administrative-code/660/2/4,https://admincode.legislature.state.al.us/api/rule/660-2-4-.26,660-2-4-.26 Non-SSI Supplementation (SUP) Recipients is on page 13 of the held chapter 660-2-4 PDF (.../660/2/4/page-13)
https://labor.alabama.gov/docs/guides/uc_brr.pdf,us-al,ui,FETCH,PRESENT,us-al/guidance/2026-10-06-w6-benefits-guidance-al,us-al/guidance/adol/uc-benefit-rights-and-responsibilities,https://labor.alabama.gov/docs/guides/uc_brr.pdf,Alabama Unemployment Compensation Benefit Rights and Responsibilities (claimant handbook)
https://oui.doleta.gov/unemploy/pdf/uilawcompar/2023/monetary.pdf,us-al,ui,FETCH,OUT-OF-SCOPE,,,,"US DOL ETA Office of Unemployment Insurance compilation of state UI laws (Comparison of State UI Laws / Significant Provisions of State UI Laws): a federal secondary summary of state law, kept out under the queues' forbidden-sources policy like the SNAP State Options Report; the state statute is the rule source"
https://www.bls.gov/lau/,us-al,ui,FETCH,OUT-OF-SCOPE,,,https://www.bls.gov/lau/,"BLS Local Area Unemployment Statistics: a statistical dataset, not a rule document (also HTTP 403 to the corpus client)"
https://alabamaretail.org/news/unemployment-comp-weeks-weekly-benefits/,us-al,ui,CHECK-PUBLISHER,PRESENT,us-al/statute/2026-10-06-w6-benefits-ui-statute-us-al-title-25,us-al/statute/25-4-72,https://alison.legislature.state.al.us/code-of-alabama?section=25-4-72,"alabamaretail.org is a trade association (third party); the law its article reports (weekly benefit amount and weeks of benefits) is Ala. Code 25-4-72 and 25-4-73, taken from the Legislature's ALISON code service"
https://law.justia.com/codes/alabama/title-25/chapter-4/,us-al,ui,OFFICIAL-SOURCE,PRESENT,us-al/statute/2026-10-06-w6-benefits-ui-statute-us-al-title-25,us-al/statute/title-25/chapter-4,https://alison.legislature.state.al.us/code-of-alabama,Justia mirror of Ala. Code Title 25 Chapter 4; the official chapter is taken whole within Title 25 from ALISON
https://law.justia.com/codes/alabama/title-25/chapter-4/article-4/section-25-4-72/,us-al,ui,OFFICIAL-SOURCE,PRESENT,us-al/statute/2026-10-06-w6-benefits-ui-statute-us-al-title-25,us-al/statute/25-4-72,https://alison.legislature.state.al.us/code-of-alabama?section=25-4-72,Justia mirror; Ala. Code 25-4-72 taken from the Legislature's ALISON code service
https://law.justia.com/codes/alabama/title-25/chapter-4/article-4/section-25-4-73/,us-al,ui,OFFICIAL-SOURCE,PRESENT,us-al/statute/2026-10-06-w6-benefits-ui-statute-us-al-title-25,us-al/statute/25-4-73,https://alison.legislature.state.al.us/code-of-alabama?section=25-4-73,Justia mirror; Ala. Code 25-4-73 taken from the Legislature's ALISON code service
https://law.justia.com/codes/alabama/title-25/chapter-4/article-4/section-25-4-74/,us-al,ui,OFFICIAL-SOURCE,PRESENT,us-al/statute/2026-10-06-w6-benefits-ui-statute-us-al-title-25,us-al/statute/25-4-74,https://alison.legislature.state.al.us/code-of-alabama?section=25-4-74,Justia mirror; Ala. Code 25-4-74 taken from the Legislature's ALISON code service
https://law.justia.com/codes/alabama/title-25/chapter-4/article-4/section-25-4-77/,us-al,ui,OFFICIAL-SOURCE,PRESENT,us-al/statute/2026-10-06-w6-benefits-ui-statute-us-al-title-25,us-al/statute/25-4-77,https://alison.legislature.state.al.us/code-of-alabama?section=25-4-77,Justia mirror; Ala. Code 25-4-77 taken from the Legislature's ALISON code service
https://humanservices.arkansas.gov/wp-content/uploads/Recent-Rules-Filing-SNAP-6000-Deductions.pdf,us-ar,snap,FETCH,ALREADY-HELD,us-ar/manual/2026-09-11-ar-snap-manual-supersede,us-ar/manual/dhs/snap-policy-manual,https://humanservices.arkansas.gov/wp-content/uploads/Recent-Rules-Filing-SNAP-6000-Deductions.pdf,"the bundle's file is the 01/01/2021 rules filing of SNAP manual section 6000 Deductions; the current section 6100 (SNAP Manual 07/01/2026) is page 282 of the held whole-manual scope (also 2026-07-16-ar-snap-manual, 04/02/2026)"
http://www.arkansas.gov/dhs/webpolicy/Food%20Stamp%20Certification/FSC6100_new.htm,us-ar,snap,DEAD-LINK,ALREADY-HELD,us-ar/manual/2026-09-11-ar-snap-manual-supersede,us-ar/manual/dhs/snap-policy-manual,https://humanservices.arkansas.gov/,arkansas.gov/dhs/webpolicy redirects to humanservices.arkansas.gov/webpolicy (HTTP 403/404); FSC 6100 (Deductions) and FSC 7100 (Determining Eligibility/Prospective Budgeting) are pages 282 and 314 of the held current SNAP manual
http://www.arkansas.gov/dhs/webpolicy/Food%20Stamp%20Certification/FSC7100_new.htm,us-ar,snap,DEAD-LINK,ALREADY-HELD,us-ar/manual/2026-09-11-ar-snap-manual-supersede,us-ar/manual/dhs/snap-policy-manual,https://humanservices.arkansas.gov/,arkansas.gov/dhs/webpolicy redirects to humanservices.arkansas.gov/webpolicy (HTTP 403/404); FSC 6100 (Deductions) and FSC 7100 (Determining Eligibility/Prospective Budgeting) are pages 282 and 314 of the held current SNAP manual
us-az/manual/des/faa5/benefit-calculation-amounts,us-az,snap,EXTRACT-MANIFEST,OUTREACH,,,,"dbmefaapolicy.azdes.gov answered HTTP 403 with a Cloudflare 'Just a moment...' challenge (5,804 bytes, cf-mitigated) to the plain and browser-UA corpus client on 2026-10-06 (FAA5 index probe); the same wall was recorded on 2026-09-13 and 2026-09-14 (chrome120 also challenged); durable bot challenge, not worked around"
us-az/manual/des/faa5/benefit-replacement-and-ebt-cards,us-az,snap,EXTRACT-MANIFEST,OUTREACH,,,,"dbmefaapolicy.azdes.gov answered HTTP 403 with a Cloudflare 'Just a moment...' challenge (5,804 bytes, cf-mitigated) to the plain and browser-UA corpus client on 2026-10-06 (FAA5 index probe); the same wall was recorded on 2026-09-13 and 2026-09-14 (chrome120 also challenged); durable bot challenge, not worked around"
us-az/manual/des/faa5/determining-benefits,us-az,snap,EXTRACT-MANIFEST,OUTREACH,,,,"dbmefaapolicy.azdes.gov answered HTTP 403 with a Cloudflare 'Just a moment...' challenge (5,804 bytes, cf-mitigated) to the plain and browser-UA corpus client on 2026-10-06 (FAA5 index probe); the same wall was recorded on 2026-09-13 and 2026-09-14 (chrome120 also challenged); durable bot challenge, not worked around"
us-az/manual/des/faa5/determining-na-benefits,us-az,snap,EXTRACT-MANIFEST,OUTREACH,,,,"dbmefaapolicy.azdes.gov answered HTTP 403 with a Cloudflare 'Just a moment...' challenge (5,804 bytes, cf-mitigated) to the plain and browser-UA corpus client on 2026-10-06 (FAA5 index probe); the same wall was recorded on 2026-09-13 and 2026-09-14 (chrome120 also challenged); durable bot challenge, not worked around"
us-az/manual/des/faa5/ebt-benefit-issuance-and-availability,us-az,snap,EXTRACT-MANIFEST,OUTREACH,,,,"dbmefaapolicy.azdes.gov answered HTTP 403 with a Cloudflare 'Just a moment...' challenge (5,804 bytes, cf-mitigated) to the plain and browser-UA corpus client on 2026-10-06 (FAA5 index probe); the same wall was recorded on 2026-09-13 and 2026-09-14 (chrome120 also challenged); durable bot challenge, not worked around"
us-az/manual/des/faa5/electronic-benefit-transfer-ebt-quest-card,us-az,snap,EXTRACT-MANIFEST,OUTREACH,,,,"dbmefaapolicy.azdes.gov answered HTTP 403 with a Cloudflare 'Just a moment...' challenge (5,804 bytes, cf-mitigated) to the plain and browser-UA corpus client on 2026-10-06 (FAA5 index probe); the same wall was recorded on 2026-09-13 and 2026-09-14 (chrome120 also challenged); durable bot challenge, not worked around"
us-az/manual/des/faa5/expenses,us-az,snap,EXTRACT-MANIFEST,OUTREACH,,,,"dbmefaapolicy.azdes.gov answered HTTP 403 with a Cloudflare 'Just a moment...' challenge (5,804 bytes, cf-mitigated) to the plain and browser-UA corpus client on 2026-10-06 (FAA5 index probe); the same wall was recorded on 2026-09-13 and 2026-09-14 (chrome120 also challenged); durable bot challenge, not worked around"
us-az/manual/des/faa5/general-ebt-usage-for-na,us-az,snap,EXTRACT-MANIFEST,OUTREACH,,,,"dbmefaapolicy.azdes.gov answered HTTP 403 with a Cloudflare 'Just a moment...' challenge (5,804 bytes, cf-mitigated) to the plain and browser-UA corpus client on 2026-10-06 (FAA5 index probe); the same wall was recorded on 2026-09-13 and 2026-09-14 (chrome120 also challenged); durable bot challenge, not worked around"
us-az/manual/des/faa5/na-approval-periods,us-az,snap,EXTRACT-MANIFEST,OUTREACH,,,,"dbmefaapolicy.azdes.gov answered HTTP 403 with a Cloudflare 'Just a moment...' challenge (5,804 bytes, cf-mitigated) to the plain and browser-UA corpus client on 2026-10-06 (FAA5 index probe); the same wall was recorded on 2026-09-13 and 2026-09-14 (chrome120 also challenged); durable bot challenge, not worked around"
us-az/manual/des/faa5/na-farmer-s-market-project,us-az,snap,EXTRACT-MANIFEST,OUTREACH,,,,"dbmefaapolicy.azdes.gov answered HTTP 403 with a Cloudflare 'Just a moment...' challenge (5,804 bytes, cf-mitigated) to the plain and browser-UA corpus client on 2026-10-06 (FAA5 index probe); the same wall was recorded on 2026-09-13 and 2026-09-14 (chrome120 also challenged); durable bot challenge, not worked around"
us-az/manual/des/faa5/na-restaurant-meals-program,us-az,snap,EXTRACT-MANIFEST,OUTREACH,,,,"dbmefaapolicy.azdes.gov answered HTTP 403 with a Cloudflare 'Just a moment...' challenge (5,804 bytes, cf-mitigated) to the plain and browser-UA corpus client on 2026-10-06 (FAA5 index probe); the same wall was recorded on 2026-09-13 and 2026-09-14 (chrome120 also challenged); durable bot challenge, not worked around"
us-az/manual/des/faa5/online-ebt-purchasing,us-az,snap,EXTRACT-MANIFEST,OUTREACH,,,,"dbmefaapolicy.azdes.gov answered HTTP 403 with a Cloudflare 'Just a moment...' challenge (5,804 bytes, cf-mitigated) to the plain and browser-UA corpus client on 2026-10-06 (FAA5 index probe); the same wall was recorded on 2026-09-13 and 2026-09-14 (chrome120 also challenged); durable bot challenge, not worked around"
us-az/manual/des/faa5/replacement-issuance-of-stolen-benefits,us-az,snap,EXTRACT-MANIFEST,OUTREACH,,,,"dbmefaapolicy.azdes.gov answered HTTP 403 with a Cloudflare 'Just a moment...' challenge (5,804 bytes, cf-mitigated) to the plain and browser-UA corpus client on 2026-10-06 (FAA5 index probe); the same wall was recorded on 2026-09-13 and 2026-09-14 (chrome120 also challenged); durable bot challenge, not worked around"
us-az/manual/des/faa5/replacement-issuance-of-used-na-benefits,us-az,snap,EXTRACT-MANIFEST,OUTREACH,,,,"dbmefaapolicy.azdes.gov answered HTTP 403 with a Cloudflare 'Just a moment...' challenge (5,804 bytes, cf-mitigated) to the plain and browser-UA corpus client on 2026-10-06 (FAA5 index probe); the same wall was recorded on 2026-09-13 and 2026-09-14 (chrome120 also challenged); durable bot challenge, not worked around"
us-az/manual/des/faa5/replacement-of-benefits,us-az,snap,EXTRACT-MANIFEST,OUTREACH,,,,"dbmefaapolicy.azdes.gov answered HTTP 403 with a Cloudflare 'Just a moment...' challenge (5,804 bytes, cf-mitigated) to the plain and browser-UA corpus client on 2026-10-06 (FAA5 index probe); the same wall was recorded on 2026-09-13 and 2026-09-14 (chrome120 also challenged); durable bot challenge, not worked around"
us-az/manual/des/faa5/special-participant-ebt-usage,us-az,snap,EXTRACT-MANIFEST,OUTREACH,,,,"dbmefaapolicy.azdes.gov answered HTTP 403 with a Cloudflare 'Just a moment...' challenge (5,804 bytes, cf-mitigated) to the plain and browser-UA corpus client on 2026-10-06 (FAA5 index probe); the same wall was recorded on 2026-09-13 and 2026-09-14 (chrome120 also challenged); durable bot challenge, not worked around"
us-az/manual/des/faa5/using-benefits,us-az,snap,EXTRACT-MANIFEST,OUTREACH,,,,"dbmefaapolicy.azdes.gov answered HTTP 403 with a Cloudflare 'Just a moment...' challenge (5,804 bytes, cf-mitigated) to the plain and browser-UA corpus client on 2026-10-06 (FAA5 index probe); the same wall was recorded on 2026-09-13 and 2026-09-14 (chrome120 also challenged); durable bot challenge, not worked around"
us-az/manual/des/faa5/worw-purpose,us-az,snap,EXTRACT-MANIFEST,OUTREACH,,,,"dbmefaapolicy.azdes.gov answered HTTP 403 with a Cloudflare 'Just a moment...' challenge (5,804 bytes, cf-mitigated) to the plain and browser-UA corpus client on 2026-10-06 (FAA5 index probe); the same wall was recorded on 2026-09-13 and 2026-09-14 (chrome120 also challenged); durable bot challenge, not worked around"
us-az/regulation/aac/6/14,us-az,snap,EXTRACT-MANIFEST,OUTREACH,,,https://apps.azsos.gov/public_services/Title_06/6-14.pdf,"apps.azsos.gov (Arizona Secretary of State, A.A.C. publisher) answered HTTP 403 with a Cloudflare 'Just a moment...' challenge (5,823 bytes) to the plain and browser-UA corpus client; not worked around"
us-az/statute/46,us-az,snap,FETCH,SKIPPED,,,https://www.azleg.gov/arsDetail/?title=46,"azleg.gov answers 200: the page is the Title 46 (Welfare) table of sections; taking the title means fetching its several hundred section pages, not reached in the time box"
us-az/manual/des/faa3/arizona-residency,us-az,snap,BLOCKED-CHECK,OUTREACH,,,,"dbmefaapolicy.azdes.gov answered HTTP 403 with a Cloudflare 'Just a moment...' challenge (5,804 bytes, cf-mitigated) to the plain and browser-UA corpus client on 2026-10-06 (FAA5 index probe); the same wall was recorded on 2026-09-13 and 2026-09-14 (chrome120 also challenged); durable bot challenge, not worked around"
us-az/manual/des/faa3/na-qualified-noncitizens,us-az,snap,BLOCKED-CHECK,OUTREACH,,,,"dbmefaapolicy.azdes.gov answered HTTP 403 with a Cloudflare 'Just a moment...' challenge (5,804 bytes, cf-mitigated) to the plain and browser-UA corpus client on 2026-10-06 (FAA5 index probe); the same wall was recorded on 2026-09-13 and 2026-09-14 (chrome120 also challenged); durable bot challenge, not worked around"
us-az/manual/des/faa3/residents-of-institutions-for-na,us-az,snap,BLOCKED-CHECK,OUTREACH,,,,"dbmefaapolicy.azdes.gov answered HTTP 403 with a Cloudflare 'Just a moment...' challenge (5,804 bytes, cf-mitigated) to the plain and browser-UA corpus client on 2026-10-06 (FAA5 index probe); the same wall was recorded on 2026-09-13 and 2026-09-14 (chrome120 also challenged); durable bot challenge, not worked around"
us-az/manual/des/faa4/income-eligibility-requirements,us-az,snap,BLOCKED-CHECK,OUTREACH,,,,"dbmefaapolicy.azdes.gov answered HTTP 403 with a Cloudflare 'Just a moment...' challenge (5,804 bytes, cf-mitigated) to the plain and browser-UA corpus client on 2026-10-06 (FAA5 index probe); the same wall was recorded on 2026-09-13 and 2026-09-14 (chrome120 also challenged); durable bot challenge, not worked around"
us-az/manual/des/faa4/na-resources,us-az,snap,BLOCKED-CHECK,OUTREACH,,,,"dbmefaapolicy.azdes.gov answered HTTP 403 with a Cloudflare 'Just a moment...' challenge (5,804 bytes, cf-mitigated) to the plain and browser-UA corpus client on 2026-10-06 (FAA5 index probe); the same wall was recorded on 2026-09-13 and 2026-09-14 (chrome120 also challenged); durable bot challenge, not worked around"
us-az/manual/des/faa6/maximum-na-resource-limit,us-az,snap,BLOCKED-CHECK,OUTREACH,,,,"dbmefaapolicy.azdes.gov answered HTTP 403 with a Cloudflare 'Just a moment...' challenge (5,804 bytes, cf-mitigated) to the plain and browser-UA corpus client on 2026-10-06 (FAA5 index probe); the same wall was recorded on 2026-09-13 and 2026-09-14 (chrome120 also challenged); durable bot challenge, not worked around"
us-az/manual/des/faa6/na-200-percent-fpl-standard,us-az,snap,BLOCKED-CHECK,OUTREACH,,,,"dbmefaapolicy.azdes.gov answered HTTP 403 with a Cloudflare 'Just a moment...' challenge (5,804 bytes, cf-mitigated) to the plain and browser-UA corpus client on 2026-10-06 (FAA5 index probe); the same wall was recorded on 2026-09-13 and 2026-09-14 (chrome120 also challenged); durable bot challenge, not worked around"
us-az/manual/des/faa6/na-elderly-disability-standard,us-az,snap,BLOCKED-CHECK,OUTREACH,,,,"dbmefaapolicy.azdes.gov answered HTTP 403 with a Cloudflare 'Just a moment...' challenge (5,804 bytes, cf-mitigated) to the plain and browser-UA corpus client on 2026-10-06 (FAA5 index probe); the same wall was recorded on 2026-09-13 and 2026-09-14 (chrome120 also challenged); durable bot challenge, not worked around"
us-az/manual/des/faa6/na-gross-monthly-income-standard,us-az,snap,BLOCKED-CHECK,OUTREACH,,,,"dbmefaapolicy.azdes.gov answered HTTP 403 with a Cloudflare 'Just a moment...' challenge (5,804 bytes, cf-mitigated) to the plain and browser-UA corpus client on 2026-10-06 (FAA5 index probe); the same wall was recorded on 2026-09-13 and 2026-09-14 (chrome120 also challenged); durable bot challenge, not worked around"
us-az/manual/des/faa6/na-net-monthly-income-standard,us-az,snap,BLOCKED-CHECK,OUTREACH,,,,"dbmefaapolicy.azdes.gov answered HTTP 403 with a Cloudflare 'Just a moment...' challenge (5,804 bytes, cf-mitigated) to the plain and browser-UA corpus client on 2026-10-06 (FAA5 index probe); the same wall was recorded on 2026-09-13 and 2026-09-14 (chrome120 also challenged); durable bot challenge, not worked around"
us-az/policy/des/faa2/2026-abawd-geographic-waiver-bulletin,us-az,snap,BLOCKED-CHECK,OUTREACH,,,,"dbmefaapolicy.azdes.gov answered HTTP 403 with a Cloudflare 'Just a moment...' challenge (5,804 bytes, cf-mitigated) to the plain and browser-UA corpus client on 2026-10-06 (FAA5 index probe); the same wall was recorded on 2026-09-13 and 2026-09-14 (chrome120 also challenged); durable bot challenge, not worked around"
us-ca/guidance/cdss/acl-2024-24-59,us-ca,snap,EXTRACT-MANIFEST,PRESENT,us-ca/guidance/2026-10-06-w6-benefits-guidance-ca,us-ca/guidance/cdss/acl-2024-24-59,https://cdss.ca.gov/Portals/9/Additional-Resources/Letters-and-Notices/ACLs/2024/24-59.pdf?ver=2024-08-19-094023-573,manifest entry copied from manifests/us-ca-cdss-acl-guidance.yaml
us-ca/guidance/cdss/acl-2006-06-31,us-ca,snap,EXTRACT-MANIFEST,PRESENT,us-ca/guidance/2026-10-06-w6-benefits-guidance-ca,us-ca/guidance/cdss/acl-2006-06-31,https://www.cdss.ca.gov/lettersnotices/entres/getinfo/acl06/pdf/06-31.pdf,manifest entry copied from manifests/us-ca-cdss-acl-06-31.yaml
https://www.cdss.ca.gov/Portals/9/Additional-Resources/Letters-and-Notices/ACLs/2025/25-79.pdf,us-ca,snap,FETCH,PRESENT,us-ca/guidance/2026-10-06-w6-benefits-guidance-ca,us-ca/guidance/cdss/acl-2025-25-79,https://www.cdss.ca.gov/Portals/9/Additional-Resources/Letters-and-Notices/ACLs/2025/25-79.pdf,CDSS All County Letter No. 25-79
https://www.cdss.ca.gov/Portals/9/Additional-Resources/Letters-and-Notices/ACLs/2025/25-92.pdf,us-ca,snap,FETCH,PRESENT,us-ca/guidance/2026-10-06-w6-benefits-guidance-ca,us-ca/guidance/cdss/acl-2025-25-92,https://www.cdss.ca.gov/Portals/9/Additional-Resources/Letters-and-Notices/ACLs/2025/25-92.pdf,CDSS All County Letter No. 25-92
https://www.cdss.ca.gov/Portals/9/Additional-Resources/Letters-and-Notices/ACLs/2025/25-93.pdf,us-ca,snap,FETCH,PRESENT,us-ca/guidance/2026-10-06-w6-benefits-guidance-ca,us-ca/guidance/cdss/acl-2025-25-93,https://www.cdss.ca.gov/Portals/9/Additional-Resources/Letters-and-Notices/ACLs/2025/25-93.pdf,CDSS All County Letter No. 25-93
https://www.cdss.ca.gov/Portals/9/Additional-Resources/Letters-and-Notices/ACLs/2026/26-15.pdf,us-ca,snap,FETCH,PRESENT,us-ca/guidance/2026-10-06-w6-benefits-guidance-ca,us-ca/guidance/cdss/acl-2026-26-15,https://www.cdss.ca.gov/Portals/9/Additional-Resources/Letters-and-Notices/ACLs/2026/26-15.pdf,CDSS All County Letter No. 26-15
https://www.cdss.ca.gov/getinfo/acl06/pdf/06-31.pdf,us-ca,snap,FETCH,PRESENT,us-ca/guidance/2026-10-06-w6-benefits-guidance-ca,us-ca/guidance/cdss/acl-2006-06-31,https://www.cdss.ca.gov/lettersnotices/entres/getinfo/acl06/pdf/06-31.pdf,"the same 31-page file (412,441 bytes, byte-identical) under the publisher's older path"
https://law.justia.com/codes/california/code-wic/division-9/part-3/chapter-3/article-4/,us-ca,ssi,OFFICIAL-SOURCE,SKIPPED,,,,"Justia mirror of Cal. Welf. & Inst. Code Div. 9, Part 3, Ch. 3, Art. 4; official text is leginfo.legislature.ca.gov through the `extract-california-code-sections` adapter (WIC 12200 is already held, row 61); the rest of the article was not reached in the time box"
https://leginfo.legislature.ca.gov/faces/codes_displaySection.xhtml?lawCode=WIC&sectionNum=12200,us-ca,snap ssi,BLOCKED-CHECK,ALREADY-HELD,us-ca/statute/2026-06-27-ca-ssi-ssp-wic-12200-us-ca-sections-wic-12200,us-ca/statute/wic/12200,https://leginfo.legislature.ca.gov/faces/codes_displaySection.xhtml?lawCode=WIC&sectionNum=12200,held through the California LegInfo adapter (the plain client gets 403 from leginfo)
https://www.fns.usda.gov/sites/default/files/resource-files/co-snap-foodRestrictionWaiverMod.pdf,us-co,snap,EXTRACT-MANIFEST,ALREADY-HELD,us-co/policy/2026-07-21-co-snap-policy,us-co/policy/co-fns-food-restriction-waiver-modification-2026-01-23,,the manifest's document is in the held scope (inventory source_url matches; scope selected in us-rulespec-snap-2026-07-21)
https://www.fns.usda.gov/sites/default/files/resource-files/co-snap-foodrestrictionwaiver-modification.pdf,us-co,snap,EXTRACT-MANIFEST,ALREADY-HELD,us-co/policy/2026-07-21-co-snap-policy,us-co/policy/co-fns-food-restriction-waiver-modification-2026-05-11,,the manifest's document is in the held scope (inventory source_url matches; scope selected in us-rulespec-snap-2026-07-21)
https://www.fns.usda.gov/sites/default/files/resource-files/snap-foodrestrictionWaiverApproval-colorado.pdf,us-co,snap,EXTRACT-MANIFEST,ALREADY-HELD,us-co/policy/2026-07-21-co-snap-policy,us-co/policy/co-fns-food-restriction-waiver-approval-2025,,the manifest's document is in the held scope (inventory source_url matches; scope selected in us-rulespec-snap-2026-07-21)
https://portal.ct.gov/-/media/Departments-and-Agencies/DSS/Fact-Sheets-and-Issue-Briefs/Fact-Sheets/DSS-Program-Standards-Chart-Effective-7-1-2022-1.xlsx,us-ct,ssi,FETCH,PRESENT,us-ct/guidance/2026-10-06-w6-benefits-guidance-ct,us-ct/guidance/dss/program-standards-chart,https://portal.ct.gov/dss/-/media/departments-and-agencies/dss/fact-sheets-and-issue-briefs/fact-sheets/dss-program-standards-chart.pdf,the bundle's 7-1-2022 xlsx edition now redirects to the portal's 404 page; this is the publisher's current edition of the same chart
https://portal.ct.gov/dss/-/media/departments-and-agencies/dss/fact-sheets-and-issue-briefs/fact-sheets/dss-program-standards-chart.pdf,us-ct,ssi tanf,FETCH,PRESENT,us-ct/guidance/2026-10-06-w6-benefits-guidance-ct,us-ct/guidance/dss/program-standards-chart,https://portal.ct.gov/dss/-/media/departments-and-agencies/dss/fact-sheets-and-issue-briefs/fact-sheets/dss-program-standards-chart.pdf,DSS Program Standards Chart: Income Limits & Standards for DSS Benefit Programs (as of 10/1/2025)
https://www.ctdssmap.com/CTPortal/Information/Get/UPM,us-ct,ssi,CHECK-PUBLISHER,ALREADY-HELD,us-ct/policy/2026-09-14-tanf-manual-whole,us-ct/policy/dss/upm,https://portal.ct.gov/dss/-/media/departments-and-agencies/dss/upms/upm0---table-of-contents/0100.doc,"ctdssmap.com is the CT Medical Assistance Program provider portal (DSS fiscal agent); its UPM page links no manual text. The DSS Uniform Policy Manual itself is held whole (3,129 rows) from DSS's own portal.ct.gov files"
https://www.cga.ct.gov/current/pub/chap_319s.htm,us-ct,ssi,DEAD-LINK,ALREADY-HELD,us-ct/statute/2026-09-14-income-tax-chapter-title-17b,us-ct/statute/17b-100,https://www.cga.ct.gov/current/pub/chap_319s.htm,the held Title 17b scope was built from this chapter page (inventory source_url matches; sections 17b-100 ff.)
https://dhs.dc.gov/page/give-snap-raise-heres-what-expect,us-dc,income_tax snap,FETCH,PRESENT,us-dc/guidance/2026-10-06-w6-benefits-guidance-dc,us-dc/guidance/dhs/give-snap-a-raise,https://dhs.dc.gov/page/give-snap-raise-heres-what-expect,Give SNAP A Raise: Here's What to Expect (DC DHS)
https://doee.dc.gov/liheap,us-dc,liheap,FETCH,PRESENT,us-dc/guidance/2026-10-06-w6-benefits-guidance-dc,us-dc/guidance/doee/liheap,https://doee.dc.gov/liheap,"Receive Assistance With Your Utility Bills (LIHEAP), DC DOEE"
https://archive.regulations.delaware.gov/register/june2010/final/13%20DE%20Reg%201550%2006-01-10.htm,us-de,snap,FETCH,PRESENT,us-de/rulemaking/2026-10-06-w6-benefits-rulemaking-de,us-de/rulemaking/register/2010-06/13-de-reg-1550,https://archive.regulations.delaware.gov/register/june2010/final/13%20DE%20Reg%201550%2006-01-10.htm,"13 DE Reg. 1550 (06/01/10), Final: DSSM 9059 Income Exclusions (Food Supplement Program)"
https://regulations.delaware.gov/register/august2005/proposed/9%20DE%20Reg%20168%2008-01-05.htm,us-de,snap,FETCH,PRESENT,us-de/rulemaking/2026-10-06-w6-benefits-rulemaking-de,us-de/rulemaking/register/2005-08/9-de-reg-168,https://regulations.delaware.gov/register/august2005/proposed/9%20DE%20Reg%20168%2008-01-05.htm,"9 DE Reg. 168 (08/01/05), Proposed: Self-Employment Income (Division of Social Services)"
https://www.law.cornell.edu/regulations/delaware/16-Del-Admin-Code-SS-9000-9059,us-de,snap,OFFICIAL-SOURCE,ALREADY-HELD,us-de/regulation/2026-07-17-de-snap-rules,us-de/regulation/title-16/9000-food-stamp-program,https://regulations.delaware.gov/AdminCode/title16/,Cornell LII mirror of 16 Del. Admin. Code 9000-9059; the official DSSM 9000 Food Benefit Program rules are held
https://www.flsenate.gov/Session/Bill/2024/5001,us-fl,ssi,FETCH,PRESENT,us-fl/statute/2026-10-06-w6-benefits-statute-fl,us-fl/statute/session-laws/2024/hb5001,https://www.flsenate.gov/Session/Bill/2024/5001,"Florida HB 5001 (2024), General Appropriations Act, enrolled text"
https://www.myflfamilies.com/sites/default/files/2024-06/Appendix%20A-12.pdf,us-fl,ssi,DEAD-LINK,ALREADY-HELD,us-fl/manual/2026-05-27-fl-ess-manual-r2026-07-15-self-contained,us-fl/manual/dcf/ess-program-policy-manual/appendix-a-12-state-funded-programs-eligibility-standards,https://www.myflfamilies.com/services/public-assistance/additional-resources-and-services/ess-program-manual,the dated upload paths answer 404; Appendix A-12 State Funded Programs Eligibility Standards is held in the ESS manual scope
https://www.myflfamilies.com/sites/default/files/2025-05/Appendix%20A-12%20-%20State%20Funded%20Programs%20Eligibility%20Standards.pdf,us-fl,ssi,DEAD-LINK,ALREADY-HELD,us-fl/manual/2026-05-27-fl-ess-manual-r2026-07-15-self-contained,us-fl/manual/dcf/ess-program-policy-manual/appendix-a-12-state-funded-programs-eligibility-standards,https://www.myflfamilies.com/services/public-assistance/additional-resources-and-services/ess-program-manual,the dated upload paths answer 404; Appendix A-12 State Funded Programs Eligibility Standards is held in the ESS manual scope
https://humanservices.hawaii.gov/changes-to-able-bodied-adult-work-requirements-for-snap-faqs/,us-hi,snap,FETCH,PRESENT,us-hi/guidance/2026-10-06-w6-benefits-guidance-hi,us-hi/guidance/dhs/changes-to-abawd-work-requirements-for-snap-faqs,https://humanservices.hawaii.gov/changes-to-able-bodied-adult-work-requirements-for-snap-faqs/,Changes to Able-Bodied Adult Work Requirements for SNAP: FAQs (Hawaii DHS)
https://humanservices.hawaii.gov/federal-snap-work-requirement-changes-to-begin-department-of-human-services-offers-guidance-and-resources/,us-hi,snap,FETCH,PRESENT,us-hi/guidance/2026-10-06-w6-benefits-guidance-hi,us-hi/guidance/dhs/federal-snap-work-requirement-changes-to-begin,https://humanservices.hawaii.gov/federal-snap-work-requirement-changes-to-begin-department-of-human-services-offers-guidance-and-resources/,Federal SNAP Work Requirement Changes to Begin (Hawaii DHS)
http://hawaii.gov/dhs/main/har/har_current/676.pdf,us-hi,snap,DEAD-LINK,ALREADY-HELD,us-hi/regulation/2026-07-03-hi-tanf-admin-rules,us-hi/regulation/har/17/676,,hawaii.gov/dhs/main/har read-timed out; HAR chapter 17-676 Income is held (also in the HI SNAP rules scopes)
http://www.dhs.state.ia.us:80/policyanalysis/policymanualpages/Manual_Documents/Master/7-f.pdf,us-ia,snap,DEAD-LINK,ALREADY-HELD,us-ia/manual/2026-07-17-ia-snap-manual,us-ia/manual/hhs/em/7-f,,the dhs.state.ia.us path answers 404 (esp.dhs.state.ia.us); Employees' Manual Title 7 Chapter F is held from Iowa HHS
https://adminrules.idaho.gov/rules/2022%20Archive/16/160305.pdf,us-id,ssi,FETCH,ALREADY-HELD,us-id/regulation/2026-07-04-id-aabd-rules,us-id/regulation/idapa/16/03/05,https://adminrules.idaho.gov/rules/current/16/160305.pdf,the bundle's file is the 2022 archive edition of IDAPA 16.03.05; the current edition is held section by section
https://www.law.cornell.edu/regulations/idaho/IDAPA-16.03.05.514,us-id,ssi,OFFICIAL-SOURCE,ALREADY-HELD,us-id/regulation/2026-07-04-id-aabd-rules,us-id/regulation/idapa/16/03/05/514,https://adminrules.idaho.gov/rules/current/16/160305.pdf,Cornell LII mirror; IDAPA 16.03.05.514 is held from the official rules PDF
us-il/manual/dhs/csmm/149614,us-il,snap,EXTRACT-MANIFEST,PRESENT,us-il/manual/2026-10-06-w6-benefits-manual-il,us-il/manual/dhs/csmm/149614,https://www.dhs.state.il.us/page.aspx?item=149614,manifest entry copied from manifests/us-il-dhs-mr-23-22.yaml
https://dceo.illinois.gov/communityservices/utilitybillassistance.html,us-il,liheap,FETCH,PRESENT,us-il/guidance/2026-10-06-w6-benefits-guidance-il,us-il/guidance/dceo/utility-bill-assistance,https://dceo.illinois.gov/communityservices/utilitybillassistance.html,"Utility Bill Assistance (Illinois DCEO, LIHEAP)"
https://dceo.illinois.gov/communityservices/utilitybillassistance/faqs.html,us-il,liheap,FETCH,PRESENT,us-il/guidance/2026-10-06-w6-benefits-guidance-il,us-il/guidance/dceo/utility-bill-assistance-faqs,https://dceo.illinois.gov/communityservices/utilitybillassistance/faqs.html,"Utility Bill Assistance: Frequently Asked Questions (Illinois DCEO, LIHEAP)"
https://rockfordha.org/wp-content/uploads/2020/04/Public-Benefits-Quick-Reference-Guide-Updated.pdf,us-il,ssi,CHECK-PUBLISHER,OUT-OF-SCOPE,,,,"Rockford Housing Authority 'Public Benefits Quick Reference Guide' (2020): a local third-party summary of several programs, not a rule document"
https://www.law.cornell.edu/regulations/illinois/Ill-Admin-Code-tit-89-SS-113.10,us-il,ssi,OFFICIAL-SOURCE,PRESENT,us-il/regulation/2026-10-06-w6-benefits-ssi-aabd-il-title-089-part-00113,us-il/regulation/title-089/chapter-iv/subchapter-b/part-113/section-113-10,https://ftp.ilga.gov/JCAR/AdminCode/089/089001130B00100R.html,"Cornell LII mirror; 89 Ill. Adm. Code 113.10 taken from the JCAR Illinois Administrative Code (Part 113 whole, 92 sections)"
https://www.law.cornell.edu/regulations/illinois/Ill-Admin-Code-tit-89-SS-113.100,us-il,ssi,OFFICIAL-SOURCE,PRESENT,us-il/regulation/2026-10-06-w6-benefits-ssi-aabd-il-title-089-part-00113,us-il/regulation/title-089/chapter-iv/subchapter-b/part-113/section-113-100,https://ftp.ilga.gov/JCAR/AdminCode/089/089001130C01000R.html,"Cornell LII mirror; 89 Ill. Adm. Code 113.100 taken from the JCAR Illinois Administrative Code (Part 113 whole, 92 sections)"
https://www.law.cornell.edu/regulations/illinois/Ill-Admin-Code-tit-89-SS-113.112,us-il,ssi,OFFICIAL-SOURCE,PRESENT,us-il/regulation/2026-10-06-w6-benefits-ssi-aabd-il-title-089-part-00113,us-il/regulation/title-089/chapter-iv/subchapter-b/part-113/section-113-112,https://ftp.ilga.gov/JCAR/AdminCode/089/089001130C01120R.html,"Cornell LII mirror; 89 Ill. Adm. Code 113.112 taken from the JCAR Illinois Administrative Code (Part 113 whole, 92 sections)"
https://www.law.cornell.edu/regulations/illinois/Ill-Admin-Code-tit-89-SS-113.113,us-il,ssi,OFFICIAL-SOURCE,PRESENT,us-il/regulation/2026-10-06-w6-benefits-ssi-aabd-il-title-089-part-00113,us-il/regulation/title-089/chapter-iv/subchapter-b/part-113/section-113-113,https://ftp.ilga.gov/JCAR/AdminCode/089/089001130C01130R.html,"Cornell LII mirror; 89 Ill. Adm. Code 113.113 taken from the JCAR Illinois Administrative Code (Part 113 whole, 92 sections)"
https://www.law.cornell.edu/regulations/illinois/Ill-Admin-Code-tit-89-SS-113.120,us-il,chip medicaid ssi,OFFICIAL-SOURCE,PRESENT,us-il/regulation/2026-10-06-w6-benefits-ssi-aabd-il-title-089-part-00113,us-il/regulation/title-089/chapter-iv/subchapter-b/part-113/section-113-120,https://ftp.ilga.gov/JCAR/AdminCode/089/089001130C01200R.html,"Cornell LII mirror; 89 Ill. Adm. Code 113.120 taken from the JCAR Illinois Administrative Code (Part 113 whole, 92 sections)"
https://www.law.cornell.edu/regulations/illinois/Ill-Admin-Code-tit-89-SS-113.125,us-il,ssi,OFFICIAL-SOURCE,PRESENT,us-il/regulation/2026-10-06-w6-benefits-ssi-aabd-il-title-089-part-00113,us-il/regulation/title-089/chapter-iv/subchapter-b/part-113/section-113-125,https://ftp.ilga.gov/JCAR/AdminCode/089/089001130C01250R.html,"Cornell LII mirror; 89 Ill. Adm. Code 113.125 taken from the JCAR Illinois Administrative Code (Part 113 whole, 92 sections)"
https://www.law.cornell.edu/regulations/illinois/Ill-Admin-Code-tit-89-SS-113.140,us-il,ssi,OFFICIAL-SOURCE,PRESENT,us-il/regulation/2026-10-06-w6-benefits-ssi-aabd-il-title-089-part-00113,us-il/regulation/title-089/chapter-iv/subchapter-b/part-113/section-113-140,https://ftp.ilga.gov/JCAR/AdminCode/089/089001130C01400R.html,"Cornell LII mirror; 89 Ill. Adm. Code 113.140 taken from the JCAR Illinois Administrative Code (Part 113 whole, 92 sections)"
https://www.law.cornell.edu/regulations/illinois/Ill-Admin-Code-tit-89-SS-113.141,us-il,ssi,OFFICIAL-SOURCE,PRESENT,us-il/regulation/2026-10-06-w6-benefits-ssi-aabd-il-title-089-part-00113,us-il/regulation/title-089/chapter-iv/subchapter-b/part-113/section-113-141,https://ftp.ilga.gov/JCAR/AdminCode/089/089001130C01410R.html,"Cornell LII mirror; 89 Ill. Adm. Code 113.141 taken from the JCAR Illinois Administrative Code (Part 113 whole, 92 sections)"
https://www.law.cornell.edu/regulations/illinois/Ill-Admin-Code-tit-89-SS-113.142,us-il,ssi,OFFICIAL-SOURCE,PRESENT,us-il/regulation/2026-10-06-w6-benefits-ssi-aabd-il-title-089-part-00113,us-il/regulation/title-089/chapter-iv/subchapter-b/part-113/section-113-142,https://ftp.ilga.gov/JCAR/AdminCode/089/089001130C01420R.html,"Cornell LII mirror; 89 Ill. Adm. Code 113.142 taken from the JCAR Illinois Administrative Code (Part 113 whole, 92 sections)"
https://www.law.cornell.edu/regulations/illinois/Ill-Admin-Code-tit-89-SS-113.247,us-il,ssi,OFFICIAL-SOURCE,PRESENT,us-il/regulation/2026-10-06-w6-benefits-ssi-aabd-il-title-089-part-00113,us-il/regulation/title-089/chapter-iv/subchapter-b/part-113/section-113-247,https://ftp.ilga.gov/JCAR/AdminCode/089/089001130D02470R.html,"Cornell LII mirror; 89 Ill. Adm. Code 113.247 taken from the JCAR Illinois Administrative Code (Part 113 whole, 92 sections)"
https://www.law.cornell.edu/regulations/illinois/Ill-Admin-Code-tit-89-SS-113.248,us-il,ssi,OFFICIAL-SOURCE,PRESENT,us-il/regulation/2026-10-06-w6-benefits-ssi-aabd-il-title-089-part-00113,us-il/regulation/title-089/chapter-iv/subchapter-b/part-113/section-113-248,https://ftp.ilga.gov/JCAR/AdminCode/089/089001130D02480R.html,"Cornell LII mirror; 89 Ill. Adm. Code 113.248 taken from the JCAR Illinois Administrative Code (Part 113 whole, 92 sections)"
https://www.law.cornell.edu/regulations/illinois/Ill-Admin-Code-tit-89-SS-113.253,us-il,ssi,OFFICIAL-SOURCE,PRESENT,us-il/regulation/2026-10-06-w6-benefits-ssi-aabd-il-title-089-part-00113,us-il/regulation/title-089/chapter-iv/subchapter-b/part-113/section-113-253,https://ftp.ilga.gov/JCAR/AdminCode/089/089001130D02530R.html,"Cornell LII mirror; 89 Ill. Adm. Code 113.253 taken from the JCAR Illinois Administrative Code (Part 113 whole, 92 sections)"
https://www.law.cornell.edu/regulations/illinois/Ill-Admin-Code-tit-89-SS-113.259,us-il,ssi,OFFICIAL-SOURCE,PRESENT,us-il/regulation/2026-10-06-w6-benefits-ssi-aabd-il-title-089-part-00113,us-il/regulation/title-089/chapter-iv/subchapter-b/part-113/section-113-259,https://ftp.ilga.gov/JCAR/AdminCode/089/089001130D02590R.html,"Cornell LII mirror; 89 Ill. Adm. Code 113.259 taken from the JCAR Illinois Administrative Code (Part 113 whole, 92 sections)"
https://www.law.cornell.edu/regulations/illinois/Ill-Admin-Code-tit-89-SS-113.70,us-il,ssi,OFFICIAL-SOURCE,PRESENT,us-il/regulation/2026-10-06-w6-benefits-ssi-aabd-il-title-089-part-00113,us-il/regulation/title-089/chapter-iv/subchapter-b/part-113/section-113-70,https://ftp.ilga.gov/JCAR/AdminCode/089/089001130B00700R.html,"Cornell LII mirror; 89 Ill. Adm. Code 113.70 taken from the JCAR Illinois Administrative Code (Part 113 whole, 92 sections)"
https://www.law.cornell.edu/regulations/illinois/title-89/part-113/subpart-B,us-il,ssi,OFFICIAL-SOURCE,PRESENT,us-il/regulation/2026-10-06-w6-benefits-ssi-aabd-il-title-089-part-00113,us-il/regulation/title-089/chapter-iv/subchapter-b/part-113,https://ftp.ilga.gov/JCAR/AdminCode/089/089001130A00010R.html,"Cornell LII mirror of Part 113 Subpart B; JCAR publishes no separate subpart page, so the subpart's sections are rows of the Part 113 scope"
https://www.in.gov/fssa/ddars/files/RCAP-Provider-Guide.pdf,us-in,ssi,FETCH,PRESENT,us-in/guidance/2026-10-06-w6-benefits-guidance-in,us-in/guidance/fssa/rcap-provider-guide,https://www.in.gov/fssa/ddars/files/RCAP-Provider-Guide.pdf,"Residential Care Assistance Program (RCAP) Provider Guide (September 7, 2017)"
https://www.in.gov/ihcda/files/Indiana-LIHEAP-Intake-and-Operations-Program-Manual-PY2026.pdf,us-in,liheap,FETCH,PRESENT,us-in/manual/2026-10-06-w6-benefits-manual-in,us-in/manual/ihcda/liheap-intake-and-operations-manual,https://www.in.gov/ihcda/files/Indiana-LIHEAP-Intake-and-Operations-Program-Manual-PY2026.pdf,Indiana Energy Assistance Program Intake and Operations Program Manual 2025-2026 (PY2026)
https://caselaw.findlaw.com/court/in-court-of-appeals/1602790.html,us-in,ssi,OFFICIAL-SOURCE,OUT-OF-SCOPE,,,,"FindLaw copy of an Indiana Court of Appeals opinion: case law, not a rule document of the corpus families"
https://law.justia.com/codes/indiana/title-12/article-10/chapter-6/section-12-10-6-2-1/,us-in,ssi,OFFICIAL-SOURCE,SKIPPED,,,,"Justia mirror of IC 12-10-6-2.1; official text is iga.in.gov (`extract-indiana-code`), not reached in the time box"
https://www.law.cornell.edu/regulations/indiana/455-IAC-1-3-3,us-in,ssi,OFFICIAL-SOURCE,SKIPPED,,,,"Cornell LII mirror of 455 IAC 1-3-3; official text is the Indiana Register / IAC (iar.iga.in.gov), not reached in the time box"
https://ksrevisor.gov/statutes/chapters/ch39/039_009_0072.html,us-ks,ssi,FETCH,ALREADY-HELD,us-ks/statute/2026-07-04-ks-sspp-statute,us-ks/statute/39/972/supplemental-income,https://ksrevisor.gov/statutes/chapters/ch39/039_009_0072.html,K.S.A. 39-972 is held (inventory source_url matches); the scope is on disk but not yet selected (2026-09-14 note)
https://apps.legislature.ky.gov/law/kar/titles/921/004/116/,us-ky,liheap,FETCH,PRESENT,us-ky/regulation/2026-10-06-w6-benefits-regulation-ky,us-ky/regulation/kar/921/004/116,https://apps.legislature.ky.gov/law/kar/titles/921/004/116/,"921 KAR 4:116. Low Income Home Energy Assistance Program or ""LIHEAP"""
https://www.chfs.ky.gov/agencies/dcbs/dfs/Documents/OMVOLV.pdf,us-ky,ssi,FETCH,PRESENT,us-ky/manual/2026-10-06-w6-benefits-manual-ky,us-ky/manual/dcbs/dfs/volume-v-state-supplementation,https://www.chfs.ky.gov/agencies/dcbs/dfs/Documents/OMVOLV.pdf,"Division of Family Support Operation Manual Volume V, State Supplementation (OMTL 714, R. 10/1/26)"
https://www.dcfs.louisiana.gov/news/as-extra-snap-benefits-end-recipients-encouraged-to-update-info-assess-options,us-la,snap,FETCH,PRESENT,us-la/guidance/2026-10-06-w6-benefits-guidance-la,us-la/guidance/dcfs/news/as-extra-snap-benefits-end,https://www.dcfs.louisiana.gov/news/as-extra-snap-benefits-end-recipients-encouraged-to-update-info-assess-options,"As Extra SNAP Benefits End, Recipients Encouraged to Update Info, Assess Options (Louisiana DCFS)"
https://www.doa.louisiana.gov/media/m23b1mhf/0304.pdf,us-la,snap,FETCH,PRESENT,us-la/rulemaking/2026-10-06-w6-benefits-rulemaking-la,us-la/rulemaking/register/2003-04,https://www.doa.louisiana.gov/media/m23b1mhf/0304.pdf,"Louisiana Register, April 2003 (Vol. 29, No. 04)"
https://ldh.la.gov/assets/medicaid/StatePlan/Amend2025/25-0013/25-0013-CMS-Approval.pdf,us-la,ssi,BLOCKED-CHECK,PRESENT,us-la/policy/2026-10-06-w6-benefits-policy-la,us-la/policy/cms/medicaid-state-plan/spa/la-25-0013/cms-approval,https://ldh.la.gov/assets/medicaid/StatePlan/Amend2025/25-0013/25-0013-CMS-Approval.pdf,"Louisiana SPA 25-0013: CMS approval package (approval letter, CMS-179, approved pages)"
https://ldh.la.gov/assets/medicaid/StatePlan/Amend2025/25-0013/Supplement-12-to-Attachment-2.6-A-Redlined.pdf,us-la,ssi,BLOCKED-CHECK,PRESENT,us-la/policy/2026-10-06-w6-benefits-policy-la,us-la/policy/cms/medicaid-state-plan/spa/la-25-0013/supplement-12-to-attachment-2-6-a-redlined,https://ldh.la.gov/assets/medicaid/StatePlan/Amend2025/25-0013/Supplement-12-to-Attachment-2.6-A-Redlined.pdf,"Louisiana SPA 25-0013: Supplement 12 to Attachment 2.6-A, variations from the basic personal needs allowance (redlined)"
us-ma/guidance/dta/policy-online/snap/child-support-expenses-deduction,us-ma,snap,EXTRACT-MANIFEST,PRESENT,us-ma/guidance/2026-10-06-w6-benefits-guidance-ma,us-ma/guidance/dta/policy-online/snap/child-support-expenses-deduction,https://eohhs.ehs.state.ma.us/DTA/PolicyOnline/BEACON5/%21SSL%21/WebHelp/SNAP/ExpensesDeductions/Ex_CSExpDed.htm,manifest entry copied from manifests/us-ma-dta-policy-online-snap-child-support.yaml
us-ma/regulation/106-cmr/364/360,us-ma,snap,EXTRACT-MANIFEST,ABSENT,,,https://www.mass.gov/lists/department-of-transitional-assistance-regulations,"106 CMR 364.360 is a Cornell LII entry for a section number the official DTA chapter 364 does not carry: the held official chapter has 364.300-364.350 and 364.370 (2026-09-10 SNAP completion note, judgment 3)"
https://eohhs.ehs.state.ma.us/DTA/PolicyOnline/BEACON5/!SSL!/WebHelp/SNAP/ExpensesDeductions/Ex_CSExpDed.htm,us-ma,snap,FETCH,PRESENT,us-ma/guidance/2026-10-06-w6-benefits-guidance-ma,us-ma/guidance/dta/policy-online/snap/child-support-expenses-deduction,https://eohhs.ehs.state.ma.us/DTA/PolicyOnline/BEACON5/%21SSL%21/WebHelp/SNAP/ExpensesDeductions/Ex_CSExpDed.htm,the same page; the bundle spells the !SSL! path segment unescaped
https://eohhs.ehs.state.ma.us/DTA/PolicyOnline/olg%20docs/guides/Helpful%20Charts%20and%20Figures.pdf,us-ma,snap tanf,FETCH,PRESENT,us-ma/guidance/2026-10-06-w6-benefits-guidance-ma,us-ma/guidance/dta/policy-online/helpful-charts-and-figures,https://eohhs.ehs.state.ma.us/DTA/PolicyOnline/olg%20docs/guides/Helpful%20Charts%20and%20Figures.pdf,"Helpful Charts and Figures (DTA Policy Online, SNAP and cash standards)"
https://eohhs.ehs.state.ma.us/DTA/PolicyOnline/olg%20docs/olgtm/2025/31.pdf,us-ma,snap,FETCH,PRESENT,us-ma/guidance/2026-10-06-w6-benefits-guidance-ma,us-ma/guidance/dta/online-guide-transmittal/2025-31,https://eohhs.ehs.state.ma.us/DTA/PolicyOnline/olg%20docs/olgtm/2025/31.pdf,"DTA Online Guide Transmittal 2025-31 (July 25, 2025)"
https://www.law.cornell.edu/regulations/massachusetts/106-CMR-327-220,us-ma,ssi,OFFICIAL-SOURCE,ALREADY-HELD,us-ma/regulation/2026-09-10-ssi-state-supplement,us-ma/regulation/106-cmr/327/327.220,https://www.mass.gov/regulations/106-CMR-32700-eligibility-requirements-for-state-supplement-program-ssp,Cornell LII mirror; 106 CMR 327.220 is held from the official DTA PDF
https://www.law.cornell.edu/regulations/massachusetts/106-CMR-327-330,us-ma,ssi,OFFICIAL-SOURCE,ALREADY-HELD,us-ma/regulation/2026-09-10-ssi-state-supplement,us-ma/regulation/106-cmr/327/327.330,https://www.mass.gov/regulations/106-CMR-32700-eligibility-requirements-for-state-supplement-program-ssp,Cornell LII mirror; 106 CMR 327.330 is held from the official DTA PDF
https://www.law.cornell.edu/regulations/massachusetts/106-CMR-363-230,us-ma,snap,OFFICIAL-SOURCE,ALREADY-HELD,us-ma/regulation/2026-07-21-ma-dta-regulations-consolidated,us-ma/regulation/106-cmr/363/230,https://www.mass.gov/lists/department-of-transitional-assistance-regulations,Cornell LII mirror; 106 CMR 363.230 is held from the official DTA chapter 363
http://www.mass.gov/Eeohhs2/docs/dta/g_reg_363.pdf,us-ma,snap,BLOCKED-CHECK,ALREADY-HELD,us-ma/regulation/2026-07-21-ma-dta-regulations-consolidated,us-ma/regulation/106-cmr/363,https://www.mass.gov/lists/department-of-transitional-assistance-regulations,the 2000s Eeohhs2 PDF path answers 404 ('Not allowed'); the current official 106 CMR 363 is held
https://www.mass.gov/doc/federal-and-state-payment-levels-for-calendar-year-cy-2022/download,us-ma,ssi,BLOCKED-CHECK,PRESENT,us-ma/guidance/2026-10-06-w6-benefits-guidance-ma,us-ma/guidance/dta/ssp-payment-levels/cy2022,https://www.mass.gov/doc/federal-and-state-payment-levels-for-calendar-year-cy-2022/download,Federal and State Payment Levels for Calendar Year (CY) 2022
https://www.mass.gov/doc/federal-and-state-payment-levels-for-calendar-year-cy-2025/download,us-ma,ssi,BLOCKED-CHECK,PRESENT,us-ma/guidance/2026-10-06-w6-benefits-guidance-ma,us-ma/guidance/dta/ssp-payment-levels/cy2025,https://www.mass.gov/doc/federal-and-state-payment-levels-for-calendar-year-cy-2025/download,Federal and State Payment Levels for Calendar Year (CY) 2025
https://www.mass.gov/info-details/learn-about-home-energy-assistance-heap,us-ma,liheap,BLOCKED-CHECK,PRESENT,us-ma/guidance/2026-10-06-w6-benefits-guidance-ma,us-ma/guidance/eohlc/learn-about-home-energy-assistance-heap,https://www.mass.gov/info-details/learn-about-home-energy-assistance-heap,"Learn about Home Energy Assistance - HEAP (Mass.gov, EOHLC)"
https://dhs.maryland.gov/documents/FIA/Action%20Transmittals-AT%20-%20Information%20Memo-IM/AT-IM2026/26-08%20AT%20H.R.%201%202025%20Treatment%20of%20Energy%20Assistance%20Payments%20combined.pdf,us-md,snap,FETCH,PRESENT,us-md/guidance/2026-10-06-w6-benefits-guidance-md,us-md/guidance/dhs/fia/at-26-08,https://dhs.maryland.gov/documents/FIA/Action%20Transmittals-AT%20-%20Information%20Memo-IM/AT-IM2026/26-08%20AT%20H.R.%201%202025%20Treatment%20of%20Energy%20Assistance%20Payments%20combined.pdf,"FIA Action Transmittal AT 26-08: H.R. 1 (2025) - Treatment of Energy Assistance Payments (October 16, 2025)"
https://mgaleg.maryland.gov/2016RS/bills/hb/hb0445E.pdf,us-md,snap,FETCH,PRESENT,us-md/statute/2026-10-06-w6-benefits-statute-md,us-md/statute/session-laws/2016/hb0445,https://mgaleg.maryland.gov/2016RS/bills/hb/hb0445E.pdf,"Maryland HB 445 (2016 Regular Session), enrolled bill"
https://mgaleg.maryland.gov/2022RS/bills/hb/hb0456T.pdf,us-md,snap,FETCH,PRESENT,us-md/statute/2026-10-06-w6-benefits-statute-md,us-md/statute/bills/2022/hb0456,https://mgaleg.maryland.gov/2022RS/bills/hb/hb0456T.pdf,"Maryland HB 456 (2022 Regular Session), third reader"
https://casetext.com/statute/code-of-maryland/article-human-services/title-5-public-assistance/subtitle-5-food-stamps/section-5-501-food-supplement-program,us-md,snap,OFFICIAL-SOURCE,SKIPPED,,,,"casetext copy of Md. Code, Human Services § 5-501; official text is mgaleg.maryland.gov Laws - Statute Text (the route of us-md/statute/2026-07-03-md-tca-statutes), not reached in the time box"
http://dhr.maryland.gov/documents/Manuals/FSP%20(Food%20Supplement%20Program)%20Manual/212%20Deductions/212%20Deductions.pdf,us-md,snap,DEAD-LINK,ALREADY-HELD,us-md/manual/2026-07-17-md-snap-manual,us-md/manual/dhs/snap/212-deductions,,the dhr.maryland.gov path answers 404; FSP Manual section 212 Deductions is held from dhs.maryland.gov
http://www.dhr.state.md.us/manuals/fstamp/409_inco.pdf,us-md,snap,DEAD-LINK,ALREADY-HELD,us-md/manual/2026-07-17-md-snap-manual,us-md/manual/dhs/snap/210-income,,"dhr.state.md.us no longer answers (connect timeout); the old FSP manual's income section is the current FSP Manual section 210 Income, held"
http://www.dsd.state.md.us/comar/comarhtml/07/07.03.17.35.htm,us-md,snap,DEAD-LINK,PRESENT,us-md/regulation/2026-10-06-w6-benefits-snap-comar-md-publication-2026-10-05-title-07-subtitle-03-chapter-17,us-md/regulation/title-07/subtitle-03/chapter-17/regulation-35,https://github.com/maryland-dsd/law-xml-codified/blob/publication%2F2026-10-02.2026-10-05/us/md/exec/comar/07/03/17.xml,dsd.state.md.us redirects to dsd.maryland.gov (404); COMAR 07.03.17.35 taken from the Division of State Documents' official COMAR XML (chapter 17 whole)
http://www.dsd.state.md.us/comar/comarhtml/07/07.03.17.43.htm,us-md,snap,DEAD-LINK,PRESENT,us-md/regulation/2026-10-06-w6-benefits-snap-comar-md-publication-2026-10-05-title-07-subtitle-03-chapter-17,us-md/regulation/title-07/subtitle-03/chapter-17/regulation-43,https://github.com/maryland-dsd/law-xml-codified/blob/publication%2F2026-10-02.2026-10-05/us/md/exec/comar/07/03/17.xml,dsd.state.md.us redirects to dsd.maryland.gov (404); COMAR 07.03.17.43 taken from the Division of State Documents' official COMAR XML (chapter 17 whole)
https://legislature.maine.gov/statutes/22/title22sec3271.html,us-me,ssi,FETCH,PRESENT,us-me/statute/2026-10-06-w6-benefits-statute-me,us-me/statute/title-22/3271,https://legislature.maine.gov/statutes/22/title22sec3271.html,"22 M.R.S. §3271. Program (Title 22, Subtitle 3: Income Supplementation)"
https://www.maine.gov/dhhs/sites/maine.gov.dhhs/files/rule-2026-02/SNAP%20244P%20Rule%20Pages%20%28TC%29.pdf,us-me,snap tanf,FETCH,PRESENT,us-me/rulemaking/2026-10-06-w6-benefits-rulemaking-me,us-me/rulemaking/dhhs/ofi/chapter-301/rule-2026-02-244p,https://www.maine.gov/dhhs/sites/maine.gov.dhhs/files/rule-2026-02/SNAP%20244P%20Rule%20Pages%20%28TC%29.pdf,"10-144 C.M.R. Chapter 301 SNAP Rules, Rule #244P rule pages (track changes), amended December 14, 2025"
https://www.maine.gov/sos/sites/maine.gov.sos/files/content/assets/144c332-appendices-charts.docx,us-me,ssi,FETCH,PRESENT,us-me/regulation/2026-10-06-w6-benefits-regulation-me,us-me/regulation/dhhs/ofi/chapter-332/appendices-charts,https://www.maine.gov/sos/sites/maine.gov.sos/files/content/assets/144c332-appendices-charts.docx,"10-144 C.M.R. Chapter 332 MaineCare Eligibility Manual, appendices and charts"
https://www.maine.gov/sos/sites/maine.gov.sos/files/inline-files/144c332-2025-101%20%28AMD%29_0.docx,us-me,ssi,FETCH,ALREADY-HELD,us-me/regulation/2026-09-10-ssi-state-supplement,us-me/regulation/dhhs/ofi/chapter-332,https://www.maine.gov/sos/sites/maine.gov.sos/files/inline-files/144c332-2025-101%20NSC.docx,the (AMD) docx is the amendment copy of filing 2025-101; the held scopes carry the same filing's NSC docx
https://www.law.cornell.edu/regulations/maine/10-144-C-M-R-ch-301-SS-555-5,us-me,snap,OFFICIAL-SOURCE,ALREADY-HELD,us-me/regulation/2026-07-17-me-snap-rules,us-me/regulation/dhhs/ofi/chapter-301,https://www.maine.gov/sos/sites/maine.gov.sos/files/inline-files/144c301-2026-133-NSC.docx,Cornell LII mirror of 10-144 C.M.R. ch. 301 §555-5 (Deductions); held in the official chapter 301 rule text
https://www.law.cornell.edu/regulations/maine/10-144-C-M-R-ch-332-SS-11-5,us-me,ssi,OFFICIAL-SOURCE,ALREADY-HELD,us-me/regulation/2026-09-10-ssi-state-supplement,us-me/regulation/dhhs/ofi/chapter-332/part-11/section-5,https://www.maine.gov/sos/sites/maine.gov.sos/files/inline-files/144c332-2025-101%20NSC.docx,Cornell LII mirror; ch. 332 Part 11 §5 is held from the official rule
https://www.law.cornell.edu/regulations/maine/10-144-C-M-R-ch-332-SS-7-3,us-me,ssi,OFFICIAL-SOURCE,ALREADY-HELD,us-me/regulation/2026-09-10-medicaid-state-eligibility-manual,us-me/regulation/dhhs/ofi/chapter-332/part-7/section-3,https://www.maine.gov/sos/sites/maine.gov.sos/files/inline-files/144c332-2025-101%20NSC.docx,Cornell LII mirror; ch. 332 Part 7 §3 is held from the official rule
https://www.law.cornell.edu/regulations/maine/10-144-C-M-R-ch-332-SS-7-4,us-me,ssi,OFFICIAL-SOURCE,ALREADY-HELD,us-me/regulation/2026-09-10-medicaid-state-eligibility-manual,us-me/regulation/dhhs/ofi/chapter-332/part-7/section-4,https://www.maine.gov/sos/sites/maine.gov.sos/files/inline-files/144c332-2025-101%20NSC.docx,Cornell LII mirror; ch. 332 Part 7 §4 is held from the official rule
us-mi/statute/400.10d,us-mi,eitc income_tax ssi tanf,EXTRACT-MANIFEST,ALREADY-HELD,us-mi/statute/2026-07-16-mi-fip-statutory-authority,us-mi/statute/400.10d,https://www.legislature.mi.gov/Laws/MCL?objectName=mcl-400-10d,the manifest's document is held (inventory source_url matches); the scope is on disk and not in any release selector
https://dhhs.michigan.gov/OLMWEB/EX/RF/Public/RFT/248.pdf,us-mi,ssi,FETCH,ALREADY-HELD,us-mi/manual/2026-06-27-mi-mdhhs-rft-248,us-mi/manual/mdhhs/rft/248,https://dhhs.michigan.gov/OLMWEB/EX/RF/Public/RFT/248.pdf,inventory source_url matches
https://dhhs.michigan.gov/olmweb/ex/BP/Public/BEM/554.pdf,us-mi,snap,FETCH,ALREADY-HELD,us-mi/manual/2026-09-11-mi-snap-manual-supersede,us-mi/manual/mdhhs/bridges/bem/554,https://dhhs.michigan.gov/olmweb/ex/BP/Public/BEM/554.pdf,inventory source_url matches (released in 2026-07-17-mi-bridges-manual; 8-1-2026 edition in the supersede scope)
https://mdhhs-pres-prod.michigan.gov/olmweb/EX/BP/Public/BPB/2017-016.pdf,us-mi,snap,FETCH,PRESENT,us-mi/guidance/2026-10-06-w6-benefits-guidance-mi,us-mi/guidance/mdhhs/bridges/bpb/2017-016,https://mdhhs-pres-prod.michigan.gov/olmweb/EX/BP/Public/BPB/2017-016.pdf,"Bridges Policy Bulletin BPB 2017-016 (FAP LIHEAP payments; heat and utility standard), effective 8-1-2017"
https://dssmanuals.mo.gov/december-1973-eligibility-requirements/1010-000-00/,us-mo,ssi,FETCH,OUTREACH,,,https://dssmanuals.mo.gov/december-1973-eligibility-requirements/1010-000-00/,the publisher serves the page as 'This content is password-protected'; no public text
https://dssmanuals.mo.gov/december-1973-eligibility-requirements/1035-000-00/1035-005-00/,us-mo,ssi,FETCH,PRESENT,us-mo/manual/2026-10-06-w6-benefits-manual-mo,us-mo/manual/dss/december-1973-eligibility-requirements/1035-005-00,https://dssmanuals.mo.gov/december-1973-eligibility-requirements/1035-000-00/1035-005-00/,"DSS Manuals, December 1973 Eligibility Requirements, 1035.005.00 Real or Personal Property Limit"
https://dssmanuals.mo.gov/wp-content/uploads/2020/10/im-72.pdf,us-mo,ssi,FETCH,PRESENT,us-mo/form/2026-10-06-w6-benefits-form-mo,us-mo/form/dss/fsd/im-72,https://dssmanuals.mo.gov/wp-content/uploads/2020/10/im-72.pdf,IM-72 FNIS Facility Notification Information Sheet (7/2026)
https://revisor.mo.gov/main/OneSection.aspx?section=208.010,us-mo,ssi,FETCH,PRESENT,us-mo/statute/2026-10-06-w6-benefits-statute-mo,us-mo/statute/208.010,https://revisor.mo.gov/main/OneSection.aspx?section=208.010,RSMo 208.010
https://revisor.mo.gov/main/OneSection.aspx?section=208.030,us-mo,ssi,FETCH,PRESENT,us-mo/statute/2026-10-06-w6-benefits-statute-mo,us-mo/statute/208.030,https://revisor.mo.gov/main/OneSection.aspx?section=208.030,RSMo 208.030
https://revisor.mo.gov/main/OneSection.aspx?section=209.030,us-mo,ssi,FETCH,PRESENT,us-mo/statute/2026-10-06-w6-benefits-statute-mo,us-mo/statute/209.030,https://revisor.mo.gov/main/OneSection.aspx?section=209.030,RSMo 209.030
https://revisor.mo.gov/main/OneSection.aspx?section=209.040,us-mo,ssi,FETCH,PRESENT,us-mo/statute/2026-10-06-w6-benefits-statute-mo,us-mo/statute/209.040,https://revisor.mo.gov/main/OneSection.aspx?section=209.040,RSMo 209.040
https://revisor.mo.gov/main/OneSection.aspx?section=209.240,us-mo,ssi,FETCH,PRESENT,us-mo/statute/2026-10-06-w6-benefits-statute-mo,us-mo/statute/209.240,https://revisor.mo.gov/main/OneSection.aspx?section=209.240,RSMo 209.240
https://www.sos.mo.gov/cmsimages/adrules/csr/current/13csr/13c40-2.pdf,us-mo,ssi,FETCH,PRESENT,us-mo/regulation/2026-10-06-w6-benefits-regulation-mo,us-mo/regulation/csr/13/40-2,https://www.sos.mo.gov/cmsimages/adrules/csr/current/13csr/13c40-2.pdf,"13 CSR 40-2, Department of Social Services, Family Support Division, Income Maintenance"
https://www.law.cornell.edu/regulations/missouri/13-CSR-40-2-050,us-mo,ssi,OFFICIAL-SOURCE,PRESENT,us-mo/regulation/2026-10-06-w6-benefits-regulation-mo,us-mo/regulation/csr/13/40-2,https://www.sos.mo.gov/cmsimages/adrules/csr/current/13csr/13c40-2.pdf,13 CSR 40-2.050 is a rule of this chapter
https://www.law.cornell.edu/regulations/missouri/13-CSR-40-2-120,us-mo,ssi,OFFICIAL-SOURCE,PRESENT,us-mo/regulation/2026-10-06-w6-benefits-regulation-mo,us-mo/regulation/csr/13/40-2,https://www.sos.mo.gov/cmsimages/adrules/csr/current/13csr/13c40-2.pdf,13 CSR 40-2.120 is a rule of this chapter
https://www.law.cornell.edu/regulations/missouri/13-CSR-40-2-130,us-mo,ssi,OFFICIAL-SOURCE,PRESENT,us-mo/regulation/2026-10-06-w6-benefits-regulation-mo,us-mo/regulation/csr/13/40-2,https://www.sos.mo.gov/cmsimages/adrules/csr/current/13csr/13c40-2.pdf,13 CSR 40-2.130 is a rule of this chapter
https://dssmanuals.mo.gov/2022/12/05/im-143-2/,us-mo,ssi,DEAD-LINK,SKIPPED,,,,"dssmanuals.mo.gov dated memo posts (IM-143 of 2022-12-05, IM-57 of 2023-06-08) answer 404; the current address of the two memoranda was not searched in the time box"
https://dssmanuals.mo.gov/2023/06/08/im-57-4/,us-mo,ssi,DEAD-LINK,SKIPPED,,,,"dssmanuals.mo.gov dated memo posts (IM-143 of 2022-12-05, IM-57 of 2023-06-08) answer 404; the current address of the two memoranda was not searched in the time box"
https://policies.ncdhhs.gov/wp-content/uploads/EP-CN-03-2026.pdf,us-nc,liheap,FETCH,PRESENT,us-nc/manual/2026-10-06-w6-benefits-manual-nc,us-nc/manual/dss/energy-programs/ep-cn-03-2026,https://policies.ncdhhs.gov/wp-content/uploads/EP-CN-03-2026.pdf,"Energy Programs Manual Change Notice 03-2026 (Policy Updates, effective October 1, 2026)"
https://policies.ncdhhs.gov/wp-content/uploads/eps150.pdf,us-nc,liheap,FETCH,PRESENT,us-nc/manual/2026-10-06-w6-benefits-manual-nc,us-nc/manual/dss/energy-programs/ep-150,https://policies.ncdhhs.gov/wp-content/uploads/eps150.pdf,Energy Programs Manual EP-150 Household Composition (Change #2-2023)
https://policies.ncdhhs.gov/wp-content/uploads/eps175.pdf,us-nc,liheap,FETCH,PRESENT,us-nc/manual/2026-10-06-w6-benefits-manual-nc,us-nc/manual/dss/energy-programs/ep-175,https://policies.ncdhhs.gov/wp-content/uploads/eps175.pdf,Energy Programs Manual EP-175 United States Citizenship (Change #1-2011)
https://dhhs.ne.gov/Documents/Low%20Income%20Home%20Energy%20Assistance%20Program%20%28LIHEAP%29%20Guidance%20Document%202026.pdf,us-ne,liheap,FETCH,PRESENT,us-ne/guidance/2026-10-06-w6-benefits-guidance-ne,us-ne/guidance/dhhs/liheap-guidance-document-2026,https://dhhs.ne.gov/Documents/Low%20Income%20Home%20Energy%20Assistance%20Program%20%28LIHEAP%29%20Guidance%20Document%202026.pdf,Low Income Home Energy Assistance Program Guidance Document 10/1/2025 (DHHS Documents copy)
https://dhhs.ne.gov/Documents/OBBB-SNAP-Changes-FAQ.pdf,us-ne,liheap,FETCH,PRESENT,us-ne/guidance/2026-10-06-w6-benefits-guidance-ne,us-ne/guidance/dhhs/obbb-snap-changes-faq,https://dhhs.ne.gov/Documents/OBBB-SNAP-Changes-FAQ.pdf,"OBBBA SNAP Changes Frequently Asked Questions (updated August 17, 2026)"
https://dhhs.ne.gov/Documents/Title-469-Complete.pdf,us-ne,ssi,FETCH,ALREADY-HELD,us-ne/regulation/2026-09-10-ssi-state-supplement,us-ne/regulation/title-469,https://rules.nebraska.gov/api/fileStorage/GetAsByteArray/chapter-pdfs/469%20NAC%201%20%2806-06-2022%29.pdf,the bundle's Title-469-Complete.pdf is the DHHS compiled 2014 edition (AABD Manual Letter #62-2014); the current 469 NAC chapters (06-06-2022) are held from the Secretary of State
https://rules.nebraska.gov/api/fileStorage/GetAsByteArray/chapter-pdfs/476%20NAC%201%20(12-26-2020).pdf/1746,us-ne,liheap,FETCH,PRESENT,us-ne/regulation/2026-10-06-w6-benefits-regulation-ne,us-ne/regulation/title-476/chapter-1,https://rules.nebraska.gov/api/fileStorage/GetAsByteArray/chapter-pdfs/476%20NAC%201%20(12-26-2020).pdf/1746,"476 NAC 1 (Low Income Home Energy Assistance Program), filing of 12-26-2020"
https://rules.nebraska.gov/api/fileStorage/GetAsByteArray/chapter-pdfs/476%20NAC%202%20(06-26-2022).pdf/1747,us-ne,liheap,FETCH,PRESENT,us-ne/regulation/2026-10-06-w6-benefits-regulation-ne,us-ne/regulation/title-476/chapter-2,https://rules.nebraska.gov/api/fileStorage/GetAsByteArray/chapter-pdfs/476%20NAC%202%20(06-26-2022).pdf/1747,"476 NAC 2 (Low Income Home Energy Assistance Program), filing of 06-26-2022"
https://rules.nebraska.gov/api/fileStorage/GetAsByteArray/chapter-pdfs/476%20NAC%203%20(12-26-2020).pdf/1748,us-ne,liheap,FETCH,PRESENT,us-ne/regulation/2026-10-06-w6-benefits-regulation-ne,us-ne/regulation/title-476/chapter-3,https://rules.nebraska.gov/api/fileStorage/GetAsByteArray/chapter-pdfs/476%20NAC%203%20(12-26-2020).pdf/1748,"476 NAC 3 (Low Income Home Energy Assistance Program), filing of 12-26-2020"
https://www.nj.gov/humanservices/njsnap/emergency/covid19/,us-nj,snap,FETCH,PRESENT,us-nj/guidance/2026-10-06-w6-benefits-guidance-nj,us-nj/guidance/dhs/njsnap/covid19,https://www.nj.gov/humanservices/njsnap/emergency/covid19/,NJ SNAP: COVID-19 (what you need to know about SNAP during the public health crisis)
https://www.nj.gov/labor/ea/help/employer_handbook/ui.shtml,us-nj,ui,FETCH,PRESENT,us-nj/guidance/2026-10-06-w6-benefits-guidance-nj,us-nj/guidance/lwd/employer-handbook-unemployment-insurance,https://www.nj.gov/labor/ea/help/employer_handbook/ui.shtml,Employer Handbook: Unemployment Insurance
https://www.nj.gov/labor/lwdhome/press/2023/20231227_minimumwage.shtml,us-nj,ui,FETCH,PRESENT,us-nj/guidance/2026-10-06-w6-benefits-guidance-nj,us-nj/guidance/lwd/press/2023-12-27-minimum-wage,https://www.nj.gov/labor/lwdhome/press/2023/20231227_minimumwage.shtml,"New Jersey's Minimum Wage to Exceed Governor Murphy's $15/Hour Goal on January 1 (December 27, 2023)"
https://www.nj.gov/labor/lwdhome/press/2024/20241217_new_benefit_rates.shtml,us-nj,ui,FETCH,PRESENT,us-nj/guidance/2026-10-06-w6-benefits-guidance-nj,us-nj/guidance/lwd/press/2024-12-17-new-benefit-rates-2025,https://www.nj.gov/labor/lwdhome/press/2024/20241217_new_benefit_rates.shtml,"NJ Department of Labor and Workforce Development Announces New Benefit Rates for 2025 (December 17, 2024)"
https://www.nj.gov/labor/lwdhome/press/2025/20251229_newbenefitrates2026.shtml,us-nj,ui,FETCH,PRESENT,us-nj/guidance/2026-10-06-w6-benefits-guidance-nj,us-nj/guidance/lwd/press/2025-12-29-new-benefit-rates-2026,https://www.nj.gov/labor/lwdhome/press/2025/20251229_newbenefitrates2026.shtml,"NJ Department of Labor and Workforce Development Announces New Benefit Rates for 2026 (December 29, 2025)"
https://www.nj.gov/labor/myunemployment/assets/pdfs/UI_statute.pdf,us-nj,ui,FETCH,PRESENT,us-nj/guidance/2026-10-06-w6-benefits-guidance-nj,us-nj/guidance/lwd/unemployment-compensation-law-compilation,https://www.nj.gov/labor/myunemployment/assets/pdfs/UI_statute.pdf,"New Jersey Unemployment Compensation Law, Extended Benefits Law, Workforce Development Partnership Act, supplementary legislation (LWD compilation)"
https://www.nj.gov/labor/myunemployment/before/about/calculator/,us-nj,ui,FETCH,PRESENT,us-nj/guidance/2026-10-06-w6-benefits-guidance-nj,us-nj/guidance/lwd/myunemployment/how-we-calculate-benefits,https://www.nj.gov/labor/myunemployment/before/about/calculator/,How we calculate benefits (Division of Unemployment Insurance)
https://www.nj.gov/labor/myunemployment/before/about/howtoapply/dependencybenefits.shtml,us-nj,ui,FETCH,PRESENT,us-nj/guidance/2026-10-06-w6-benefits-guidance-nj,us-nj/guidance/lwd/myunemployment/dependency-benefits,https://www.nj.gov/labor/myunemployment/before/about/howtoapply/dependencybenefits.shtml,"How to claim dependency benefits, if you're eligible"
https://www.nj.gov/labor/myunemployment/before/about/who/,us-nj,ui,FETCH,PRESENT,us-nj/guidance/2026-10-06-w6-benefits-guidance-nj,us-nj/guidance/lwd/myunemployment/who-is-eligible,https://www.nj.gov/labor/myunemployment/before/about/who/,Who is eligible for benefits? (Division of Unemployment Insurance)
https://www.nj.gov/labor/myunemployment/help/faqs/reducebenefits.shtml,us-nj,ui,FETCH,PRESENT,us-nj/guidance/2026-10-06-w6-benefits-guidance-nj,us-nj/guidance/lwd/myunemployment/faq-factors-that-affect-your-weekly-benefit-rate,https://www.nj.gov/labor/myunemployment/help/faqs/reducebenefits.shtml,FAQ: Factors that affect your weekly benefit rate
https://assembly.state.ny.us/leg/?default_fld=&leg_video=&bn=S7148&term=2021&Text=Y,us-ny,ui,FETCH,PRESENT,us-ny/statute/2026-10-06-w6-benefits-statute-ny,us-ny/statute/bills/2021/s7148,https://assembly.state.ny.us/leg/?default_fld=&leg_video=&bn=S7148&term=2021&Text=Y,"New York Senate Bill S7148 (2021-2022 Regular Sessions), bill text"
https://dol.ny.gov/system/files/documents/2025/02/p832s-how-your-weekly-ui-benefits-are-calculated-1-25es-us.pdf,us-ny,ui,FETCH,PRESENT,us-ny/guidance/2026-10-06-w6-benefits-guidance-ny,us-ny/guidance/dol/p832s-how-your-weekly-ui-benefits-are-calculated-1-25-es,https://dol.ny.gov/system/files/documents/2025/02/p832s-how-your-weekly-ui-benefits-are-calculated-1-25es-us.pdf,"P832S (1/25, Spanish): How your weekly UI benefit payment is calculated"
https://dol.ny.gov/system/files/documents/2025/10/p803-partial-ui-faqs-10-3-25.pdf,us-ny,ui,FETCH,PRESENT,us-ny/guidance/2026-10-06-w6-benefits-guidance-ny,us-ny/guidance/dol/p803-partial-ui-faqs-10-3-25,https://dol.ny.gov/system/files/documents/2025/10/p803-partial-ui-faqs-10-3-25.pdf,P803 Partial Unemployment FAQs (10/3/25)
https://dol.ny.gov/system/files/documents/2026/03/p832-how-your-weekly-ui-benefits-are-calculated-2-26.pdf,us-ny,ui,FETCH,PRESENT,us-ny/guidance/2026-10-06-w6-benefits-guidance-ny,us-ny/guidance/dol/p832-how-your-weekly-ui-benefits-are-calculated-2-26,https://dol.ny.gov/system/files/documents/2026/03/p832-how-your-weekly-ui-benefits-are-calculated-2-26.pdf,P832 (2/26): How your weekly unemployment insurance benefit payment is calculated
https://oui.doleta.gov/unemploy/content/sigpros/2020-2029/January2020.pdf,us-ny,ui,FETCH,OUT-OF-SCOPE,,,,"US DOL ETA Office of Unemployment Insurance compilation of state UI laws (Comparison of State UI Laws / Significant Provisions of State UI Laws): a federal secondary summary of state law, kept out under the queues' forbidden-sources policy like the SNAP State Options Report; the state statute is the rule source"
https://oui.doleta.gov/unemploy/content/sigpros/2020-2029/January2021.pdf,us-ny,ui,FETCH,OUT-OF-SCOPE,,,,"US DOL ETA Office of Unemployment Insurance compilation of state UI laws (Comparison of State UI Laws / Significant Provisions of State UI Laws): a federal secondary summary of state law, kept out under the queues' forbidden-sources policy like the SNAP State Options Report; the state statute is the rule source"
https://oui.doleta.gov/unemploy/content/sigpros/2020-2029/January2022.pdf,us-ny,ui,FETCH,OUT-OF-SCOPE,,,,"US DOL ETA Office of Unemployment Insurance compilation of state UI laws (Comparison of State UI Laws / Significant Provisions of State UI Laws): a federal secondary summary of state law, kept out under the queues' forbidden-sources policy like the SNAP State Options Report; the state statute is the rule source"
https://oui.doleta.gov/unemploy/content/sigpros/2020-2029/January2023.pdf,us-ny,ui,FETCH,OUT-OF-SCOPE,,,,"US DOL ETA Office of Unemployment Insurance compilation of state UI laws (Comparison of State UI Laws / Significant Provisions of State UI Laws): a federal secondary summary of state law, kept out under the queues' forbidden-sources policy like the SNAP State Options Report; the state statute is the rule source"
https://www.governor.ny.gov/news/governor-hochul-and-labor-leaders-announce-maximum-weekly-benefit-increase-unemployed-workers,us-ny,ui,FETCH,PRESENT,us-ny/guidance/2026-10-06-w6-benefits-guidance-ny,us-ny/guidance/governor/news/2025-10-08-maximum-weekly-benefit-increase,https://www.governor.ny.gov/news/governor-hochul-and-labor-leaders-announce-maximum-weekly-benefit-increase-unemployed-workers,"Governor Hochul and Labor Leaders Announce Maximum Weekly Benefit Increase for Unemployed Workers (October 8, 2025)"
https://www.tax.ny.gov/forms/publications/2024/wt/nys50-1224.htm,us-ny,ui,FETCH,PRESENT,us-ny/guidance/2026-10-06-w6-benefits-guidance-ny,us-ny/guidance/dtf/nys-50/2024-12,https://www.tax.ny.gov/forms/publications/2024/wt/nys50-1224.htm,"2024 Form NYS-50, Employer's Guide to Unemployment Insurance, Wage Reporting, and Withholding Tax (12/24)"
https://www.tax.ny.gov/forms/publications/wt/nys50.htm,us-ny,ui,FETCH,PRESENT,us-ny/guidance/2026-10-06-w6-benefits-guidance-ny,us-ny/guidance/dtf/nys-50/current,https://www.tax.ny.gov/forms/publications/wt/nys50.htm,"Form NYS-50, Employer's Guide to Unemployment Insurance, Wage Reporting, and Withholding Tax (current edition)"
https://otda.ny.gov/policy/directives/2016/ADM/16-ADM-06.pdf,us-ny,snap tanf,DEAD-LINK,OUTREACH,,,https://otda.ny.gov/policy/directives/2016/ADM/16-ADM-06.pdf,otda.ny.gov resets the connection (ConnectionResetError 54) for the corpus client; F5/TSPD challenge recorded 2026-09-10/13; durable
https://www.nysenate.gov/legislation/bills/2021/S7148,us-ny,ui,BLOCKED-CHECK,PRESENT,us-ny/statute/2026-10-06-w6-benefits-statute-ny,us-ny/statute/bills/2021/s7148,https://assembly.state.ny.us/leg/?default_fld=&leg_video=&bn=S7148&term=2021&Text=Y,nysenate.gov answers a Cloudflare challenge to the corpus client; the Assembly's own legislative information system serves the same bill text
https://www.nysenate.gov/legislation/bills/2025/S3006,us-ny,ui,BLOCKED-CHECK,OUTREACH,,,https://www.nysenate.gov/legislation/bills/2025/S3006,nysenate.gov answers HTTP 403 with a Cloudflare 'Just a moment...' challenge to the corpus client; not worked around
https://www.nysenate.gov/legislation/laws/LAB/527,us-ny,ui,BLOCKED-CHECK,OUTREACH,,,https://www.nysenate.gov/legislation/laws/LAB/527,nysenate.gov answers HTTP 403 with a Cloudflare challenge; NY Labor Law § 527 has no other probed official host in this pass (the corpus's New York laws adapters were not run)
https://www.nysenate.gov/legislation/laws/LAB/590,us-ny,ui,BLOCKED-CHECK,OUTREACH,,,https://www.nysenate.gov/legislation/laws/LAB/590,nysenate.gov answers HTTP 403 with a Cloudflare challenge; NY Labor Law § 590 has no other probed official host in this pass (the corpus's New York laws adapters were not run)
https://oklahoma.gov/content/dam/ok/en/oesc/documents/forms/OES-339.pdf,us-ok,ui,FETCH,PRESENT,us-ok/guidance/2026-10-06-w6-benefits-guidance-ok,us-ok/guidance/oesc/oes-339-claimant-handbook,https://oklahoma.gov/content/dam/ok/en/oesc/documents/forms/OES-339.pdf,OES-339 Claimant Handbook: A Guide to Unemployment Benefits (Rev. 06-3-2026)
https://oklahoma.gov/content/dam/ok/en/oesc/images/misc/Employer-Important-Numbers-2023.pdf,us-ok,ui,FETCH,PRESENT,us-ok/guidance/2026-10-06-w6-benefits-guidance-ok,us-ok/guidance/oesc/employer-important-numbers/2023,https://oklahoma.gov/content/dam/ok/en/oesc/images/misc/Employer-Important-Numbers-2023.pdf,"OESC Important Numbers for 2023 (rates, taxable wage base, maximum weekly benefit)"
https://oklahoma.gov/content/dam/ok/en/oesc/images/misc/Employer-Important-Numbers-2024.pdf,us-ok,ui,FETCH,PRESENT,us-ok/guidance/2026-10-06-w6-benefits-guidance-ok,us-ok/guidance/oesc/employer-important-numbers/2024,https://oklahoma.gov/content/dam/ok/en/oesc/images/misc/Employer-Important-Numbers-2024.pdf,"OESC Important Numbers for 2024 (rates, taxable wage base, maximum weekly benefit)"
https://oklahoma.gov/content/dam/ok/en/oesc/images/misc/Employer-Important-Numbers-2025.pdf,us-ok,ui,FETCH,PRESENT,us-ok/guidance/2026-10-06-w6-benefits-guidance-ok,us-ok/guidance/oesc/employer-important-numbers/2025,https://oklahoma.gov/content/dam/ok/en/oesc/images/misc/Employer-Important-Numbers-2025.pdf,"OESC Important Numbers for 2025 (rates, taxable wage base, maximum weekly benefit)"
https://oklahoma.gov/content/dam/ok/en/oesc/images/misc/Employer-Improtant-Numbers-2026.pdf,us-ok,ui,FETCH,PRESENT,us-ok/guidance/2026-10-06-w6-benefits-guidance-ok,us-ok/guidance/oesc/employer-important-numbers/2026,https://oklahoma.gov/content/dam/ok/en/oesc/images/misc/Employer-Improtant-Numbers-2026.pdf,"OESC Important Numbers for 2026 (rates, taxable wage base, maximum weekly benefit)"
https://www.oklahoma.gov/content/dam/ok/en/oesc/documents/labor-market/publications/special-reports/oklahoma-ui-tax-rates-industry-size-county-2021.pdf,us-ok,ui,FETCH,OUT-OF-SCOPE,,,,"OESC 'Oklahoma UI Tax Rates by Industry, Establishment Size and County, 1st quarter 2016 to 2021': a statistical report, not a rule document"
https://www.oklegislature.gov/OK_Statutes/CompleteTitles/os40.pdf,us-ok,ui,FETCH,PRESENT,us-ok/statute/2026-10-06-w6-benefits-statute-ok,us-ok/statute/title-40-pdf,https://www.oklegislature.gov/OK_Statutes/CompleteTitles/os40.pdf,Oklahoma Statutes Title 40. Labor (complete title PDF)
https://www.oklegislature.gov/cf_pdf/2021-22%20ENR/hB/HB1933%20ENR.PDF,us-ok,ui,FETCH,PRESENT,us-ok/statute/2026-10-06-w6-benefits-statute-ok,us-ok/statute/session-laws/2021/hb1933,https://www.oklegislature.gov/cf_pdf/2021-22%20ENR/hB/HB1933%20ENR.PDF,"Oklahoma Enrolled House Bill No. 1933 (2021), relating to labor (unemployment)"
https://www.oscn.net/applications/oscn/DeliverDocument.asp?CiteID=492632,us-ok,ui,CHECK-PUBLISHER,PRESENT,us-ok/statute/2026-10-06-w6-benefits-statute-ok,us-ok/statute/title-40-pdf/page-48,https://www.oklegislature.gov/OK_Statutes/CompleteTitles/os40.pdf,"oscn.net (official, Oklahoma Supreme Court) answered the extractor with a Cloudflare 'OSCN Turnstile' challenge page; 40 O.S. § 1-231 is on page 48 of the Legislature's compiled Title 40 PDF (row 201)"
https://www.oscn.net/applications/oscn/DeliverDocument.asp?CiteID=77164,us-ok,ui,CHECK-PUBLISHER,PRESENT,us-ok/statute/2026-10-06-w6-benefits-statute-ok,us-ok/statute/title-40-pdf/page-49,https://www.oklegislature.gov/OK_Statutes/CompleteTitles/os40.pdf,"oscn.net (official, Oklahoma Supreme Court) answered the extractor with a Cloudflare 'OSCN Turnstile' challenge page; 40 O.S. § 2-104 is on page 49 of the Legislature's compiled Title 40 PDF (row 201)"
https://www.oscn.net/applications/oscn/DeliverDocument.asp?CiteID=77165,us-ok,ui,CHECK-PUBLISHER,PRESENT,us-ok/statute/2026-10-06-w6-benefits-statute-ok,us-ok/statute/title-40-pdf/page-50,https://www.oklegislature.gov/OK_Statutes/CompleteTitles/os40.pdf,"oscn.net (official, Oklahoma Supreme Court) answered the extractor with a Cloudflare 'OSCN Turnstile' challenge page; 40 O.S. § 2-105 is on page 50 of the Legislature's compiled Title 40 PDF (row 201)"
https://www.oscn.net/applications/oscn/DeliverDocument.asp?CiteID=77166,us-ok,ui,CHECK-PUBLISHER,OUTREACH,,,,oscn.net answered the first three section requests (1.5 s apart) and then HTTP 201 'OSCN Turnstile' (a Cloudflare Turnstile challenge page) for CiteID 77166 and 77177; not solved or worked around. The sections are in the Title 40 PDF taken from oklegislature.gov (row 201) but their section numbers were not identified behind the challenge
https://www.oscn.net/applications/oscn/DeliverDocument.asp?CiteID=77177,us-ok,ui,CHECK-PUBLISHER,OUTREACH,,,,oscn.net answered the first three section requests (1.5 s apart) and then HTTP 201 'OSCN Turnstile' (a Cloudflare Turnstile challenge page) for CiteID 77166 and 77177; not solved or worked around. The sections are in the Title 40 PDF taken from oklegislature.gov (row 201) but their section numbers were not identified behind the challenge
https://ch461rules.odhs.oregon.gov/rules/461-140-0266.pdf,us-or,snap,FETCH,ALREADY-HELD,us-or/regulation/2026-09-10-tanf-state-policy-manual-chapter-461-r2026-09-14-150-316-consolidated,us-or/regulation/chapter-461/division-140/rule-461-140-0266,,OAR chapter 461 is held whole (2026-09-14 consolidated successor of the TANF chapter-461 scope)
https://ch461rules.odhs.oregon.gov/rules/461-155-0180.pdf,us-or,snap tanf,FETCH,ALREADY-HELD,us-or/regulation/2026-09-10-tanf-state-policy-manual-chapter-461-r2026-09-14-150-316-consolidated,us-or/regulation/chapter-461/division-155/rule-461-155-0180,,OAR chapter 461 is held whole (2026-09-14 consolidated successor of the TANF chapter-461 scope)
https://oregon.public.law/rules/oar_461-160-0430,us-or,snap,CHECK-PUBLISHER,ALREADY-HELD,us-or/regulation/2026-09-10-tanf-state-policy-manual-chapter-461-r2026-09-14-150-316-consolidated,us-or/regulation/chapter-461/division-160/rule-461-160-0430,,OAR chapter 461 is held whole (2026-09-14 consolidated successor of the TANF chapter-461 scope)
http://services.dpw.state.pa.us:80/oimpolicymanuals/snap/560_Income_Deductions/560_Appendix_A.htm,us-pa,snap,EXTRACT-MANIFEST,ALREADY-HELD,us-pa/manual/2026-07-21-pa-snap-handbook,us-pa/manual/dhs/snap/560-income-deductions-560-appendix-a,http://services.dpw.state.pa.us/oimpolicymanuals/snap/560_Income_Deductions/560_Appendix_A.htm,inventory source_url matches
https://www.pa.gov/content/dam/copapwp-pagov/en/dli/documents/uc/uc_law.pdf,us-pa,ui,FETCH,PRESENT,us-pa/guidance/2026-10-06-w6-benefits-guidance-pa,us-pa/guidance/dli/uc-law,https://www.pa.gov/content/dam/copapwp-pagov/en/dli/documents/uc/uc_law.pdf,Pennsylvania Unemployment Compensation Law (Department of Labor & Industry compilation)
https://www.pa.gov/content/dam/copapwp-pagov/en/dli/documents/uc/ucp-forms/ucp-1.pdf,us-pa,ui,FETCH,PRESENT,us-pa/guidance/2026-10-06-w6-benefits-guidance-pa,us-pa/guidance/dli/ucp-1-claimant-handbook,https://www.pa.gov/content/dam/copapwp-pagov/en/dli/documents/uc/ucp-forms/ucp-1.pdf,UCP-1 Unemployment Compensation Handbook (claimant handbook)
https://www.pacodeandbulletin.gov/Display/pabull?file=/secure/pabulletin/data/vol54/54-52/1863.html,us-pa,ui,FETCH,PRESENT,us-pa/rulemaking/2026-10-06-w6-benefits-rulemaking-pa,us-pa/rulemaking/pa-bulletin/54/24-1863,https://www.pacodeandbulletin.gov/Display/pabull?file=/secure/pabulletin/data/vol54/54-52/1863.html,"54 Pa.B. 8560 (Doc. No. 24-1863), Unemployment Compensation; Table Specified for Determination of Rate and Amount of Benefits (December 28, 2024)"
http://services.dpw.state.pa.us:80/oimpolicymanuals/manuals/bop/fs/560/560-05.htm,us-pa,snap,DEAD-LINK,ALREADY-HELD,us-pa/manual/2026-07-21-pa-snap-handbook,us-pa/manual/dhs/snap/560-income-deductions-snap-560-title,http://services.dpw.state.pa.us/oimpolicymanuals/snap/,the old bop/fs/560 paths answer 404 or no longer resolve; SNAP Handbook chapter 560 Income Deductions is held section by section (560.1-560.8 and Appendix A)
http://services.dpw.state.pa.us:80/oimpolicymanuals/manuals/bop/fs/560/560_A.htm,us-pa,snap,DEAD-LINK,ALREADY-HELD,us-pa/manual/2026-07-21-pa-snap-handbook,us-pa/manual/dhs/snap/560-income-deductions-560-appendix-a,http://services.dpw.state.pa.us/oimpolicymanuals/snap/560_Income_Deductions/560_Appendix_A.htm,the old 560_A path answers 404; chapter 560 Appendix A is held
http://www.dpw.state.pa.us:80/oimpolicymanuals/manuals/bop/fs/560/560-05.htm,us-pa,snap,DEAD-LINK,ALREADY-HELD,us-pa/manual/2026-07-21-pa-snap-handbook,us-pa/manual/dhs/snap/560-income-deductions-snap-560-title,http://services.dpw.state.pa.us/oimpolicymanuals/snap/,the old bop/fs/560 paths answer 404 or no longer resolve; SNAP Handbook chapter 560 Income Deductions is held section by section (560.1-560.8 and Appendix A)
https://www.scdhhs.gov/communications/optional-state-supplementation-oss-rate-increases,us-sc,ssi,FETCH,PRESENT,us-sc/guidance/2026-10-06-w6-benefits-guidance-sc,us-sc/guidance/scdhhs/communications/optional-state-supplementation-oss-rate-increases,https://www.scdhhs.gov/communications/optional-state-supplementation-oss-rate-increases,SCDHHS communication: Optional State Supplementation (OSS) Rate Increases
https://www.scdhhs.gov/communications/optional-state-supplementation-oss-rate-increases-0,us-sc,ssi,FETCH,PRESENT,us-sc/guidance/2026-10-06-w6-benefits-guidance-sc,us-sc/guidance/scdhhs/communications/optional-state-supplementation-oss-rate-increases-0,https://www.scdhhs.gov/communications/optional-state-supplementation-oss-rate-increases-0,SCDHHS communication: Optional State Supplementation (OSS) Rate Increases (second notice)
https://www.scdhhs.gov/communications/social-security-and-supplemental-security-income-cost-living-adjustment-increases,us-sc,ssi,FETCH,PRESENT,us-sc/guidance/2026-10-06-w6-benefits-guidance-sc,us-sc/guidance/scdhhs/communications/social-security-and-supplemental-security-income-cost-living-adjustment-increases,https://www.scdhhs.gov/communications/social-security-and-supplemental-security-income-cost-living-adjustment-increases,SCDHHS communication: Social Security and Supplemental Security Income Cost-of-living Adjustment Increases
https://www.scdhhs.gov/communications/social-security-and-supplemental-security-income-cost-living-adjustment-increases-0,us-sc,ssi,FETCH,PRESENT,us-sc/guidance/2026-10-06-w6-benefits-guidance-sc,us-sc/guidance/scdhhs/communications/social-security-and-supplemental-security-income-cost-living-adjustment-increases-0,https://www.scdhhs.gov/communications/social-security-and-supplemental-security-income-cost-living-adjustment-increases-0,SCDHHS communication: Social Security and Supplemental Security Income Cost-of-living Adjustment Increases (second notice)
https://www.scdhhs.gov/communications/social-security-and-supplemental-security-income-ssi-cost-living-adjustment-cola,us-sc,ssi,FETCH,PRESENT,us-sc/guidance/2026-10-06-w6-benefits-guidance-sc,us-sc/guidance/scdhhs/communications/social-security-and-supplemental-security-income-ssi-cost-living-adjustment-cola,https://www.scdhhs.gov/communications/social-security-and-supplemental-security-income-ssi-cost-living-adjustment-cola,SCDHHS communication: Social Security and Supplemental Security Income (SSI) Cost-of-living Adjustment (COLA)
https://www.law.cornell.edu/regulations/south-carolina/R-126-910,us-sc,ssi,OFFICIAL-SOURCE,SKIPPED,,,,Cornell LII mirror of S.C. Code Regs. R. 126-910; the official Code of Regulations chapter 126 PDF on scstatehouse.gov was not reached in the time box
https://www.law.cornell.edu/regulations/south-carolina/R-126-920,us-sc,ssi,OFFICIAL-SOURCE,SKIPPED,,,,Cornell LII mirror of S.C. Code Regs. R. 126-920; the official Code of Regulations chapter 126 PDF on scstatehouse.gov was not reached in the time box
us-tx/manual/hhs/texas-works-handbook/c-120-supplemental-nutrition-assistance-program,us-tx,snap,EXTRACT-MANIFEST,ALREADY-HELD,us-tx/manual/2026-07-13-tx-twh-c120,us-tx/manual/hhs/texas-works-handbook/c-120-supplemental-nutrition-assistance-program,https://www.hhs.texas.gov/handbooks/texas-works-handbook/c-120-supplemental-nutrition-assistance-program,the manifest's document is held (inventory source_url matches)
https://capitol.texas.gov/tlodocs/88R/billtext/html/HB01287F.htm,us-tx,snap tanf,FETCH,PRESENT,us-tx/statute/2026-10-06-w6-benefits-statute-tx,us-tx/statute/session-laws/88r/hb1287,https://capitol.texas.gov/tlodocs/88R/billtext/html/HB01287F.htm,"Texas H.B. No. 1287 (88th Legislature, Regular Session), enrolled version"
https://statutes.capitol.texas.gov/Docs/HR/htm/HR.32.htm,us-tx,ssi,FETCH,SKIPPED,,,https://statutes.capitol.texas.gov/Docs/HR/htm/HR.32.htm,"statutes.capitol.texas.gov now serves a JavaScript application shell (no chapter text in the HTML); Human Resources Code chapter 32 needs the `extract-texas-tcas` route, not reached in the time box"
https://www.hhs.texas.gov/handbooks/medicaid-elderly-people-disabilities-handbook/h-1500-personal-needs-allowance,us-tx,ssi,FETCH,ALREADY-HELD,us-tx/manual/2026-09-10-medicaid-state-eligibility-manual,us-tx/manual/hhsc/medicaid/mepd-h-1500,https://www.hhs.texas.gov/handbooks/medicaid-elderly-people-disabilities-handbook/h-1500-personal-needs-allowance,inventory source_url matches
https://www.hhs.texas.gov/handbooks/medicaid-elderly-people-disabilities-handbook/h-6000-co-payment-ssi-cases,us-tx,ssi,FETCH,ALREADY-HELD,us-tx/manual/2026-09-10-medicaid-state-eligibility-manual,us-tx/manual/hhsc/medicaid/mepd-h-6000,https://www.hhs.texas.gov/handbooks/medicaid-elderly-people-disabilities-handbook/h-6000-co-payment-ssi-cases,inventory source_url matches
https://jobs.utah.gov/ui/UIShared/PDFs/BenefitCalculation.pdf,us-ut,ui,FETCH,PRESENT,us-ut/guidance/2026-10-06-w6-benefits-guidance-ut,us-ut/guidance/dws/ui/benefit-calculation,https://jobs.utah.gov/ui/UIShared/PDFs/BenefitCalculation.pdf,Unemployment Insurance Benefit Calculation (Utah DWS)
https://jobs.utah.gov/ui/jobseeker/claimantguide.pdf,us-ut,ui,FETCH,PRESENT,us-ut/guidance/2026-10-06-w6-benefits-guidance-ut,us-ut/guidance/dws/ui/claimant-guide,https://jobs.utah.gov/ui/jobseeker/claimantguide.pdf,Unemployment Insurance Claimant Guide (Utah DWS)
https://www.law.cornell.edu/regulations/utah/Utah-Admin-Code-R994-401-201,us-ut,ui,OFFICIAL-SOURCE,SKIPPED,,,,"Cornell LII mirror of Utah Admin. Code R994-401-201; official text is the eRules public API (the route of us-ut/regulation/2026-09-15-ssi-state-supplement-rules), not reached in the time box"
https://www.law.cornell.edu/regulations/utah/Utah-Admin-Code-R994-401-301,us-ut,ui,OFFICIAL-SOURCE,SKIPPED,,,,"Cornell LII mirror of Utah Admin. Code R994-401-301; official text is the eRules public API (the route of us-ut/regulation/2026-09-15-ssi-state-supplement-rules), not reached in the time box"
https://le.utah.gov/xcode/Title35A/Chapter4/35A-4-S201.html,us-ut,ui,DEAD-LINK,PRESENT,us-ut/statute/2026-10-06-w6-benefits-statute-ut,us-ut/statute/35a-4-201,https://le.utah.gov/xcode/Title35A/Chapter4/35A-4-S201.html,Utah Code Section 35A-4-201
https://le.utah.gov/xcode/Title35A/Chapter4/35A-4-S207.html,us-ut,ui,DEAD-LINK,PRESENT,us-ut/statute/2026-10-06-w6-benefits-statute-ut,us-ut/statute/35a-4-207,https://le.utah.gov/xcode/Title35A/Chapter4/35A-4-S207.html,Utah Code Section 35A-4-207
https://le.utah.gov/xcode/Title35A/Chapter4/35A-4-S401.html,us-ut,ui,DEAD-LINK,PRESENT,us-ut/statute/2026-10-06-w6-benefits-statute-ut,us-ut/statute/35a-4-401,https://le.utah.gov/xcode/Title35A/Chapter4/35A-4-S401.html,Utah Code Section 35A-4-401
https://le.utah.gov/xcode/Title35A/Chapter4/35A-4-S403.html,us-ut,ui,DEAD-LINK,PRESENT,us-ut/statute/2026-10-06-w6-benefits-statute-ut,us-ut/statute/35a-4-403,https://le.utah.gov/xcode/Title35A/Chapter4/35A-4-S403.html,Utah Code Section 35A-4-403
us-va/regulation/22vac40-601/70,us-va,snap,EXTRACT-MANIFEST,PRESENT,us-va/regulation/2026-10-06-w6-benefits-regulation-va,us-va/regulation/22vac40-601/70,https://law.lis.virginia.gov/admincode/title22/agency40/chapter601/section70/,manifest entry copied from manifests/us-va-22vac40-601-snap-regulation.yaml
us-va/regulation/22vac40-601/10,us-va,snap,EXTRACT-MANIFEST,PRESENT,us-va/regulation/2026-10-06-w6-benefits-regulation-va,us-va/regulation/22vac40-601/10,https://law.lis.virginia.gov/admincode/title22/agency40/chapter601/section10/,manifest entry copied from manifests/us-va-22vac40-601-snap-regulation.yaml
us-va/regulation/22vac40-601/20,us-va,snap,EXTRACT-MANIFEST,PRESENT,us-va/regulation/2026-10-06-w6-benefits-regulation-va,us-va/regulation/22vac40-601/20,https://law.lis.virginia.gov/admincode/title22/agency40/chapter601/section20/,manifest entry copied from manifests/us-va-22vac40-601-snap-regulation.yaml
us-va/regulation/22vac40-601/30,us-va,snap,EXTRACT-MANIFEST,PRESENT,us-va/regulation/2026-10-06-w6-benefits-regulation-va,us-va/regulation/22vac40-601/30,https://law.lis.virginia.gov/admincode/title22/agency40/chapter601/section30/,manifest entry copied from manifests/us-va-22vac40-601-snap-regulation.yaml
us-va/regulation/22vac40-601/40,us-va,snap,EXTRACT-MANIFEST,PRESENT,us-va/regulation/2026-10-06-w6-benefits-regulation-va,us-va/regulation/22vac40-601/40,https://law.lis.virginia.gov/admincode/title22/agency40/chapter601/section40/,manifest entry copied from manifests/us-va-22vac40-601-snap-regulation.yaml
us-va/regulation/22vac40-601/50,us-va,snap,EXTRACT-MANIFEST,PRESENT,us-va/regulation/2026-10-06-w6-benefits-regulation-va,us-va/regulation/22vac40-601/50,https://law.lis.virginia.gov/admincode/title22/agency40/chapter601/section50/,manifest entry copied from manifests/us-va-22vac40-601-snap-regulation.yaml
us-va/regulation/22vac40-601/60,us-va,snap,EXTRACT-MANIFEST,PRESENT,us-va/regulation/2026-10-06-w6-benefits-regulation-va,us-va/regulation/22vac40-601/60,https://law.lis.virginia.gov/admincode/title22/agency40/chapter601/section60/,manifest entry copied from manifests/us-va-22vac40-601-snap-regulation.yaml
http://humanservices.vermont.gov/on-line-rules/esd/esd-procedures/P2500/P2510E.pdf/view,us-vt,snap,DEAD-LINK,ALREADY-HELD,us-vt/manual/2026-07-21-vt-3squaresvt-manual,us-vt/manual/dcf/3squaresvt/3100-tables,https://dcf.vermont.gov/benefits/3SquaresVT,"the humanservices.vermont.gov on-line-rules paths answer 404; the ESD food stamp rules and procedure tables were replaced by the 3SquaresVT Rules (manual) held whole, with the standards in 3100 Tables"
http://humanservices.vermont.gov/on-line-rules/esd/group-food-stamp-rules/view,us-vt,snap,DEAD-LINK,ALREADY-HELD,us-vt/manual/2026-07-21-vt-3squaresvt-manual,us-vt/manual/dcf/3squaresvt/3100-tables,https://dcf.vermont.gov/benefits/3SquaresVT,"the humanservices.vermont.gov on-line-rules paths answer 404; the ESD food stamp rules and procedure tables were replaced by the 3SquaresVT Rules (manual) held whole, with the standards in 3100 Tables"
https://app.leg.wa.gov/WAC/default.aspx?cite=388-414-0001,us-wa,snap tanf,FETCH,PRESENT,us-wa/regulation/2026-10-06-w6-benefits-regulation-wa,us-wa/regulation/388/388-414/388-414-0001,https://app.leg.wa.gov/WAC/default.aspx?cite=388-414-0001,WAC 388-414-0001 Broad-based categorical eligibility (BBCE)
https://app.leg.wa.gov/wac/default.aspx?cite=388-474-0012,us-wa,ssi,FETCH,ALREADY-HELD,us-wa/regulation/2026-07-01-388-474-r2026-07-15-self-contained-r2026-07-17-dedup,us-wa/regulation/388/388-474/388-474-0012,,held through the washington-wac adapter (inventory source_url matches)
https://app.leg.wa.gov/wac/default.aspx?cite=388-478-0055,us-wa,ssi,FETCH,ALREADY-HELD,us-wa/regulation/2026-06-25-388-478-r2026-07-15-self-contained-r2026-07-17-dedup,us-wa/regulation/388/388-478/388-478-0055,,held through the washington-wac adapter (inventory source_url matches)
https://app.leg.wa.gov/wac/default.aspx?cite=388-478-0057,us-wa,ssi,FETCH,ALREADY-HELD,us-wa/regulation/2026-06-25-388-478-r2026-07-15-self-contained-r2026-07-17-dedup,us-wa/regulation/388/388-478/388-478-0057,,held through the washington-wac adapter (inventory source_url matches)
https://lawfilesext.leg.wa.gov/law/wsr/2006/16/06-16-071.htm,us-wa,ssi,FETCH,PRESENT,us-wa/rulemaking/2026-10-06-w6-benefits-rulemaking-wa,us-wa/rulemaking/wsr/06-16-071,https://lawfilesext.leg.wa.gov/law/wsr/2006/16/06-16-071.htm,Washington State Register WSR 06-16-071
https://lawfilesext.leg.wa.gov/law/wsr/2007/22/07-22-022.htm,us-wa,ssi,FETCH,PRESENT,us-wa/rulemaking/2026-10-06-w6-benefits-rulemaking-wa,us-wa/rulemaking/wsr/07-22-022,https://lawfilesext.leg.wa.gov/law/wsr/2007/22/07-22-022.htm,Washington State Register WSR 07-22-022
https://lawfilesext.leg.wa.gov/law/wsr/2008/16/08-16-067.htm,us-wa,ssi,FETCH,PRESENT,us-wa/rulemaking/2026-10-06-w6-benefits-rulemaking-wa,us-wa/rulemaking/wsr/08-16-067,https://lawfilesext.leg.wa.gov/law/wsr/2008/16/08-16-067.htm,Washington State Register WSR 08-16-067
https://lawfilesext.leg.wa.gov/law/wsr/2013/22/13-22-037.htm,us-wa,ssi,FETCH,PRESENT,us-wa/rulemaking/2026-10-06-w6-benefits-rulemaking-wa,us-wa/rulemaking/wsr/13-22-037,https://lawfilesext.leg.wa.gov/law/wsr/2013/22/13-22-037.htm,Washington State Register WSR 13-22-037
https://lawfilesext.leg.wa.gov/law/wsr/2018/24/18-24-032.htm,us-wa,ssi,FETCH,PRESENT,us-wa/rulemaking/2026-10-06-w6-benefits-rulemaking-wa,us-wa/rulemaking/wsr/18-24-032,https://lawfilesext.leg.wa.gov/law/wsr/2018/24/18-24-032.htm,Washington State Register WSR 18-24-032
https://lawfilesext.leg.wa.gov/law/wsr/2020/23/20-23-053.htm,us-wa,ssi,FETCH,PRESENT,us-wa/rulemaking/2026-10-06-w6-benefits-rulemaking-wa,us-wa/rulemaking/wsr/20-23-053,https://lawfilesext.leg.wa.gov/law/wsr/2020/23/20-23-053.htm,Washington State Register WSR 20-23-053
https://lawfilesext.leg.wa.gov/law/wsr/2023/14/23-14-065.htm,us-wa,ssi,FETCH,PRESENT,us-wa/rulemaking/2026-10-06-w6-benefits-rulemaking-wa,us-wa/rulemaking/wsr/23-14-065,https://lawfilesext.leg.wa.gov/law/wsr/2023/14/23-14-065.htm,Washington State Register WSR 23-14-065
https://lawfilesext.leg.wa.gov/law/wsr/2023/24/23-24-009.htm,us-wa,ssi,FETCH,PRESENT,us-wa/rulemaking/2026-10-06-w6-benefits-rulemaking-wa,us-wa/rulemaking/wsr/23-24-009,https://lawfilesext.leg.wa.gov/law/wsr/2023/24/23-24-009.htm,Washington State Register WSR 23-24-009
https://lawfilesext.leg.wa.gov/law/wsr/2024/02/24-02EMER.pdf,us-wa,ssi,FETCH,PRESENT,us-wa/rulemaking/2026-10-06-w6-benefits-rulemaking-wa,us-wa/rulemaking/wsr/24-02emer,https://lawfilesext.leg.wa.gov/law/wsr/2024/02/24-02EMER.pdf,Washington State Register WSR 24-02EMER
https://lawfilesext.leg.wa.gov/law/wsr/2024/06/24-06-025.htm,us-wa,ssi,FETCH,PRESENT,us-wa/rulemaking/2026-10-06-w6-benefits-rulemaking-wa,us-wa/rulemaking/wsr/24-06-025,https://lawfilesext.leg.wa.gov/law/wsr/2024/06/24-06-025.htm,Washington State Register WSR 24-06-025
https://www.hca.wa.gov/assets/free-or-low-cost/income-standards-20240101.pdf,us-wa,ssi,FETCH,PRESENT,us-wa/guidance/2026-10-06-w6-benefits-guidance-wa,us-wa/guidance/hca/income-standards/2024-01-01,https://www.hca.wa.gov/assets/free-or-low-cost/income-standards-20240101.pdf,"Washington Apple Health income and resource standards, effective 2024-01-01"
https://www.hca.wa.gov/assets/free-or-low-cost/income-standards-20250101.pdf,us-wa,ssi,FETCH,PRESENT,us-wa/guidance/2026-10-06-w6-benefits-guidance-wa,us-wa/guidance/hca/income-standards/2025-01-01,https://www.hca.wa.gov/assets/free-or-low-cost/income-standards-20250101.pdf,"Washington Apple Health income and resource standards, effective 2025-01-01"
https://www.hca.wa.gov/assets/free-or-low-cost/income-standards-20260101.pdf,us-wa,ssi,FETCH,PRESENT,us-wa/guidance/2026-10-06-w6-benefits-guidance-wa,us-wa/guidance/hca/income-standards/2026-01-01,https://www.hca.wa.gov/assets/free-or-low-cost/income-standards-20260101.pdf,"Washington Apple Health income and resource standards, effective 2026-01-01"
https://www.dhs.wisconsin.gov/dms/memos/ops/dms-ops-2026-30.pdf,us-wi,snap,FETCH,PRESENT,us-wi/guidance/2026-10-06-w6-benefits-guidance-wi,us-wi/guidance/dhs/dms/ops-memo/2026-30,https://www.dhs.wisconsin.gov/dms/memos/ops/dms-ops-2026-30.pdf,DMS Operations Memo 2026-30 (Wisconsin DHS)
