WITH MONTHLY NET INCOME OF:,FOOD BENEFIT ALLOTMENT BY HOUSEHOLD SIZE 1,FOOD BENEFIT ALLOTMENT BY HOUSEHOLD SIZE 2,FOOD BENEFIT ALLOTMENT BY HOUSEHOLD SIZE 3,FOOD BENEFIT ALLOTMENT BY HOUSEHOLD SIZE 4,FOOD BENEFIT ALLOTMENT BY HOUSEHOLD SIZE 5,FOOD BENEFIT ALLOTMENT BY HOUSEHOLD SIZE 6,FOOD BENEFIT ALLOTMENT BY HOUSEHOLD SIZE 7,FOOD BENEFIT ALLOTMENT BY HOUSEHOLD SIZE 8
0-0,$298,$546,$785,$994,"$1,183","$1,421","$1,571","$1,789"
1-3,$297,$545,$784,$993,"$1,182","$1,420","$1,570","$1,788"
4-6,$296,$544,$783,$992,"$1,181","$1,419","$1,569","$1,787"
7-10,$295,$543,$782,$991,"$1,180","$1,418","$1,568","$1,786"
11-13,$294,$542,$781,$990,"$1,179","$1,417","$1,567","$1,785"
14-16,$293,$541,$780,$989,"$1,178","$1,416","$1,566","$1,784"
17-20,$292,$540,$779,$988,"$1,177","$1,415","$1,565","$1,783"
21-23,$291,$539,$778,$987,"$1,176","$1,414","$1,564","$1,782"
24-26,$290,$538,$777,$986,"$1,175","$1,413","$1,563","$1,781"
27-30,$289,$537,$776,$985,"$1,174","$1,412","$1,562","$1,780"
31-33,$288,$536,$775,$984,"$1,173","$1,411","$1,561","$1,779"
34-36,$287,$535,$774,$983,"$1,172","$1,410","$1,560","$1,778"
37-40,$286,$534,$773,$982,"$1,171","$1,409","$1,559","$1,777"
41-43,$285,$533,$772,$981,"$1,170","$1,408","$1,558","$1,776"
44-46,$284,$532,$771,$980,"$1,169","$1,407","$1,557","$1,775"
47-50,$283,$531,$770,$979,"$1,168","$1,406","$1,556","$1,774"
51-53,$282,$530,$769,$978,"$1,167","$1,405","$1,555","$1,773"
54-56,$281,$529,$768,$977,"$1,166","$1,404","$1,554","$1,772"
57-60,$280,$528,$767,$976,"$1,165","$1,403","$1,553","$1,771"
61-63,$279,$527,$766,$975,"$1,164","$1,402","$1,552","$1,770"
64-66,$278,$526,$765,$974,"$1,163","$1,401","$1,551","$1,769"
67-70,$277,$525,$764,$973,"$1,162","$1,400","$1,550","$1,768"
71-73,$276,$524,$763,$972,"$1,161","$1,399","$1,549","$1,767"
74-76,$275,$523,$762,$971,"$1,160","$1,398","$1,548","$1,766"
77-80,$274,$522,$761,$970,"$1,159","$1,397","$1,547","$1,765"
81-83,$273,$521,$760,$969,"$1,158","$1,396","$1,546","$1,764"
84-86,$272,$520,$759,$968,"$1,157","$1,395","$1,545","$1,763"
87-90,$271,$519,$758,$967,"$1,156","$1,394","$1,544","$1,762"
91-93,$270,$518,$757,$966,"$1,155","$1,393","$1,543","$1,761"
94-96,$269,$517,$756,$965,"$1,154","$1,392","$1,542","$1,760"
97-100,$268,$516,$755,$964,"$1,153","$1,391","$1,541","$1,759"
101-103,$267,$515,$754,$963,"$1,152","$1,390","$1,540","$1,758"
104-106,$266,$514,$753,$962,"$1,151","$1,389","$1,539","$1,757"
107-110,$265,$513,$752,$961,"$1,150","$1,388","$1,538","$1,756"
111-113,$264,$512,$751,$960,"$1,149","$1,387","$1,537","$1,755"
114-116,$263,$511,$750,$959,"$1,148","$1,386","$1,536","$1,754"
117-120,$262,$510,$749,$958,"$1,147","$1,385","$1,535","$1,753"
121-123,$261,$509,$748,$957,"$1,146","$1,384","$1,534","$1,752"
124-126,$260,$508,$747,$956,"$1,145","$1,383","$1,533","$1,751"
127-130,$259,$507,$746,$955,"$1,144","$1,382","$1,532","$1,750"
131-133,$258,$506,$745,$954,"$1,143","$1,381","$1,531","$1,749"
134-136,$257,$505,$744,$953,"$1,142","$1,380","$1,530","$1,748"
137-140,$256,$504,$743,$952,"$1,141","$1,379","$1,529","$1,747"
141-143,$255,$503,$742,$951,"$1,140","$1,378","$1,528","$1,746"
144-146,$254,$502,$741,$950,"$1,139","$1,377","$1,527","$1,745"
147-150,$253,$501,$740,$949,"$1,138","$1,376","$1,526","$1,744"
151-153,$252,$500,$739,$948,"$1,137","$1,375","$1,525","$1,743"
154-156,$251,$499,$738,$947,"$1,136","$1,374","$1,524","$1,742"
157-160,$250,$498,$737,$946,"$1,135","$1,373","$1,523","$1,741"
161-163,$249,$497,$736,$945,"$1,134","$1,372","$1,522","$1,740"
164-166,$248,$496,$735,$944,"$1,133","$1,371","$1,521","$1,739"
167-170,$247,$495,$734,$943,"$1,132","$1,370","$1,520","$1,738"
171-173,$246,$494,$733,$942,"$1,131","$1,369","$1,519","$1,737"
174-176,$245,$493,$732,$941,"$1,130","$1,368","$1,518","$1,736"
177-180,$244,$492,$731,$940,"$1,129","$1,367","$1,517","$1,735"
181-183,$243,$491,$730,$939,"$1,128","$1,366","$1,516","$1,734"
184-186,$242,$490,$729,$938,"$1,127","$1,365","$1,515","$1,733"
187-190,$241,$489,$728,$937,"$1,126","$1,364","$1,514","$1,732"
191-193,$240,$488,$727,$936,"$1,125","$1,363","$1,513","$1,731"
194-196,$239,$487,$726,$935,"$1,124","$1,362","$1,512","$1,730"
197-200,$238,$486,$725,$934,"$1,123","$1,361","$1,511","$1,729"
201-203,$237,$485,$724,$933,"$1,122","$1,360","$1,510","$1,728"
204-206,$236,$484,$723,$932,"$1,121","$1,359","$1,509","$1,727"
207-210,$235,$483,$722,$931,"$1,120","$1,358","$1,508","$1,726"
211-213,$234,$482,$721,$930,"$1,119","$1,357","$1,507","$1,725"
214-216,$233,$481,$720,$929,"$1,118","$1,356","$1,506","$1,724"
217-220,$232,$480,$719,$928,"$1,117","$1,355","$1,505","$1,723"
221-223,$231,$479,$718,$927,"$1,116","$1,354","$1,504","$1,722"
224-226,$230,$478,$717,$926,"$1,115","$1,353","$1,503","$1,721"
227-230,$229,$477,$716,$925,"$1,114","$1,352","$1,502","$1,720"
231-233,$228,$476,$715,$924,"$1,113","$1,351","$1,501","$1,719"
234-236,$227,$475,$714,$923,"$1,112","$1,350","$1,500","$1,718"
237-240,$226,$474,$713,$922,"$1,111","$1,349","$1,499","$1,717"
241-243,$225,$473,$712,$921,"$1,110","$1,348","$1,498","$1,716"
244-246,$224,$472,$711,$920,"$1,109","$1,347","$1,497","$1,715"
247-250,$223,$471,$710,$919,"$1,108","$1,346","$1,496","$1,714"
251-253,$222,$470,$709,$918,"$1,107","$1,345","$1,495","$1,713"
254-256,$221,$469,$708,$917,"$1,106","$1,344","$1,494","$1,712"
257-260,$220,$468,$707,$916,"$1,105","$1,343","$1,493","$1,711"
261-263,$219,$467,$706,$915,"$1,104","$1,342","$1,492","$1,710"
264-266,$218,$466,$705,$914,"$1,103","$1,341","$1,491","$1,709"
267-270,$217,$465,$704,$913,"$1,102","$1,340","$1,490","$1,708"
271-273,$216,$464,$703,$912,"$1,101","$1,339","$1,489","$1,707"
274-276,$215,$463,$702,$911,"$1,100","$1,338","$1,488","$1,706"
277-280,$214,$462,$701,$910,"$1,099","$1,337","$1,487","$1,705"
281-283,$213,$461,$700,$909,"$1,098","$1,336","$1,486","$1,704"
284-286,$212,$460,$699,$908,"$1,097","$1,335","$1,485","$1,703"
287-290,$211,$459,$698,$907,"$1,096","$1,334","$1,484","$1,702"
291-293,$210,$458,$697,$906,"$1,095","$1,333","$1,483","$1,701"
294-296,$209,$457,$696,$905,"$1,094","$1,332","$1,482","$1,700"
297-300,$208,$456,$695,$904,"$1,093","$1,331","$1,481","$1,699"
301-303,$207,$455,$694,$903,"$1,092","$1,330","$1,480","$1,698"
304-306,$206,$454,$693,$902,"$1,091","$1,329","$1,479","$1,697"
307-310,$205,$453,$692,$901,"$1,090","$1,328","$1,478","$1,696"
311-313,$204,$452,$691,$900,"$1,089","$1,327","$1,477","$1,695"
314-316,$203,$451,$690,$899,"$1,088","$1,326","$1,476","$1,694"
317-320,$202,$450,$689,$898,"$1,087","$1,325","$1,475","$1,693"
321-323,$201,$449,$688,$897,"$1,086","$1,324","$1,474","$1,692"
324-326,$200,$448,$687,$896,"$1,085","$1,323","$1,473","$1,691"
327-330,$199,$447,$686,$895,"$1,084","$1,322","$1,472","$1,690"
331-333,$198,$446,$685,$894,"$1,083","$1,321","$1,471","$1,689"
334-336,$197,$445,$684,$893,"$1,082","$1,320","$1,470","$1,688"
337-340,$196,$444,$683,$892,"$1,081","$1,319","$1,469","$1,687"
341-343,$195,$443,$682,$891,"$1,080","$1,318","$1,468","$1,686"
344-346,$194,$442,$681,$890,"$1,079","$1,317","$1,467","$1,685"
347-350,$193,$441,$680,$889,"$1,078","$1,316","$1,466","$1,684"
351-353,$192,$440,$679,$888,"$1,077","$1,315","$1,465","$1,683"
354-356,$191,$439,$678,$887,"$1,076","$1,314","$1,464","$1,682"
357-360,$190,$438,$677,$886,"$1,075","$1,313","$1,463","$1,681"
361-363,$189,$437,$676,$885,"$1,074","$1,312","$1,462","$1,680"
364-366,$188,$436,$675,$884,"$1,073","$1,311","$1,461","$1,679"
367-370,$187,$435,$674,$883,"$1,072","$1,310","$1,460","$1,678"
371-373,$186,$434,$673,$882,"$1,071","$1,309","$1,459","$1,677"
374-376,$185,$433,$672,$881,"$1,070","$1,308","$1,458","$1,676"
377-380,$184,$432,$671,$880,"$1,069","$1,307","$1,457","$1,675"
381-383,$183,$431,$670,$879,"$1,068","$1,306","$1,456","$1,674"
384-386,$182,$430,$669,$878,"$1,067","$1,305","$1,455","$1,673"
387-390,$181,$429,$668,$877,"$1,066","$1,304","$1,454","$1,672"
391-393,$180,$428,$667,$876,"$1,065","$1,303","$1,453","$1,671"
394-396,$179,$427,$666,$875,"$1,064","$1,302","$1,452","$1,670"
397-400,$178,$426,$665,$874,"$1,063","$1,301","$1,451","$1,669"
401-403,$177,$425,$664,$873,"$1,062","$1,300","$1,450","$1,668"
404-406,$176,$424,$663,$872,"$1,061","$1,299","$1,449","$1,667"
407-410,$175,$423,$662,$871,"$1,060","$1,298","$1,448","$1,666"
411-413,$174,$422,$661,$870,"$1,059","$1,297","$1,447","$1,665"
414-416,$173,$421,$660,$869,"$1,058","$1,296","$1,446","$1,664"
417-420,$172,$420,$659,$868,"$1,057","$1,295","$1,445","$1,663"
421-423,$171,$419,$658,$867,"$1,056","$1,294","$1,444","$1,662"
424-426,$170,$418,$657,$866,"$1,055","$1,293","$1,443","$1,661"
427-430,$169,$417,$656,$865,"$1,054","$1,292","$1,442","$1,660"
431-433,$168,$416,$655,$864,"$1,053","$1,291","$1,441","$1,659"
434-436,$167,$415,$654,$863,"$1,052","$1,290","$1,440","$1,658"
437-440,$166,$414,$653,$862,"$1,051","$1,289","$1,439","$1,657"
441-443,$165,$413,$652,$861,"$1,050","$1,288","$1,438","$1,656"
444-446,$164,$412,$651,$860,"$1,049","$1,287","$1,437","$1,655"
447-450,$163,$411,$650,$859,"$1,048","$1,286","$1,436","$1,654"
451-453,$162,$410,$649,$858,"$1,047","$1,285","$1,435","$1,653"
454-456,$161,$409,$648,$857,"$1,046","$1,284","$1,434","$1,652"
457-460,$160,$408,$647,$856,"$1,045","$1,283","$1,433","$1,651"
461-463,$159,$407,$646,$855,"$1,044","$1,282","$1,432","$1,650"
464-466,$158,$406,$645,$854,"$1,043","$1,281","$1,431","$1,649"
467-470,$157,$405,$644,$853,"$1,042","$1,280","$1,430","$1,648"
471-473,$156,$404,$643,$852,"$1,041","$1,279","$1,429","$1,647"
474-476,$155,$403,$642,$851,"$1,040","$1,278","$1,428","$1,646"
477-480,$154,$402,$641,$850,"$1,039","$1,277","$1,427","$1,645"
481-483,$153,$401,$640,$849,"$1,038","$1,276","$1,426","$1,644"
484-486,$152,$400,$639,$848,"$1,037","$1,275","$1,425","$1,643"
487-490,$151,$399,$638,$847,"$1,036","$1,274","$1,424","$1,642"
491-493,$150,$398,$637,$846,"$1,035","$1,273","$1,423","$1,641"
494-496,$149,$397,$636,$845,"$1,034","$1,272","$1,422","$1,640"
497-500,$148,$396,$635,$844,"$1,033","$1,271","$1,421","$1,639"
501-503,$147,$395,$634,$843,"$1,032","$1,270","$1,420","$1,638"
504-506,$146,$394,$633,$842,"$1,031","$1,269","$1,419","$1,637"
507-510,$145,$393,$632,$841,"$1,030","$1,268","$1,418","$1,636"
511-513,$144,$392,$631,$840,"$1,029","$1,267","$1,417","$1,635"
514-516,$143,$391,$630,$839,"$1,028","$1,266","$1,416","$1,634"
517-520,$142,$390,$629,$838,"$1,027","$1,265","$1,415","$1,633"
521-523,$141,$389,$628,$837,"$1,026","$1,264","$1,414","$1,632"
524-526,$140,$388,$627,$836,"$1,025","$1,263","$1,413","$1,631"
527-530,$139,$387,$626,$835,"$1,024","$1,262","$1,412","$1,630"
531-533,$138,$386,$625,$834,"$1,023","$1,261","$1,411","$1,629"
534-536,$137,$385,$624,$833,"$1,022","$1,260","$1,410","$1,628"
537-540,$136,$384,$623,$832,"$1,021","$1,259","$1,409","$1,627"
541-543,$135,$383,$622,$831,"$1,020","$1,258","$1,408","$1,626"
544-546,$134,$382,$621,$830,"$1,019","$1,257","$1,407","$1,625"
547-550,$133,$381,$620,$829,"$1,018","$1,256","$1,406","$1,624"
551-553,$132,$380,$619,$828,"$1,017","$1,255","$1,405","$1,623"
554-556,$131,$379,$618,$827,"$1,016","$1,254","$1,404","$1,622"
557-560,$130,$378,$617,$826,"$1,015","$1,253","$1,403","$1,621"
561-563,$129,$377,$616,$825,"$1,014","$1,252","$1,402","$1,620"
564-566,$128,$376,$615,$824,"$1,013","$1,251","$1,401","$1,619"
567-570,$127,$375,$614,$823,"$1,012","$1,250","$1,400","$1,618"
571-573,$126,$374,$613,$822,"$1,011","$1,249","$1,399","$1,617"
574-576,$125,$373,$612,$821,"$1,010","$1,248","$1,398","$1,616"
577-580,$124,$372,$611,$820,"$1,009","$1,247","$1,397","$1,615"
581-583,$123,$371,$610,$819,"$1,008","$1,246","$1,396","$1,614"
584-586,$122,$370,$609,$818,"$1,007","$1,245","$1,395","$1,613"
587-590,$121,$369,$608,$817,"$1,006","$1,244","$1,394","$1,612"
591-593,$120,$368,$607,$816,"$1,005","$1,243","$1,393","$1,611"
594-596,$119,$367,$606,$815,"$1,004","$1,242","$1,392","$1,610"
597-600,$118,$366,$605,$814,"$1,003","$1,241","$1,391","$1,609"
601-603,$117,$365,$604,$813,"$1,002","$1,240","$1,390","$1,608"
604-606,$116,$364,$603,$812,"$1,001","$1,239","$1,389","$1,607"
607-610,$115,$363,$602,$811,"$1,000","$1,238","$1,388","$1,606"
611-613,$114,$362,$601,$810,$999,"$1,237","$1,387","$1,605"
614-616,$113,$361,$600,$809,$998,"$1,236","$1,386","$1,604"
617-620,$112,$360,$599,$808,$997,"$1,235","$1,385","$1,603"
621-623,$111,$359,$598,$807,$996,"$1,234","$1,384","$1,602"
624-626,$110,$358,$597,$806,$995,"$1,233","$1,383","$1,601"
627-630,$109,$357,$596,$805,$994,"$1,232","$1,382","$1,600"
631-633,$108,$356,$595,$804,$993,"$1,231","$1,381","$1,599"
634-636,$107,$355,$594,$803,$992,"$1,230","$1,380","$1,598"
637-640,$106,$354,$593,$802,$991,"$1,229","$1,379","$1,597"
641-643,$105,$353,$592,$801,$990,"$1,228","$1,378","$1,596"
644-646,$104,$352,$591,$800,$989,"$1,227","$1,377","$1,595"
647-650,$103,$351,$590,$799,$988,"$1,226","$1,376","$1,594"
651-653,$102,$350,$589,$798,$987,"$1,225","$1,375","$1,593"
654-656,$101,$349,$588,$797,$986,"$1,224","$1,374","$1,592"
657-660,$100,$348,$587,$796,$985,"$1,223","$1,373","$1,591"
661-663,$99,$347,$586,$795,$984,"$1,222","$1,372","$1,590"
664-666,$98,$346,$585,$794,$983,"$1,221","$1,371","$1,589"
667-670,$97,$345,$584,$793,$982,"$1,220","$1,370","$1,588"
671-673,$96,$344,$583,$792,$981,"$1,219","$1,369","$1,587"
674-676,$95,$343,$582,$791,$980,"$1,218","$1,368","$1,586"
677-680,$94,$342,$581,$790,$979,"$1,217","$1,367","$1,585"
681-683,$93,$341,$580,$789,$978,"$1,216","$1,366","$1,584"
684-686,$92,$340,$579,$788,$977,"$1,215","$1,365","$1,583"
687-690,$91,$339,$578,$787,$976,"$1,214","$1,364","$1,582"
691-693,$90,$338,$577,$786,$975,"$1,213","$1,363","$1,581"
694-696,$89,$337,$576,$785,$974,"$1,212","$1,362","$1,580"
697-700,$88,$336,$575,$784,$973,"$1,211","$1,361","$1,579"
701-703,$87,$335,$574,$783,$972,"$1,210","$1,360","$1,578"
704-706,$86,$334,$573,$782,$971,"$1,209","$1,359","$1,577"
707-710,$85,$333,$572,$781,$970,"$1,208","$1,358","$1,576"
711-713,$84,$332,$571,$780,$969,"$1,207","$1,357","$1,575"
714-716,$83,$331,$570,$779,$968,"$1,206","$1,356","$1,574"
717-720,$82,$330,$569,$778,$967,"$1,205","$1,355","$1,573"
721-723,$81,$329,$568,$777,$966,"$1,204","$1,354","$1,572"
724-726,$80,$328,$567,$776,$965,"$1,203","$1,353","$1,571"
727-730,$79,$327,$566,$775,$964,"$1,202","$1,352","$1,570"
731-733,$78,$326,$565,$774,$963,"$1,201","$1,351","$1,569"
734-736,$77,$325,$564,$773,$962,"$1,200","$1,350","$1,568"
737-740,$76,$324,$563,$772,$961,"$1,199","$1,349","$1,567"
741-743,$75,$323,$562,$771,$960,"$1,198","$1,348","$1,566"
744-746,$74,$322,$561,$770,$959,"$1,197","$1,347","$1,565"
747-750,$73,$321,$560,$769,$958,"$1,196","$1,346","$1,564"
751-753,$72,$320,$559,$768,$957,"$1,195","$1,345","$1,563"
754-756,$71,$319,$558,$767,$956,"$1,194","$1,344","$1,562"
757-760,$70,$318,$557,$766,$955,"$1,193","$1,343","$1,561"
761-763,$69,$317,$556,$765,$954,"$1,192","$1,342","$1,560"
764-766,$68,$316,$555,$764,$953,"$1,191","$1,341","$1,559"
767-770,$67,$315,$554,$763,$952,"$1,190","$1,340","$1,558"
771-773,$66,$314,$553,$762,$951,"$1,189","$1,339","$1,557"
774-776,$65,$313,$552,$761,$950,"$1,188","$1,338","$1,556"
777-780,$64,$312,$551,$760,$949,"$1,187","$1,337","$1,555"
781-783,$63,$311,$550,$759,$948,"$1,186","$1,336","$1,554"
784-786,$62,$310,$549,$758,$947,"$1,185","$1,335","$1,553"
787-790,$61,$309,$548,$757,$946,"$1,184","$1,334","$1,552"
791-793,$60,$308,$547,$756,$945,"$1,183","$1,333","$1,551"
794-796,$59,$307,$546,$755,$944,"$1,182","$1,332","$1,550"
797-800,$58,$306,$545,$754,$943,"$1,181","$1,331","$1,549"
801-803,$57,$305,$544,$753,$942,"$1,180","$1,330","$1,548"
804-806,$56,$304,$543,$752,$941,"$1,179","$1,329","$1,547"
807-810,$55,$303,$542,$751,$940,"$1,178","$1,328","$1,546"
811-813,$54,$302,$541,$750,$939,"$1,177","$1,327","$1,545"
814-816,$53,$301,$540,$749,$938,"$1,176","$1,326","$1,544"
817-820,$52,$300,$539,$748,$937,"$1,175","$1,325","$1,543"
821-823,$51,$299,$538,$747,$936,"$1,174","$1,324","$1,542"
824-826,$50,$298,$537,$746,$935,"$1,173","$1,323","$1,541"
827-830,$49,$297,$536,$745,$934,"$1,172","$1,322","$1,540"
831-833,$48,$296,$535,$744,$933,"$1,171","$1,321","$1,539"
834-836,$47,$295,$534,$743,$932,"$1,170","$1,320","$1,538"
837-840,$46,$294,$533,$742,$931,"$1,169","$1,319","$1,537"
841-843,$45,$293,$532,$741,$930,"$1,168","$1,318","$1,536"
844-846,$44,$292,$531,$740,$929,"$1,167","$1,317","$1,535"
847-850,$43,$291,$530,$739,$928,"$1,166","$1,316","$1,534"
851-853,$42,$290,$529,$738,$927,"$1,165","$1,315","$1,533"
854-856,$41,$289,$528,$737,$926,"$1,164","$1,314","$1,532"
857-860,$40,$288,$527,$736,$925,"$1,163","$1,313","$1,531"
861-863,$39,$287,$526,$735,$924,"$1,162","$1,312","$1,530"
864-866,$38,$286,$525,$734,$923,"$1,161","$1,311","$1,529"
867-870,$37,$285,$524,$733,$922,"$1,160","$1,310","$1,528"
871-873,$36,$284,$523,$732,$921,"$1,159","$1,309","$1,527"
874-876,$35,$283,$522,$731,$920,"$1,158","$1,308","$1,526"
877-880,$34,$282,$521,$730,$919,"$1,157","$1,307","$1,525"
881-883,$33,$281,$520,$729,$918,"$1,156","$1,306","$1,524"
884-886,$32,$280,$519,$728,$917,"$1,155","$1,305","$1,523"
887-890,$31,$279,$518,$727,$916,"$1,154","$1,304","$1,522"
891-893,$30,$278,$517,$726,$915,"$1,153","$1,303","$1,521"
894-896,$29,$277,$516,$725,$914,"$1,152","$1,302","$1,520"
897-900,$28,$276,$515,$724,$913,"$1,151","$1,301","$1,519"
901-903,$27,$275,$514,$723,$912,"$1,150","$1,300","$1,518"
904-906,$26,$274,$513,$722,$911,"$1,149","$1,299","$1,517"
907-910,$25,$273,$512,$721,$910,"$1,148","$1,298","$1,516"
911-913,$24,$272,$511,$720,$909,"$1,147","$1,297","$1,515"
914-916,$24,$271,$510,$719,$908,"$1,146","$1,296","$1,514"
917-920,$24,$270,$509,$718,$907,"$1,145","$1,295","$1,513"
921-923,$24,$269,$508,$717,$906,"$1,144","$1,294","$1,512"
924-926,$24,$268,$507,$716,$905,"$1,143","$1,293","$1,511"
927-930,$24,$267,$506,$715,$904,"$1,142","$1,292","$1,510"
931-933,$24,$266,$505,$714,$903,"$1,141","$1,291","$1,509"
934-936,$24,$265,$504,$713,$902,"$1,140","$1,290","$1,508"
937-940,$24,$264,$503,$712,$901,"$1,139","$1,289","$1,507"
941-943,$24,$263,$502,$711,$900,"$1,138","$1,288","$1,506"
944-946,$24,$262,$501,$710,$899,"$1,137","$1,287","$1,505"
947-950,$24,$261,$500,$709,$898,"$1,136","$1,286","$1,504"
951-953,$24,$260,$499,$708,$897,"$1,135","$1,285","$1,503"
954-956,$24,$259,$498,$707,$896,"$1,134","$1,284","$1,502"
957-960,$24,$258,$497,$706,$895,"$1,133","$1,283","$1,501"
961-963,$24,$257,$496,$705,$894,"$1,132","$1,282","$1,500"
964-966,$24,$256,$495,$704,$893,"$1,131","$1,281","$1,499"
967-970,$24,$255,$494,$703,$892,"$1,130","$1,280","$1,498"
971-973,$24,$254,$493,$702,$891,"$1,129","$1,279","$1,497"
974-976,$24,$253,$492,$701,$890,"$1,128","$1,278","$1,496"
977-980,$24,$252,$491,$700,$889,"$1,127","$1,277","$1,495"
981-983,$24,$251,$490,$699,$888,"$1,126","$1,276","$1,494"
984-986,$24,$250,$489,$698,$887,"$1,125","$1,275","$1,493"
987-990,$24,$249,$488,$697,$886,"$1,124","$1,274","$1,492"
991-993,$24,$248,$487,$696,$885,"$1,123","$1,273","$1,491"
994-996,$24,$247,$486,$695,$884,"$1,122","$1,272","$1,490"
997-1000,$24,$246,$485,$694,$883,"$1,121","$1,271","$1,489"
1001-1003,$24,$245,$484,$693,$882,"$1,120","$1,270","$1,488"
1004-1006,$24,$244,$483,$692,$881,"$1,119","$1,269","$1,487"
1007-1010,$24,$243,$482,$691,$880,"$1,118","$1,268","$1,486"
1011-1013,$24,$242,$481,$690,$879,"$1,117","$1,267","$1,485"
1014-1016,$24,$241,$480,$689,$878,"$1,116","$1,266","$1,484"
1017-1020,$24,$240,$479,$688,$877,"$1,115","$1,265","$1,483"
1021-1023,$24,$239,$478,$687,$876,"$1,114","$1,264","$1,482"
1024-1026,$24,$238,$477,$686,$875,"$1,113","$1,263","$1,481"
1027-1030,$24,$237,$476,$685,$874,"$1,112","$1,262","$1,480"
1031-1033,$24,$236,$475,$684,$873,"$1,111","$1,261","$1,479"
1034-1036,$24,$235,$474,$683,$872,"$1,110","$1,260","$1,478"
1037-1040,$24,$234,$473,$682,$871,"$1,109","$1,259","$1,477"
1041-1043,$24,$233,$472,$681,$870,"$1,108","$1,258","$1,476"
1044-1046,$24,$232,$471,$680,$869,"$1,107","$1,257","$1,475"
1047-1050,$24,$231,$470,$679,$868,"$1,106","$1,256","$1,474"
1051-1053,$24,$230,$469,$678,$867,"$1,105","$1,255","$1,473"
1054-1056,$24,$229,$468,$677,$866,"$1,104","$1,254","$1,472"
1057-1060,$24,$228,$467,$676,$865,"$1,103","$1,253","$1,471"
1061-1063,$24,$227,$466,$675,$864,"$1,102","$1,252","$1,470"
1064-1066,$24,$226,$465,$674,$863,"$1,101","$1,251","$1,469"
1067-1070,$24,$225,$464,$673,$862,"$1,100","$1,250","$1,468"
1071-1073,$24,$224,$463,$672,$861,"$1,099","$1,249","$1,467"
1074-1076,$24,$223,$462,$671,$860,"$1,098","$1,248","$1,466"
1077-1080,$24,$222,$461,$670,$859,"$1,097","$1,247","$1,465"
1081-1083,$24,$221,$460,$669,$858,"$1,096","$1,246","$1,464"
1084-1086,$24,$220,$459,$668,$857,"$1,095","$1,245","$1,463"
1087-1090,$24,$219,$458,$667,$856,"$1,094","$1,244","$1,462"
1091-1093,$24,$218,$457,$666,$855,"$1,093","$1,243","$1,461"
1094-1096,$24,$217,$456,$665,$854,"$1,092","$1,242","$1,460"
1097-1100,$24,$216,$455,$664,$853,"$1,091","$1,241","$1,459"
1101-1103,$24,$215,$454,$663,$852,"$1,090","$1,240","$1,458"
1104-1106,$24,$214,$453,$662,$851,"$1,089","$1,239","$1,457"
1107-1110,$24,$213,$452,$661,$850,"$1,088","$1,238","$1,456"
1111-1113,$24,$212,$451,$660,$849,"$1,087","$1,237","$1,455"
1114-1116,$24,$211,$450,$659,$848,"$1,086","$1,236","$1,454"
1117-1120,$24,$210,$449,$658,$847,"$1,085","$1,235","$1,453"
1121-1123,$24,$209,$448,$657,$846,"$1,084","$1,234","$1,452"
1124-1126,$24,$208,$447,$656,$845,"$1,083","$1,233","$1,451"
1127-1130,$24,$207,$446,$655,$844,"$1,082","$1,232","$1,450"
1131-1133,$24,$206,$445,$654,$843,"$1,081","$1,231","$1,449"
1134-1136,$24,$205,$444,$653,$842,"$1,080","$1,230","$1,448"
1137-1140,$24,$204,$443,$652,$841,"$1,079","$1,229","$1,447"
1141-1143,$24,$203,$442,$651,$840,"$1,078","$1,228","$1,446"
1144-1146,$24,$202,$441,$650,$839,"$1,077","$1,227","$1,445"
1147-1150,$24,$201,$440,$649,$838,"$1,076","$1,226","$1,444"
1151-1153,$24,$200,$439,$648,$837,"$1,075","$1,225","$1,443"
1154-1156,$24,$199,$438,$647,$836,"$1,074","$1,224","$1,442"
1157-1160,$24,$198,$437,$646,$835,"$1,073","$1,223","$1,441"
1161-1163,$24,$197,$436,$645,$834,"$1,072","$1,222","$1,440"
1164-1166,$24,$196,$435,$644,$833,"$1,071","$1,221","$1,439"
1167-1170,$24,$195,$434,$643,$832,"$1,070","$1,220","$1,438"
1171-1173,$24,$194,$433,$642,$831,"$1,069","$1,219","$1,437"
1174-1176,$24,$193,$432,$641,$830,"$1,068","$1,218","$1,436"
1177-1180,$24,$192,$431,$640,$829,"$1,067","$1,217","$1,435"
1181-1183,$24,$191,$430,$639,$828,"$1,066","$1,216","$1,434"
1184-1186,$24,$190,$429,$638,$827,"$1,065","$1,215","$1,433"
1187-1190,$24,$189,$428,$637,$826,"$1,064","$1,214","$1,432"
1191-1193,$24,$188,$427,$636,$825,"$1,063","$1,213","$1,431"
1194-1196,$24,$187,$426,$635,$824,"$1,062","$1,212","$1,430"
1197-1200,$24,$186,$425,$634,$823,"$1,061","$1,211","$1,429"
1201-1203,$24,$185,$424,$633,$822,"$1,060","$1,210","$1,428"
1204-1206,$24,$184,$423,$632,$821,"$1,059","$1,209","$1,427"
1207-1210,$24,$183,$422,$631,$820,"$1,058","$1,208","$1,426"
1211-1213,$24,$182,$421,$630,$819,"$1,057","$1,207","$1,425"
1214-1216,$24,$181,$420,$629,$818,"$1,056","$1,206","$1,424"
1217-1220,$24,$180,$419,$628,$817,"$1,055","$1,205","$1,423"
1221-1223,$24,$179,$418,$627,$816,"$1,054","$1,204","$1,422"
1224-1226,$24,$178,$417,$626,$815,"$1,053","$1,203","$1,421"
1227-1230,$24,$177,$416,$625,$814,"$1,052","$1,202","$1,420"
1231-1233,$24,$176,$415,$624,$813,"$1,051","$1,201","$1,419"
1234-1236,$24,$175,$414,$623,$812,"$1,050","$1,200","$1,418"
1237-1240,$24,$174,$413,$622,$811,"$1,049","$1,199","$1,417"
1241-1243,$24,$173,$412,$621,$810,"$1,048","$1,198","$1,416"
1244-1246,$24,$172,$411,$620,$809,"$1,047","$1,197","$1,415"
1247-1250,$24,$171,$410,$619,$808,"$1,046","$1,196","$1,414"
1251-1253,$24,$170,$409,$618,$807,"$1,045","$1,195","$1,413"
1254-1256,$24,$169,$408,$617,$806,"$1,044","$1,194","$1,412"
1257-1260,$24,$168,$407,$616,$805,"$1,043","$1,193","$1,411"
1261-1263,$24,$167,$406,$615,$804,"$1,042","$1,192","$1,410"
1264-1266,$24,$166,$405,$614,$803,"$1,041","$1,191","$1,409"
1267-1270,$24,$165,$404,$613,$802,"$1,040","$1,190","$1,408"
1271-1273,$24,$164,$403,$612,$801,"$1,039","$1,189","$1,407"
1274-1276,$24,$163,$402,$611,$800,"$1,038","$1,188","$1,406"
1277-1280,$24,$162,$401,$610,$799,"$1,037","$1,187","$1,405"
1281-1283,$24,$161,$400,$609,$798,"$1,036","$1,186","$1,404"
1284-1286,$24,$160,$399,$608,$797,"$1,035","$1,185","$1,403"
1287-1290,$24,$159,$398,$607,$796,"$1,034","$1,184","$1,402"
1291-1293,$24,$158,$397,$606,$795,"$1,033","$1,183","$1,401"
1294-1296,$24,$157,$396,$605,$794,"$1,032","$1,182","$1,400"
1297-1300,$24,$156,$395,$604,$793,"$1,031","$1,181","$1,399"
1301-1303,$24,$155,$394,$603,$792,"$1,030","$1,180","$1,398"
1304-1306,$24,$154,$393,$602,$791,"$1,029","$1,179","$1,397"
1307-1310,$24,$153,$392,$601,$790,"$1,028","$1,178","$1,396"
1311-1313,$24,$152,$391,$600,$789,"$1,027","$1,177","$1,395"
1314-1316,$24,$151,$390,$599,$788,"$1,026","$1,176","$1,394"
1317-1320,$24,$150,$389,$598,$787,"$1,025","$1,175","$1,393"
1321-1323,$24,$149,$388,$597,$786,"$1,024","$1,174","$1,392"
1324-1326,$24,$148,$387,$596,$785,"$1,023","$1,173","$1,391"
1327-1330,$24,$147,$386,$595,$784,"$1,022","$1,172","$1,390"
1331-1333,$24,$146,$385,$594,$783,"$1,021","$1,171","$1,389"
1334-1336,$24,$145,$384,$593,$782,"$1,020","$1,170","$1,388"
1337-1340,$24,$144,$383,$592,$781,"$1,019","$1,169","$1,387"
1341-1343,$24,$143,$382,$591,$780,"$1,018","$1,168","$1,386"
1344-1346,$24,$142,$381,$590,$779,"$1,017","$1,167","$1,385"
1347-1350,$24,$141,$380,$589,$778,"$1,016","$1,166","$1,384"
1351-1353,$24,$140,$379,$588,$777,"$1,015","$1,165","$1,383"
1354-1356,$24,$139,$378,$587,$776,"$1,014","$1,164","$1,382"
1357-1360,$24,$138,$377,$586,$775,"$1,013","$1,163","$1,381"
1361-1363,$24,$137,$376,$585,$774,"$1,012","$1,162","$1,380"
1364-1366,$24,$136,$375,$584,$773,"$1,011","$1,161","$1,379"
1367-1370,$24,$135,$374,$583,$772,"$1,010","$1,160","$1,378"
1371-1373,$24,$134,$373,$582,$771,"$1,009","$1,159","$1,377"
1374-1376,$24,$133,$372,$581,$770,"$1,008","$1,158","$1,376"
1377-1380,$24,$132,$371,$580,$769,"$1,007","$1,157","$1,375"
1381-1383,$24,$131,$370,$579,$768,"$1,006","$1,156","$1,374"
1384-1386,$24,$130,$369,$578,$767,"$1,005","$1,155","$1,373"
1387-1390,$24,$129,$368,$577,$766,"$1,004","$1,154","$1,372"
1391-1393,$24,$128,$367,$576,$765,"$1,003","$1,153","$1,371"
1394-1396,$24,$127,$366,$575,$764,"$1,002","$1,152","$1,370"
1397-1400,$24,$126,$365,$574,$763,"$1,001","$1,151","$1,369"
1401-1403,$24,$125,$364,$573,$762,"$1,000","$1,150","$1,368"
1404-1406,$24,$124,$363,$572,$761,$999,"$1,149","$1,367"
1407-1410,$24,$123,$362,$571,$760,$998,"$1,148","$1,366"
1411-1413,$24,$122,$361,$570,$759,$997,"$1,147","$1,365"
1414-1416,$24,$121,$360,$569,$758,$996,"$1,146","$1,364"
1417-1420,$24,$120,$359,$568,$757,$995,"$1,145","$1,363"
1421-1423,$24,$119,$358,$567,$756,$994,"$1,144","$1,362"
1424-1426,$24,$118,$357,$566,$755,$993,"$1,143","$1,361"
1427-1430,$24,$117,$356,$565,$754,$992,"$1,142","$1,360"
1431-1433,$24,$116,$355,$564,$753,$991,"$1,141","$1,359"
1434-1436,$24,$115,$354,$563,$752,$990,"$1,140","$1,358"
1437-1440,$24,$114,$353,$562,$751,$989,"$1,139","$1,357"
1441-1443,$24,$113,$352,$561,$750,$988,"$1,138","$1,356"
1444-1446,$24,$112,$351,$560,$749,$987,"$1,137","$1,355"
1447-1450,$24,$111,$350,$559,$748,$986,"$1,136","$1,354"
1451-1453,$24,$110,$349,$558,$747,$985,"$1,135","$1,353"
1454-1456,$24,$109,$348,$557,$746,$984,"$1,134","$1,352"
1457-1460,$24,$108,$347,$556,$745,$983,"$1,133","$1,351"
1461-1463,$24,$107,$346,$555,$744,$982,"$1,132","$1,350"
1464-1466,$24,$106,$345,$554,$743,$981,"$1,131","$1,349"
1467-1470,$24,$105,$344,$553,$742,$980,"$1,130","$1,348"
1471-1473,$24,$104,$343,$552,$741,$979,"$1,129","$1,347"
1474-1476,$24,$103,$342,$551,$740,$978,"$1,128","$1,346"
1477-1480,$24,$102,$341,$550,$739,$977,"$1,127","$1,345"
1481-1483,$24,$101,$340,$549,$738,$976,"$1,126","$1,344"
1484-1486,$24,$100,$339,$548,$737,$975,"$1,125","$1,343"
1487-1490,$24,$99,$338,$547,$736,$974,"$1,124","$1,342"
1491-1493,$24,$98,$337,$546,$735,$973,"$1,123","$1,341"
1494-1496,$24,$97,$336,$545,$734,$972,"$1,122","$1,340"
1497-1500,$24,$96,$335,$544,$733,$971,"$1,121","$1,339"
1501-1503,$24,$95,$334,$543,$732,$970,"$1,120","$1,338"
1504-1506,$24,$94,$333,$542,$731,$969,"$1,119","$1,337"
1507-1510,$24,$93,$332,$541,$730,$968,"$1,118","$1,336"
1511-1513,$24,$92,$331,$540,$729,$967,"$1,117","$1,335"
1514-1516,$24,$91,$330,$539,$728,$966,"$1,116","$1,334"
1517-1520,$24,$90,$329,$538,$727,$965,"$1,115","$1,333"
1521-1523,$24,$89,$328,$537,$726,$964,"$1,114","$1,332"
1524-1526,$24,$88,$327,$536,$725,$963,"$1,113","$1,331"
1527-1530,$24,$87,$326,$535,$724,$962,"$1,112","$1,330"
1531-1533,$24,$86,$325,$534,$723,$961,"$1,111","$1,329"
1534-1536,$24,$85,$324,$533,$722,$960,"$1,110","$1,328"
1537-1540,$24,$84,$323,$532,$721,$959,"$1,109","$1,327"
1541-1543,$24,$83,$322,$531,$720,$958,"$1,108","$1,326"
1544-1546,$24,$82,$321,$530,$719,$957,"$1,107","$1,325"
1547-1550,$24,$81,$320,$529,$718,$956,"$1,106","$1,324"
1551-1553,$24,$80,$319,$528,$717,$955,"$1,105","$1,323"
1554-1556,$24,$79,$318,$527,$716,$954,"$1,104","$1,322"
1557-1560,$24,$78,$317,$526,$715,$953,"$1,103","$1,321"
1561-1563,$24,$77,$316,$525,$714,$952,"$1,102","$1,320"
1564-1566,$24,$76,$315,$524,$713,$951,"$1,101","$1,319"
1567-1570,$24,$75,$314,$523,$712,$950,"$1,100","$1,318"
1571-1573,$24,$74,$313,$522,$711,$949,"$1,099","$1,317"
1574-1576,$24,$73,$312,$521,$710,$948,"$1,098","$1,316"
1577-1580,$24,$72,$311,$520,$709,$947,"$1,097","$1,315"
1581-1583,$24,$71,$310,$519,$708,$946,"$1,096","$1,314"
1584-1586,$24,$70,$309,$518,$707,$945,"$1,095","$1,313"
1587-1590,$24,$69,$308,$517,$706,$944,"$1,094","$1,312"
1591-1593,$24,$68,$307,$516,$705,$943,"$1,093","$1,311"
1594-1596,$24,$67,$306,$515,$704,$942,"$1,092","$1,310"
1597-1600,$24,$66,$305,$514,$703,$941,"$1,091","$1,309"
1601-1603,$24,$65,$304,$513,$702,$940,"$1,090","$1,308"
1604-1606,$24,$64,$303,$512,$701,$939,"$1,089","$1,307"
1607-1610,$24,$63,$302,$511,$700,$938,"$1,088","$1,306"
1611-1613,$24,$62,$301,$510,$699,$937,"$1,087","$1,305"
1614-1616,$24,$61,$300,$509,$698,$936,"$1,086","$1,304"
1617-1620,$24,$60,$299,$508,$697,$935,"$1,085","$1,303"
1621-1623,$24,$59,$298,$507,$696,$934,"$1,084","$1,302"
1624-1626,$24,$58,$297,$506,$695,$933,"$1,083","$1,301"
1627-1630,$24,$57,$296,$505,$694,$932,"$1,082","$1,300"
1631-1633,$24,$56,$295,$504,$693,$931,"$1,081","$1,299"
1634-1636,$24,$55,$294,$503,$692,$930,"$1,080","$1,298"
1637-1640,$24,$54,$293,$502,$691,$929,"$1,079","$1,297"
1641-1643,$24,$53,$292,$501,$690,$928,"$1,078","$1,296"
1644-1646,$24,$52,$291,$500,$689,$927,"$1,077","$1,295"
1647-1650,$24,$51,$290,$499,$688,$926,"$1,076","$1,294"
1651-1653,$24,$50,$289,$498,$687,$925,"$1,075","$1,293"
1654-1656,$24,$49,$288,$497,$686,$924,"$1,074","$1,292"
1657-1660,$24,$48,$287,$496,$685,$923,"$1,073","$1,291"
1661-1663,$24,$47,$286,$495,$684,$922,"$1,072","$1,290"
1664-1666,$24,$46,$285,$494,$683,$921,"$1,071","$1,289"
1667-1670,$24,$45,$284,$493,$682,$920,"$1,070","$1,288"
1671-1673,$24,$44,$283,$492,$681,$919,"$1,069","$1,287"
1674-1676,$24,$43,$282,$491,$680,$918,"$1,068","$1,286"
1677-1680,$24,$42,$281,$490,$679,$917,"$1,067","$1,285"
1681-1683,$24,$41,$280,$489,$678,$916,"$1,066","$1,284"
1684-1686,$24,$40,$279,$488,$677,$915,"$1,065","$1,283"
1687-1690,$24,$39,$278,$487,$676,$914,"$1,064","$1,282"
1691-1693,$24,$38,$277,$486,$675,$913,"$1,063","$1,281"
1694-1696,$24,$37,$276,$485,$674,$912,"$1,062","$1,280"
1697-1700,$24,$36,$275,$484,$673,$911,"$1,061","$1,279"
1701-1703,$24,$35,$274,$483,$672,$910,"$1,060","$1,278"
1704-1706,$24,$34,$273,$482,$671,$909,"$1,059","$1,277"
1707-1710,$24,$33,$272,$481,$670,$908,"$1,058","$1,276"
1711-1713,$24,$32,$271,$480,$669,$907,"$1,057","$1,275"
1714-1716,$24,$31,$270,$479,$668,$906,"$1,056","$1,274"
1717-1720,$24,$30,$269,$478,$667,$905,"$1,055","$1,273"
1721-1723,$24,$29,$268,$477,$666,$904,"$1,054","$1,272"
1724-1726,$24,$28,$267,$476,$665,$903,"$1,053","$1,271"
1727-1730,$24,$27,$266,$475,$664,$902,"$1,052","$1,270"
1731-1733,$24,$26,$265,$474,$663,$901,"$1,051","$1,269"
1734-1736,$24,$25,$264,$473,$662,$900,"$1,050","$1,268"
1737-1740,$24,$24,$263,$472,$661,$899,"$1,049","$1,267"
1741-1743,$24,$24,$262,$471,$660,$898,"$1,048","$1,266"
1744-1746,$24,$24,$261,$470,$659,$897,"$1,047","$1,265"
1747-1750,$24,$24,$260,$469,$658,$896,"$1,046","$1,264"
1751-1753,$24,$24,$259,$468,$657,$895,"$1,045","$1,263"
1754-1756,$24,$24,$258,$467,$656,$894,"$1,044","$1,262"
1757-1760,$24,$24,$257,$466,$655,$893,"$1,043","$1,261"
1761-1763,$24,$24,$256,$465,$654,$892,"$1,042","$1,260"
1764-1766,$24,$24,$255,$464,$653,$891,"$1,041","$1,259"
1767-1770,$24,$24,$254,$463,$652,$890,"$1,040","$1,258"
1771-1773,$24,$24,$253,$462,$651,$889,"$1,039","$1,257"
1774-1776,$24,$24,$252,$461,$650,$888,"$1,038","$1,256"
1777-1780,$24,$24,$251,$460,$649,$887,"$1,037","$1,255"
1781-1783,$24,$24,$250,$459,$648,$886,"$1,036","$1,254"
1784-1786,$24,$24,$249,$458,$647,$885,"$1,035","$1,253"
1787-1790,$24,$24,$248,$457,$646,$884,"$1,034","$1,252"
1791-1793,$24,$24,$247,$456,$645,$883,"$1,033","$1,251"
1794-1796,$24,$24,$246,$455,$644,$882,"$1,032","$1,250"
1797-1800,$24,$24,$245,$454,$643,$881,"$1,031","$1,249"
1801-1803,$24,$24,$244,$453,$642,$880,"$1,030","$1,248"
1804-1806,$24,$24,$243,$452,$641,$879,"$1,029","$1,247"
1807-1810,$24,$24,$242,$451,$640,$878,"$1,028","$1,246"
1811-1813,$24,$24,$241,$450,$639,$877,"$1,027","$1,245"
1814-1816,$24,$24,$240,$449,$638,$876,"$1,026","$1,244"
1817-1820,$24,$24,$239,$448,$637,$875,"$1,025","$1,243"
1821-1823,$24,$24,$238,$447,$636,$874,"$1,024","$1,242"
1824-1826,$24,$24,$237,$446,$635,$873,"$1,023","$1,241"
1827-1830,$24,$24,$236,$445,$634,$872,"$1,022","$1,240"
1831-1833,$24,$24,$235,$444,$633,$871,"$1,021","$1,239"
1834-1836,$24,$24,$234,$443,$632,$870,"$1,020","$1,238"
1837-1840,$24,$24,$233,$442,$631,$869,"$1,019","$1,237"
1841-1843,$24,$24,$232,$441,$630,$868,"$1,018","$1,236"
1844-1846,$24,$24,$231,$440,$629,$867,"$1,017","$1,235"
1847-1850,$24,$24,$230,$439,$628,$866,"$1,016","$1,234"
1851-1853, ,$24,$229,$438,$627,$865,"$1,015","$1,233"
1854-1856, ,$24,$228,$437,$626,$864,"$1,014","$1,232"
1857-1860, ,$24,$227,$436,$625,$863,"$1,013","$1,231"
1861-1863, ,$24,$226,$435,$624,$862,"$1,012","$1,230"
1864-1866, ,$24,$225,$434,$623,$861,"$1,011","$1,229"
1867-1870, ,$24,$224,$433,$622,$860,"$1,010","$1,228"
1871-1873, ,$24,$223,$432,$621,$859,"$1,009","$1,227"
1874-1876, ,$24,$222,$431,$620,$858,"$1,008","$1,226"
1877-1880, ,$24,$221,$430,$619,$857,"$1,007","$1,225"
1881-1883, ,$24,$220,$429,$618,$856,"$1,006","$1,224"
1884-1886, ,$24,$219,$428,$617,$855,"$1,005","$1,223"
1887-1890, ,$24,$218,$427,$616,$854,"$1,004","$1,222"
1891-1893, ,$24,$217,$426,$615,$853,"$1,003","$1,221"
1894-1896, ,$24,$216,$425,$614,$852,"$1,002","$1,220"
1897-1900, ,$24,$215,$424,$613,$851,"$1,001","$1,219"
1901-1903, ,$24,$214,$423,$612,$850,"$1,000","$1,218"
1904-1906, ,$24,$213,$422,$611,$849,$999,"$1,217"
1907-1910, ,$24,$212,$421,$610,$848,$998,"$1,216"
1911-1913, ,$24,$211,$420,$609,$847,$997,"$1,215"
1914-1916, ,$24,$210,$419,$608,$846,$996,"$1,214"
1917-1920, ,$24,$209,$418,$607,$845,$995,"$1,213"
1921-1923, ,$24,$208,$417,$606,$844,$994,"$1,212"
1924-1926, ,$24,$207,$416,$605,$843,$993,"$1,211"
1927-1930, ,$24,$206,$415,$604,$842,$992,"$1,210"
1931-1933, ,$24,$205,$414,$603,$841,$991,"$1,209"
1934-1936, ,$24,$204,$413,$602,$840,$990,"$1,208"
1937-1940, ,$24,$203,$412,$601,$839,$989,"$1,207"
1941-1943, ,$24,$202,$411,$600,$838,$988,"$1,206"
1944-1946, ,$24,$201,$410,$599,$837,$987,"$1,205"
1947-1950, ,$24,$200,$409,$598,$836,$986,"$1,204"
1951-1953, ,$24,$199,$408,$597,$835,$985,"$1,203"
1954-1956, ,$24,$198,$407,$596,$834,$984,"$1,202"
1957-1960, ,$24,$197,$406,$595,$833,$983,"$1,201"
1961-1963, ,$24,$196,$405,$594,$832,$982,"$1,200"
1964-1966, ,$24,$195,$404,$593,$831,$981,"$1,199"
1967-1970, ,$24,$194,$403,$592,$830,$980,"$1,198"
1971-1973, ,$24,$193,$402,$591,$829,$979,"$1,197"
1974-1976, ,$24,$192,$401,$590,$828,$978,"$1,196"
1977-1980, ,$24,$191,$400,$589,$827,$977,"$1,195"
1981-1983, ,$24,$190,$399,$588,$826,$976,"$1,194"
1984-1986, ,$24,$189,$398,$587,$825,$975,"$1,193"
1987-1990, ,$24,$188,$397,$586,$824,$974,"$1,192"
1991-1993, ,$24,$187,$396,$585,$823,$973,"$1,191"
1994-1996, ,$24,$186,$395,$584,$822,$972,"$1,190"
1997-2000, ,$24,$185,$394,$583,$821,$971,"$1,189"
2001-2003, ,$24,$184,$393,$582,$820,$970,"$1,188"
2004-2006, ,$24,$183,$392,$581,$819,$969,"$1,187"
2007-2010, ,$24,$182,$391,$580,$818,$968,"$1,186"
2011-2013, ,$24,$181,$390,$579,$817,$967,"$1,185"
2014-2016, ,$24,$180,$389,$578,$816,$966,"$1,184"
2017-2020, ,$24,$179,$388,$577,$815,$965,"$1,183"
2021-2023, ,$24,$178,$387,$576,$814,$964,"$1,182"
2024-2026, ,$24,$177,$386,$575,$813,$963,"$1,181"
2027-2030, ,$24,$176,$385,$574,$812,$962,"$1,180"
2031-2033, ,$24,$175,$384,$573,$811,$961,"$1,179"
2034-2036, ,$24,$174,$383,$572,$810,$960,"$1,178"
2037-2040, ,$24,$173,$382,$571,$809,$959,"$1,177"
2041-2043, ,$24,$172,$381,$570,$808,$958,"$1,176"
2044-2046, ,$24,$171,$380,$569,$807,$957,"$1,175"
2047-2050, ,$24,$170,$379,$568,$806,$956,"$1,174"
2051-2053, ,$24,$169,$378,$567,$805,$955,"$1,173"
2054-2056, ,$24,$168,$377,$566,$804,$954,"$1,172"
2057-2060, ,$24,$167,$376,$565,$803,$953,"$1,171"
2061-2063, ,$24,$166,$375,$564,$802,$952,"$1,170"
2064-2066, ,$24,$165,$374,$563,$801,$951,"$1,169"
2067-2070, ,$24,$164,$373,$562,$800,$950,"$1,168"
2071-2073, ,$24,$163,$372,$561,$799,$949,"$1,167"
2074-2076, ,$24,$162,$371,$560,$798,$948,"$1,166"
2077-2080, ,$24,$161,$370,$559,$797,$947,"$1,165"
2081-2083, ,$24,$160,$369,$558,$796,$946,"$1,164"
2084-2086, ,$24,$159,$368,$557,$795,$945,"$1,163"
2087-2090, ,$24,$158,$367,$556,$794,$944,"$1,162"
2091-2093, ,$24,$157,$366,$555,$793,$943,"$1,161"
2094-2096, ,$24,$156,$365,$554,$792,$942,"$1,160"
2097-2100, ,$24,$155,$364,$553,$791,$941,"$1,159"
2101-2103, ,$24,$154,$363,$552,$790,$940,"$1,158"
2104-2106, ,$24,$153,$362,$551,$789,$939,"$1,157"
2107-2110, ,$24,$152,$361,$550,$788,$938,"$1,156"
2111-2113, ,$24,$151,$360,$549,$787,$937,"$1,155"
2114-2116, ,$24,$150,$359,$548,$786,$936,"$1,154"
2117-2120, ,$24,$149,$358,$547,$785,$935,"$1,153"
2121-2123, ,$24,$148,$357,$546,$784,$934,"$1,152"
2124-2126, ,$24,$147,$356,$545,$783,$933,"$1,151"
2127-2130, ,$24,$146,$355,$544,$782,$932,"$1,150"
2131-2133, ,$24,$145,$354,$543,$781,$931,"$1,149"
2134-2136, ,$24,$144,$353,$542,$780,$930,"$1,148"
2137-2140, ,$24,$143,$352,$541,$779,$929,"$1,147"
2141-2143, ,$24,$142,$351,$540,$778,$928,"$1,146"
2144-2146, ,$24,$141,$350,$539,$777,$927,"$1,145"
2147-2150, ,$24,$140,$349,$538,$776,$926,"$1,144"
2151-2153, ,$24,$139,$348,$537,$775,$925,"$1,143"
2154-2156, ,$24,$138,$347,$536,$774,$924,"$1,142"
2157-2160, ,$24,$137,$346,$535,$773,$923,"$1,141"
2161-2163, ,$24,$136,$345,$534,$772,$922,"$1,140"
2164-2166, ,$24,$135,$344,$533,$771,$921,"$1,139"
2167-2170, ,$24,$134,$343,$532,$770,$920,"$1,138"
2171-2173, ,$24,$133,$342,$531,$769,$919,"$1,137"
2174-2176, ,$24,$132,$341,$530,$768,$918,"$1,136"
2177-2180, ,$24,$131,$340,$529,$767,$917,"$1,135"
2181-2183, ,$24,$130,$339,$528,$766,$916,"$1,134"
2184-2186, ,$24,$129,$338,$527,$765,$915,"$1,133"
2187-2190, ,$24,$128,$337,$526,$764,$914,"$1,132"
2191-2193, ,$24,$127,$336,$525,$763,$913,"$1,131"
2194-2196, ,$24,$126,$335,$524,$762,$912,"$1,130"
2197-2200, ,$24,$125,$334,$523,$761,$911,"$1,129"
2201-2203, ,$24,$124,$333,$522,$760,$910,"$1,128"
2204-2206, ,$24,$123,$332,$521,$759,$909,"$1,127"
2207-2210, ,$24,$122,$331,$520,$758,$908,"$1,126"
2211-2213, ,$24,$121,$330,$519,$757,$907,"$1,125"
2214-2216, ,$24,$120,$329,$518,$756,$906,"$1,124"
2217-2220, ,$24,$119,$328,$517,$755,$905,"$1,123"
2221-2223, ,$24,$118,$327,$516,$754,$904,"$1,122"
2224-2226, ,$24,$117,$326,$515,$753,$903,"$1,121"
2227-2230, ,$24,$116,$325,$514,$752,$902,"$1,120"
2231-2233, ,$24,$115,$324,$513,$751,$901,"$1,119"
2234-2236, ,$24,$114,$323,$512,$750,$900,"$1,118"
2237-2240, ,$24,$113,$322,$511,$749,$899,"$1,117"
2241-2243, ,$24,$112,$321,$510,$748,$898,"$1,116"
2244-2246, ,$24,$111,$320,$509,$747,$897,"$1,115"
2247-2250, ,$24,$110,$319,$508,$746,$896,"$1,114"
2251-2253, ,$24,$109,$318,$507,$745,$895,"$1,113"
2254-2256, ,$24,$108,$317,$506,$744,$894,"$1,112"
2257-2260, ,$24,$107,$316,$505,$743,$893,"$1,111"
2261-2263, ,$24,$106,$315,$504,$742,$892,"$1,110"
2264-2266, ,$24,$105,$314,$503,$741,$891,"$1,109"
2267-2270, ,$24,$104,$313,$502,$740,$890,"$1,108"
2271-2273, ,$24,$103,$312,$501,$739,$889,"$1,107"
2274-2276, ,$24,$102,$311,$500,$738,$888,"$1,106"
2277-2280, ,$24,$101,$310,$499,$737,$887,"$1,105"
2281-2283, ,$24,$100,$309,$498,$736,$886,"$1,104"
2284-2286, ,$24,$99,$308,$497,$735,$885,"$1,103"
2287-2290, ,$24,$98,$307,$496,$734,$884,"$1,102"
2291-2293, ,$24,$97,$306,$495,$733,$883,"$1,101"
2294-2296, ,$24,$96,$305,$494,$732,$882,"$1,100"
2297-2300, ,$24,$95,$304,$493,$731,$881,"$1,099"
2301-2303, ,$24,$94,$303,$492,$730,$880,"$1,098"
2304-2306, ,$24,$93,$302,$491,$729,$879,"$1,097"
2307-2310, ,$24,$92,$301,$490,$728,$878,"$1,096"
2311-2313, ,$24,$91,$300,$489,$727,$877,"$1,095"
2314-2316, ,$24,$90,$299,$488,$726,$876,"$1,094"
2317-2320, ,$24,$89,$298,$487,$725,$875,"$1,093"
2321-2323, ,$24,$88,$297,$486,$724,$874,"$1,092"
2324-2326, ,$24,$87,$296,$485,$723,$873,"$1,091"
2327-2330, ,$24,$86,$295,$484,$722,$872,"$1,090"
2331-2333, ,$24,$85,$294,$483,$721,$871,"$1,089"
2334-2336, ,$24,$84,$293,$482,$720,$870,"$1,088"
2337-2340, ,$24,$83,$292,$481,$719,$869,"$1,087"
2341-2343, ,$24,$82,$291,$480,$718,$868,"$1,086"
2344-2346, ,$24,$81,$290,$479,$717,$867,"$1,085"
2347-2350, ,$24,$80,$289,$478,$716,$866,"$1,084"
2351-2353, ,$24,$79,$288,$477,$715,$865,"$1,083"
2354-2356, ,$24,$78,$287,$476,$714,$864,"$1,082"
2357-2360, ,$24,$77,$286,$475,$713,$863,"$1,081"
2361-2363, ,$24,$76,$285,$474,$712,$862,"$1,080"
2364-2366, ,$24,$75,$284,$473,$711,$861,"$1,079"
2367-2370, ,$24,$74,$283,$472,$710,$860,"$1,078"
2371-2373, ,$24,$73,$282,$471,$709,$859,"$1,077"
2374-2376, ,$24,$72,$281,$470,$708,$858,"$1,076"
2377-2380, ,$24,$71,$280,$469,$707,$857,"$1,075"
2381-2383, ,$24,$70,$279,$468,$706,$856,"$1,074"
2384-2386, ,$24,$69,$278,$467,$705,$855,"$1,073"
2387-2390, ,$24,$68,$277,$466,$704,$854,"$1,072"
2391-2393, ,$24,$67,$276,$465,$703,$853,"$1,071"
2394-2396, ,$24,$66,$275,$464,$702,$852,"$1,070"
2397-2400, ,$24,$65,$274,$463,$701,$851,"$1,069"
2401-2403, ,$24,$64,$273,$462,$700,$850,"$1,068"
2404-2406, ,$24,$63,$272,$461,$699,$849,"$1,067"
2407-2410, ,$24,$62,$271,$460,$698,$848,"$1,066"
2411-2413, ,$24,$61,$270,$459,$697,$847,"$1,065"
2414-2416, ,$24,$60,$269,$458,$696,$846,"$1,064"
2417-2420, ,$24,$59,$268,$457,$695,$845,"$1,063"
2421-2423, ,$24,$58,$267,$456,$694,$844,"$1,062"
2424-2426, ,$24,$57,$266,$455,$693,$843,"$1,061"
2427-2430, ,$24,$56,$265,$454,$692,$842,"$1,060"
2431-2433, ,$24,$55,$264,$453,$691,$841,"$1,059"
2434-2436, ,$24,$54,$263,$452,$690,$840,"$1,058"
2437-2440, ,$24,$53,$262,$451,$689,$839,"$1,057"
2441-2443, ,$24,$52,$261,$450,$688,$838,"$1,056"
2444-2446, ,$24,$51,$260,$449,$687,$837,"$1,055"
2447-2450, ,$24,$50,$259,$448,$686,$836,"$1,054"
2451-2453, ,$24,$49,$258,$447,$685,$835,"$1,053"
2454-2456, ,$24,$48,$257,$446,$684,$834,"$1,052"
2457-2460, ,$24,$47,$256,$445,$683,$833,"$1,051"
2461-2463, ,$24,$46,$255,$444,$682,$832,"$1,050"
2464-2466, ,$24,$45,$254,$443,$681,$831,"$1,049"
2467-2470, ,$24,$44,$253,$442,$680,$830,"$1,048"
2471-2473, ,$24,$43,$252,$441,$679,$829,"$1,047"
2474-2476, ,$24,$42,$251,$440,$678,$828,"$1,046"
2477-2480, ,$24,$41,$250,$439,$677,$827,"$1,045"
2481-2483, ,$24,$40,$249,$438,$676,$826,"$1,044"
2484-2486, ,$24,$39,$248,$437,$675,$825,"$1,043"
2487-2490, ,$24,$38,$247,$436,$674,$824,"$1,042"
2491-2493, ,$24,$37,$246,$435,$673,$823,"$1,041"
2494-2496, ,$24,$36,$245,$434,$672,$822,"$1,040"
2497-2500, ,$24,$35,$244,$433,$671,$821,"$1,039"
2501-2503, , ,$34,$243,$432,$670,$820,"$1,038"
2504-2506, , ,$33,$242,$431,$669,$819,"$1,037"
2507-2510, , ,$32,$241,$430,$668,$818,"$1,036"
2511-2513, , ,$31,$240,$429,$667,$817,"$1,035"
2514-2516, , ,$30,$239,$428,$666,$816,"$1,034"
2517-2520, , ,$29,$238,$427,$665,$815,"$1,033"
2521-2523, , ,$28,$237,$426,$664,$814,"$1,032"
2524-2526, , ,$27,$236,$425,$663,$813,"$1,031"
2527-2530, , ,$26,$235,$424,$662,$812,"$1,030"
2531-2533, , ,$25,$234,$423,$661,$811,"$1,029"
2534-2536, , ,$24,$233,$422,$660,$810,"$1,028"
2537-2540, , ,$23,$232,$421,$659,$809,"$1,027"
2541-2543, , ,$22,$231,$420,$658,$808,"$1,026"
2544-2546, , ,$21,$230,$419,$657,$807,"$1,025"
2547-2550, , ,$20,$229,$418,$656,$806,"$1,024"
2551-2553, , ,$19,$228,$417,$655,$805,"$1,023"
2554-2556, , ,$18,$227,$416,$654,$804,"$1,022"
2557-2560, , ,$17,$226,$415,$653,$803,"$1,021"
2561-2563, , ,$16,$225,$414,$652,$802,"$1,020"
2564-2566, , ,$15,$224,$413,$651,$801,"$1,019"
2567-2570, , ,$14,$223,$412,$650,$800,"$1,018"
2571-2573, , ,$13,$222,$411,$649,$799,"$1,017"
2574-2576, , ,$12,$221,$410,$648,$798,"$1,016"
2577-2580, , ,$11,$220,$409,$647,$797,"$1,015"
2581-2583, , ,$10,$219,$408,$646,$796,"$1,014"
2584-2586, , ,$9,$218,$407,$645,$795,"$1,013"
2587-2590, , ,$8,$217,$406,$644,$794,"$1,012"
2591-2593, , ,$7,$216,$405,$643,$793,"$1,011"
2594-2596, , ,$6,$215,$404,$642,$792,"$1,010"
2597-2600, , ,$5,$214,$403,$641,$791,"$1,009"
2601-2603, , ,$4,$213,$402,$640,$790,"$1,008"
2604-2606, , ,$3,$212,$401,$639,$789,"$1,007"
2607-2610, , ,$2,$211,$400,$638,$788,"$1,006"
2611-2613, , ,$1,$210,$399,$637,$787,"$1,005"
2614-2616, , , ,$209,$398,$636,$786,"$1,004"
2617-2620, , , ,$208,$397,$635,$785,"$1,003"
2621-2623, , , ,$207,$396,$634,$784,"$1,002"
2624-2626, , , ,$206,$395,$633,$783,"$1,001"
2627-2630, , , ,$205,$394,$632,$782,"$1,000"
2631-2633, , , ,$204,$393,$631,$781,$999
2634-2636, , , ,$203,$392,$630,$780,$998
2637-2640, , , ,$202,$391,$629,$779,$997
2641-2643, , , ,$201,$390,$628,$778,$996
2644-2646, , , ,$200,$389,$627,$777,$995
2647-2650, , , ,$199,$388,$626,$776,$994
2651-2653, , , ,$198,$387,$625,$775,$993
2654-2656, , , ,$197,$386,$624,$774,$992
2657-2660, , , ,$196,$385,$623,$773,$991
2661-2663, , , ,$195,$384,$622,$772,$990
2664-2666, , , ,$194,$383,$621,$771,$989
2667-2670, , , ,$193,$382,$620,$770,$988
2671-2673, , , ,$192,$381,$619,$769,$987
2674-2676, , , ,$191,$380,$618,$768,$986
2677-2680, , , ,$190,$379,$617,$767,$985
2681-2683, , , ,$189,$378,$616,$766,$984
2684-2686, , , ,$188,$377,$615,$765,$983
2687-2690, , , ,$187,$376,$614,$764,$982
2691-2693, , , ,$186,$375,$613,$763,$981
2694-2696, , , ,$185,$374,$612,$762,$980
2697-2700, , , ,$184,$373,$611,$761,$979
2701-2703, , , ,$183,$372,$610,$760,$978
2704-2706, , , ,$182,$371,$609,$759,$977
2707-2710, , , ,$181,$370,$608,$758,$976
2711-2713, , , ,$180,$369,$607,$757,$975
2714-2716, , , ,$179,$368,$606,$756,$974
2717-2720, , , ,$178,$367,$605,$755,$973
2721-2723, , , ,$177,$366,$604,$754,$972
2724-2726, , , ,$176,$365,$603,$753,$971
2727-2730, , , ,$175,$364,$602,$752,$970
2731-2733, , , ,$174,$363,$601,$751,$969
2734-2736, , , ,$173,$362,$600,$750,$968
2737-2740, , , ,$172,$361,$599,$749,$967
2741-2743, , , ,$171,$360,$598,$748,$966
2744-2746, , , ,$170,$359,$597,$747,$965
2747-2750, , , ,$169,$358,$596,$746,$964
2751-2753, , , ,$168,$357,$595,$745,$963
2754-2756, , , ,$167,$356,$594,$744,$962
2757-2760, , , ,$166,$355,$593,$743,$961
2761-2763, , , ,$165,$354,$592,$742,$960
2764-2766, , , ,$164,$353,$591,$741,$959
2767-2770, , , ,$163,$352,$590,$740,$958
2771-2773, , , ,$162,$351,$589,$739,$957
2774-2776, , , ,$161,$350,$588,$738,$956
2777-2780, , , ,$160,$349,$587,$737,$955
2781-2783, , , ,$159,$348,$586,$736,$954
2784-2786, , , ,$158,$347,$585,$735,$953
2787-2790, , , ,$157,$346,$584,$734,$952
2791-2793, , , ,$156,$345,$583,$733,$951
2794-2796, , , ,$155,$344,$582,$732,$950
2797-2800, , , ,$154,$343,$581,$731,$949
2801-2803, , , ,$153,$342,$580,$730,$948
2804-2806, , , ,$152,$341,$579,$729,$947
2807-2810, , , ,$151,$340,$578,$728,$946
2811-2813, , , ,$150,$339,$577,$727,$945
2814-2816, , , ,$149,$338,$576,$726,$944
2817-2820, , , ,$148,$337,$575,$725,$943
2821-2823, , , ,$147,$336,$574,$724,$942
2824-2826, , , ,$146,$335,$573,$723,$941
2827-2830, , , ,$145,$334,$572,$722,$940
2831-2833, , , ,$144,$333,$571,$721,$939
2834-2836, , , ,$143,$332,$570,$720,$938
2837-2840, , , ,$142,$331,$569,$719,$937
2841-2843, , , ,$141,$330,$568,$718,$936
2844-2846, , , ,$140,$329,$567,$717,$935
2847-2850, , , ,$139,$328,$566,$716,$934
2851-2853, , , ,$138,$327,$565,$715,$933
2854-2856, , , ,$137,$326,$564,$714,$932
2857-2860, , , ,$136,$325,$563,$713,$931
2861-2863, , , ,$135,$324,$562,$712,$930
2864-2866, , , ,$134,$323,$561,$711,$929
2867-2870, , , ,$133,$322,$560,$710,$928
2871-2873, , , ,$132,$321,$559,$709,$927
2874-2876, , , ,$131,$320,$558,$708,$926
2877-2880, , , ,$130,$319,$557,$707,$925
2881-2883, , , ,$129,$318,$556,$706,$924
2884-2886, , , ,$128,$317,$555,$705,$923
2887-2890, , , ,$127,$316,$554,$704,$922
2891-2893, , , ,$126,$315,$553,$703,$921
2894-2896, , , ,$125,$314,$552,$702,$920
2897-2900, , , ,$124,$313,$551,$701,$919
2901-2903, , , ,$123,$312,$550,$700,$918
2904-2906, , , ,$122,$311,$549,$699,$917
2907-2910, , , ,$121,$310,$548,$698,$916
2911-2913, , , ,$120,$309,$547,$697,$915
2914-2916, , , ,$119,$308,$546,$696,$914
2917-2920, , , ,$118,$307,$545,$695,$913
2921-2923, , , ,$117,$306,$544,$694,$912
2924-2926, , , ,$116,$305,$543,$693,$911
2927-2930, , , ,$115,$304,$542,$692,$910
2931-2933, , , ,$114,$303,$541,$691,$909
2934-2936, , , ,$113,$302,$540,$690,$908
2937-2940, , , ,$112,$301,$539,$689,$907
2941-2943, , , ,$111,$300,$538,$688,$906
2944-2946, , , ,$110,$299,$537,$687,$905
2947-2950, , , ,$109,$298,$536,$686,$904
2951-2953, , , ,$108,$297,$535,$685,$903
2954-2956, , , ,$107,$296,$534,$684,$902
2957-2960, , , ,$106,$295,$533,$683,$901
2961-2963, , , ,$105,$294,$532,$682,$900
2964-2966, , , ,$104,$293,$531,$681,$899
2967-2970, , , ,$103,$292,$530,$680,$898
2971-2973, , , ,$102,$291,$529,$679,$897
2974-2976, , , ,$101,$290,$528,$678,$896
2977-2980, , , ,$100,$289,$527,$677,$895
2981-2983, , , ,$99,$288,$526,$676,$894
2984-2986, , , ,$98,$287,$525,$675,$893
2987-2990, , , ,$97,$286,$524,$674,$892
2991-2993, , , ,$96,$285,$523,$673,$891
2994-2996, , , ,$95,$284,$522,$672,$890
2997-3000, , , ,$94,$283,$521,$671,$889
3001-3003, , , ,$93,$282,$520,$670,$888
3004-3006, , , ,$92,$281,$519,$669,$887
3007-3010, , , ,$91,$280,$518,$668,$886
3011-3013, , , ,$90,$279,$517,$667,$885
3014-3016, , , ,$89,$278,$516,$666,$884
3017-3020, , , ,$88,$277,$515,$665,$883
3021-3023, , , ,$87,$276,$514,$664,$882
3024-3026, , , ,$86,$275,$513,$663,$881
3027-3030, , , ,$85,$274,$512,$662,$880
3031-3033, , , ,$84,$273,$511,$661,$879
3034-3036, , , ,$83,$272,$510,$660,$878
3037-3040, , , ,$82,$271,$509,$659,$877
3041-3043, , , ,$81,$270,$508,$658,$876
3044-3046, , , ,$80,$269,$507,$657,$875
3047-3050, , , ,$79,$268,$506,$656,$874
3051-3053, , , ,$78,$267,$505,$655,$873
3054-3056, , , ,$77,$266,$504,$654,$872
3057-3060, , , ,$76,$265,$503,$653,$871
3061-3063, , , ,$75,$264,$502,$652,$870
3064-3066, , , ,$74,$263,$501,$651,$869
3067-3070, , , ,$73,$262,$500,$650,$868
3071-3073, , , ,$72,$261,$499,$649,$867
3074-3076, , , ,$71,$260,$498,$648,$866
3077-3080, , , ,$70,$259,$497,$647,$865
3081-3083, , , ,$69,$258,$496,$646,$864
3084-3086, , , ,$68,$257,$495,$645,$863
3087-3090, , , ,$67,$256,$494,$644,$862
3091-3093, , , ,$66,$255,$493,$643,$861
3094-3096, , , ,$65,$254,$492,$642,$860
3097-3100, , , ,$64,$253,$491,$641,$859
3101-3103, , , ,$63,$252,$490,$640,$858
3104-3106, , , ,$62,$251,$489,$639,$857
3107-3110, , , ,$61,$250,$488,$638,$856
3111-3113, , , ,$60,$249,$487,$637,$855
3114-3116, , , ,$59,$248,$486,$636,$854
3117-3120, , , ,$58,$247,$485,$635,$853
3121-3123, , , ,$57,$246,$484,$634,$852
3124-3126, , , ,$56,$245,$483,$633,$851
3127-3130, , , ,$55,$244,$482,$632,$850
3131-3133, , , ,$54,$243,$481,$631,$849
3134-3136, , , ,$53,$242,$480,$630,$848
3137-3140, , , ,$52,$241,$479,$629,$847
3141-3143, , , ,$51,$240,$478,$628,$846
3144-3146, , , ,$50,$239,$477,$627,$845
3147-3150, , , ,$49,$238,$476,$626,$844
3151-3153, , , ,$48,$237,$475,$625,$843
3154-3156, , , ,$47,$236,$474,$624,$842
3157-3160, , , ,$46,$235,$473,$623,$841
3161-3163, , , ,$45,$234,$472,$622,$840
3164-3166, , , ,$44,$233,$471,$621,$839
3167-3170, , , ,$43,$232,$470,$620,$838
3171-3173, , , ,$42,$231,$469,$619,$837
3174-3176, , , ,$41,$230,$468,$618,$836
3177-3180, , , ,$40,$229,$467,$617,$835
3181-3183, , , ,$39,$228,$466,$616,$834
3184-3186, , , ,$38,$227,$465,$615,$833
3187-3190, , , ,$37,$226,$464,$614,$832
3191-3193, , , ,$36,$225,$463,$613,$831
3194-3196, , , ,$35,$224,$462,$612,$830
3197-3200, , , ,$34,$223,$461,$611,$829
3201-3203, , , ,$33,$222,$460,$610,$828
3204-3206, , , ,$32,$221,$459,$609,$827
3207-3210, , , ,$31,$220,$458,$608,$826
3211-3213, , , ,$30,$219,$457,$607,$825
3214-3216, , , ,$29,$218,$456,$606,$824
3217-3220, , , ,$28,$217,$455,$605,$823
3221-3223, , , ,$27,$216,$454,$604,$822
3224-3226, , , ,$26,$215,$453,$603,$821
3227-3230, , , ,$25,$214,$452,$602,$820
3231-3233, , , ,$24,$213,$451,$601,$819
3234-3236, , , ,$23,$212,$450,$600,$818
3237-3240, , , ,$22,$211,$449,$599,$817
3241-3243, , , ,$21,$210,$448,$598,$816
3244-3246, , , ,$20,$209,$447,$597,$815
3247-3250, , , ,$19,$208,$446,$596,$814
3251-3253, , , ,$18,$207,$445,$595,$813
3254-3256, , , ,$17,$206,$444,$594,$812
3257-3260, , , ,$16,$205,$443,$593,$811
3261-3263, , , ,$15,$204,$442,$592,$810
3264-3266, , , ,$14,$203,$441,$591,$809
3267-3270, , , ,$13,$202,$440,$590,$808
3271-3273, , , ,$12,$201,$439,$589,$807
3274-3276, , , ,$11,$200,$438,$588,$806
3277-3280, , , ,$10,$199,$437,$587,$805
3281-3283, , , ,$9,$198,$436,$586,$804
3284-3286, , , ,$8,$197,$435,$585,$803
3287-3290, , , ,$7,$196,$434,$584,$802
3291-3293, , , ,$6,$195,$433,$583,$801
3294-3296, , , ,$5,$194,$432,$582,$800
3297-3300, , , ,$4,$193,$431,$581,$799
3301-3303, , , ,$3,$192,$430,$580,$798
3304-3306, , , ,$2,$191,$429,$579,$797
3307-3310, , , ,$1,$190,$428,$578,$796
3311-3313, , , , ,$189,$427,$577,$795
3314-3316, , , , ,$188,$426,$576,$794
3317-3320, , , , ,$187,$425,$575,$793
3321-3323, , , , ,$186,$424,$574,$792
3324-3326, , , , ,$185,$423,$573,$791
3327-3330, , , , ,$184,$422,$572,$790
3331-3333, , , , ,$183,$421,$571,$789
3334-3336, , , , ,$182,$420,$570,$788
3337-3340, , , , ,$181,$419,$569,$787
3341-3343, , , , ,$180,$418,$568,$786
3344-3346, , , , ,$179,$417,$567,$785
3347-3350, , , , ,$178,$416,$566,$784
3351-3353, , , , ,$177,$415,$565,$783
3354-3356, , , , ,$176,$414,$564,$782
3357-3360, , , , ,$175,$413,$563,$781
3361-3363, , , , ,$174,$412,$562,$780
3364-3366, , , , ,$173,$411,$561,$779
3367-3370, , , , ,$172,$410,$560,$778
3371-3373, , , , ,$171,$409,$559,$777
3374-3376, , , , ,$170,$408,$558,$776
3377-3380, , , , ,$169,$407,$557,$775
3381-3383, , , , ,$168,$406,$556,$774
3384-3386, , , , ,$167,$405,$555,$773
3387-3390, , , , ,$166,$404,$554,$772
3391-3393, , , , ,$165,$403,$553,$771
3394-3396, , , , ,$164,$402,$552,$770
3397-3400, , , , ,$163,$401,$551,$769
3401-3403, , , , ,$162,$400,$550,$768
3404-3406, , , , ,$161,$399,$549,$767
3407-3410, , , , ,$160,$398,$548,$766
3411-3413, , , , ,$159,$397,$547,$765
3414-3416, , , , ,$158,$396,$546,$764
3417-3420, , , , ,$157,$395,$545,$763
3421-3423, , , , ,$156,$394,$544,$762
3424-3426, , , , ,$155,$393,$543,$761
3427-3430, , , , ,$154,$392,$542,$760
3431-3433, , , , ,$153,$391,$541,$759
3434-3436, , , , ,$152,$390,$540,$758
3437-3440, , , , ,$151,$389,$539,$757
3441-3443, , , , ,$150,$388,$538,$756
3444-3446, , , , ,$149,$387,$537,$755
3447-3450, , , , ,$148,$386,$536,$754
3451-3453, , , , ,$147,$385,$535,$753
3454-3456, , , , ,$146,$384,$534,$752
3457-3460, , , , ,$145,$383,$533,$751
3461-3463, , , , ,$144,$382,$532,$750
3464-3466, , , , ,$143,$381,$531,$749
3467-3470, , , , ,$142,$380,$530,$748
3471-3473, , , , ,$141,$379,$529,$747
3474-3476, , , , ,$140,$378,$528,$746
3477-3480, , , , ,$139,$377,$527,$745
3481-3483, , , , ,$138,$376,$526,$744
3484-3486, , , , ,$137,$375,$525,$743
3487-3490, , , , ,$136,$374,$524,$742
3491-3493, , , , ,$135,$373,$523,$741
3494-3496, , , , ,$134,$372,$522,$740
3497-3500, , , , ,$133,$371,$521,$739
3501-3503, , , , ,$132,$370,$520,$738
3504-3506, , , , ,$131,$369,$519,$737
3507-3510, , , , ,$130,$368,$518,$736
3511-3513, , , , ,$129,$367,$517,$735
3514-3516, , , , ,$128,$366,$516,$734
3517-3520, , , , ,$127,$365,$515,$733
3521-3523, , , , ,$126,$364,$514,$732
3524-3526, , , , ,$125,$363,$513,$731
3527-3530, , , , ,$124,$362,$512,$730
3531-3533, , , , ,$123,$361,$511,$729
3534-3536, , , , ,$122,$360,$510,$728
3537-3540, , , , ,$121,$359,$509,$727
3541-3543, , , , ,$120,$358,$508,$726
3544-3546, , , , ,$119,$357,$507,$725
3547-3550, , , , ,$118,$356,$506,$724
3551-3553, , , , ,$117,$355,$505,$723
3554-3556, , , , ,$116,$354,$504,$722
3557-3560, , , , ,$115,$353,$503,$721
3561-3563, , , , ,$114,$352,$502,$720
3564-3566, , , , ,$113,$351,$501,$719
3567-3570, , , , ,$112,$350,$500,$718
3571-3573, , , , ,$111,$349,$499,$717
3574-3576, , , , ,$110,$348,$498,$716
3577-3580, , , , ,$109,$347,$497,$715
3581-3583, , , , ,$108,$346,$496,$714
3584-3586, , , , ,$107,$345,$495,$713
3587-3590, , , , ,$106,$344,$494,$712
3591-3593, , , , ,$105,$343,$493,$711
3594-3596, , , , ,$104,$342,$492,$710
3597-3600, , , , ,$103,$341,$491,$709
3601-3603, , , , ,$102,$340,$490,$708
3604-3606, , , , ,$101,$339,$489,$707
3607-3610, , , , ,$100,$338,$488,$706
3611-3613, , , , ,$99,$337,$487,$705
3614-3616, , , , ,$98,$336,$486,$704
3617-3620, , , , ,$97,$335,$485,$703
3621-3623, , , , ,$96,$334,$484,$702
3624-3626, , , , ,$95,$333,$483,$701
3627-3630, , , , ,$94,$332,$482,$700
3631-3633, , , , ,$93,$331,$481,$699
3634-3636, , , , ,$92,$330,$480,$698
3637-3640, , , , ,$91,$329,$479,$697
3641-3643, , , , ,$90,$328,$478,$696
3644-3646, , , , ,$89,$327,$477,$695
3647-3650, , , , ,$88,$326,$476,$694
3651-3653, , , , ,$87,$325,$475,$693
3654-3656, , , , ,$86,$324,$474,$692
3657-3660, , , , ,$85,$323,$473,$691
3661-3663, , , , ,$84,$322,$472,$690
3664-3666, , , , ,$83,$321,$471,$689
3667-3670, , , , ,$82,$320,$470,$688
3671-3673, , , , ,$81,$319,$469,$687
3674-3676, , , , ,$80,$318,$468,$686
3677-3680, , , , ,$79,$317,$467,$685
3681-3683, , , , ,$78,$316,$466,$684
3684-3686, , , , ,$77,$315,$465,$683
3687-3690, , , , ,$76,$314,$464,$682
3691-3693, , , , ,$75,$313,$463,$681
3694-3696, , , , ,$74,$312,$462,$680
3697-3700, , , , ,$73,$311,$461,$679
3701-3703, , , , ,$72,$310,$460,$678
3704-3706, , , , ,$71,$309,$459,$677
3707-3710, , , , ,$70,$308,$458,$676
3711-3713, , , , ,$69,$307,$457,$675
3714-3716, , , , ,$68,$306,$456,$674
3717-3720, , , , ,$67,$305,$455,$673
3721-3723, , , , ,$66,$304,$454,$672
3724-3726, , , , ,$65,$303,$453,$671
3727-3730, , , , ,$64,$302,$452,$670
3731-3733, , , , ,$63,$301,$451,$669
3734-3736, , , , ,$62,$300,$450,$668
3737-3740, , , , ,$61,$299,$449,$667
3741-3743, , , , ,$60,$298,$448,$666
3744-3746, , , , ,$59,$297,$447,$665
3747-3750, , , , ,$58,$296,$446,$664
3751-3753, , , , ,$57,$295,$445,$663
3754-3756, , , , ,$56,$294,$444,$662
3757-3760, , , , ,$55,$293,$443,$661
3761-3763, , , , ,$54,$292,$442,$660
3764-3766, , , , ,$53,$291,$441,$659
3767-3770, , , , ,$52,$290,$440,$658
3771-3773, , , , ,$51,$289,$439,$657
3774-3776, , , , ,$50,$288,$438,$656
3777-3780, , , , ,$49,$287,$437,$655
3781-3783, , , , ,$48,$286,$436,$654
3784-3786, , , , ,$47,$285,$435,$653
3787-3790, , , , ,$46,$284,$434,$652
3791-3793, , , , ,$45,$283,$433,$651
3794-3796, , , , ,$44,$282,$432,$650
3797-3800, , , , ,$43,$281,$431,$649
3801-3803, , , , ,$42,$280,$430,$648
3804-3806, , , , ,$41,$279,$429,$647
3807-3810, , , , ,$40,$278,$428,$646
3811-3813, , , , ,$39,$277,$427,$645
3814-3816, , , , ,$38,$276,$426,$644
3817-3820, , , , ,$37,$275,$425,$643
3821-3823, , , , ,$36,$274,$424,$642
3824-3826, , , , ,$35,$273,$423,$641
3827-3830, , , , ,$34,$272,$422,$640
3831-3833, , , , ,$33,$271,$421,$639
3834-3836, , , , ,$32,$270,$420,$638
3837-3840, , , , ,$31,$269,$419,$637
3841-3843, , , , ,$30,$268,$418,$636
3844-3846, , , , ,$29,$267,$417,$635
3847-3850, , , , ,$28,$266,$416,$634
3851-3853, , , , ,$27,$265,$415,$633
3854-3856, , , , ,$26,$264,$414,$632
3857-3860, , , , ,$25,$263,$413,$631
3861-3863, , , , ,$24,$262,$412,$630
3864-3866, , , , ,$23,$261,$411,$629
3867-3870, , , , ,$22,$260,$410,$628
3871-3873, , , , ,$21,$259,$409,$627
3874-3876, , , , ,$20,$258,$408,$626
3877-3880, , , , ,$19,$257,$407,$625
3881-3883, , , , ,$18,$256,$406,$624
3884-3886, , , , ,$17,$255,$405,$623
3887-3890, , , , ,$16,$254,$404,$622
3891-3893, , , , ,$15,$253,$403,$621
3894-3896, , , , ,$14,$252,$402,$620
3897-3900, , , , ,$13,$251,$401,$619
3901-3903, , , , ,$12,$250,$400,$618
3904-3906, , , , ,$11,$249,$399,$617
3907-3910, , , , ,$10,$248,$398,$616
3911-3913, , , , ,$9,$247,$397,$615
3914-3916, , , , ,$8,$246,$396,$614
3917-3920, , , , ,$7,$245,$395,$613
3921-3923, , , , ,$6,$244,$394,$612
3924-3926, , , , ,$5,$243,$393,$611
3927-3930, , , , ,$4,$242,$392,$610
3931-3933, , , , ,$3,$241,$391,$609
3934-3936, , , , ,$2,$240,$390,$608
3937-3940, , , , ,$1,$239,$389,$607
3941-3943, , , , , ,$238,$388,$606
3944-3946, , , , , ,$237,$387,$605
3947-3950, , , , , ,$236,$386,$604
3951-3953, , , , , ,$235,$385,$603
3954-3956, , , , , ,$234,$384,$602
3957-3960, , , , , ,$233,$383,$601
3961-3963, , , , , ,$232,$382,$600
3964-3966, , , , , ,$231,$381,$599
3967-3970, , , , , ,$230,$380,$598
3971-3973, , , , , ,$229,$379,$597
3974-3976, , , , , ,$228,$378,$596
3977-3980, , , , , ,$227,$377,$595
3981-3983, , , , , ,$226,$376,$594
3984-3986, , , , , ,$225,$375,$593
3987-3990, , , , , ,$224,$374,$592
3991-3993, , , , , ,$223,$373,$591
3994-3996, , , , , ,$222,$372,$590
3997-4000, , , , , ,$221,$371,$589
4001-4003, , , , , ,$220,$370,$588
4004-4006, , , , , ,$219,$369,$587
4007-4010, , , , , ,$218,$368,$586
4011-4013, , , , , ,$217,$367,$585
4014-4016, , , , , ,$216,$366,$584
4017-4020, , , , , ,$215,$365,$583
4021-4023, , , , , ,$214,$364,$582
4024-4026, , , , , ,$213,$363,$581
4027-4030, , , , , ,$212,$362,$580
4031-4033, , , , , ,$211,$361,$579
4034-4036, , , , , ,$210,$360,$578
4037-4040, , , , , ,$209,$359,$577
4041-4043, , , , , ,$208,$358,$576
4044-4046, , , , , ,$207,$357,$575
4047-4050, , , , , ,$206,$356,$574
4051-4053, , , , , ,$205,$355,$573
4054-4056, , , , , ,$204,$354,$572
4057-4060, , , , , ,$203,$353,$571
4061-4063, , , , , ,$202,$352,$570
4064-4066, , , , , ,$201,$351,$569
4067-4070, , , , , ,$200,$350,$568
4071-4073, , , , , ,$199,$349,$567
4074-4076, , , , , ,$198,$348,$566
4077-4080, , , , , ,$197,$347,$565
4081-4083, , , , , ,$196,$346,$564
4084-4086, , , , , ,$195,$345,$563
4087-4090, , , , , ,$194,$344,$562
4091-4093, , , , , ,$193,$343,$561
4094-4096, , , , , ,$192,$342,$560
4097-4100, , , , , ,$191,$341,$559
4101-4103, , , , , ,$190,$340,$558
4104-4106, , , , , ,$189,$339,$557
4107-4110, , , , , ,$188,$338,$556
4111-4113, , , , , ,$187,$337,$555
4114-4116, , , , , ,$186,$336,$554
4117-4120, , , , , ,$185,$335,$553
4121-4123, , , , , ,$184,$334,$552
4124-4126, , , , , ,$183,$333,$551
4127-4130, , , , , ,$182,$332,$550
4131-4133, , , , , ,$181,$331,$549
4134-4136, , , , , ,$180,$330,$548
4137-4140, , , , , ,$179,$329,$547
4141-4143, , , , , ,$178,$328,$546
4144-4146, , , , , ,$177,$327,$545
4147-4150, , , , , ,$176,$326,$544
4151-4153, , , , , ,$175,$325,$543
4154-4156, , , , , ,$174,$324,$542
4157-4160, , , , , ,$173,$323,$541
4161-4163, , , , , ,$172,$322,$540
4164-4166, , , , , ,$171,$321,$539
4167-4170, , , , , ,$170,$320,$538
4171-4173, , , , , ,$169,$319,$537
4174-4176, , , , , ,$168,$318,$536
4177-4180, , , , , ,$167,$317,$535
4181-4183, , , , , ,$166,$316,$534
4184-4186, , , , , ,$165,$315,$533
4187-4190, , , , , ,$164,$314,$532
4191-4193, , , , , ,$163,$313,$531
4194-4196, , , , , ,$162,$312,$530
4197-4200, , , , , ,$161,$311,$529
4201-4203, , , , , ,$160,$310,$528
4204-4206, , , , , ,$159,$309,$527
4207-4210, , , , , ,$158,$308,$526
4211-4213, , , , , ,$157,$307,$525
4214-4216, , , , , ,$156,$306,$524
4217-4220, , , , , ,$155,$305,$523
4221-4223, , , , , ,$154,$304,$522
4224-4226, , , , , ,$153,$303,$521
4227-4230, , , , , ,$152,$302,$520
4231-4233, , , , , ,$151,$301,$519
4234-4236, , , , , ,$150,$300,$518
4237-4240, , , , , ,$149,$299,$517
4241-4243, , , , , ,$148,$298,$516
4244-4246, , , , , ,$147,$297,$515
4247-4250, , , , , ,$146,$296,$514
4251-4253, , , , , ,$145,$295,$513
4254-4256, , , , , ,$144,$294,$512
4257-4260, , , , , ,$143,$293,$511
4261-4263, , , , , ,$142,$292,$510
4264-4266, , , , , ,$141,$291,$509
4267-4270, , , , , ,$140,$290,$508
4271-4273, , , , , ,$139,$289,$507
4274-4276, , , , , ,$138,$288,$506
4277-4280, , , , , ,$137,$287,$505
4281-4283, , , , , ,$136,$286,$504
4284-4286, , , , , ,$135,$285,$503
4287-4290, , , , , ,$134,$284,$502
4291-4293, , , , , ,$133,$283,$501
4294-4296, , , , , ,$132,$282,$500
4297-4300, , , , , ,$131,$281,$499
4301-4303, , , , , ,$130,$280,$498
4304-4306, , , , , ,$129,$279,$497
4307-4310, , , , , ,$128,$278,$496
4311-4313, , , , , ,$127,$277,$495
4314-4316, , , , , ,$126,$276,$494
4317-4320, , , , , ,$125,$275,$493
4321-4323, , , , , ,$124,$274,$492
4324-4326, , , , , ,$123,$273,$491
4327-4330, , , , , ,$122,$272,$490
4331-4333, , , , , ,$121,$271,$489
4334-4336, , , , , ,$120,$270,$488
4337-4340, , , , , ,$119,$269,$487
4341-4343, , , , , ,$118,$268,$486
4344-4346, , , , , ,$117,$267,$485
4347-4350, , , , , ,$116,$266,$484
4351-4353, , , , , ,$115,$265,$483
4354-4356, , , , , ,$114,$264,$482
4357-4360, , , , , ,$113,$263,$481
4361-4363, , , , , ,$112,$262,$480
4364-4366, , , , , ,$111,$261,$479
4367-4370, , , , , ,$110,$260,$478
4371-4373, , , , , ,$109,$259,$477
4374-4376, , , , , ,$108,$258,$476
4377-4380, , , , , ,$107,$257,$475
4381-4383, , , , , ,$106,$256,$474
4384-4386, , , , , ,$105,$255,$473
4387-4390, , , , , ,$104,$254,$472
4391-4393, , , , , ,$103,$253,$471
4394-4396, , , , , ,$102,$252,$470
4397-4400, , , , , ,$101,$251,$469
4401-4403, , , , , ,$100,$250,$468
4404-4406, , , , , ,$99,$249,$467
4407-4410, , , , , ,$98,$248,$466
4411-4413, , , , , ,$97,$247,$465
4414-4416, , , , , ,$96,$246,$464
4417-4420, , , , , ,$95,$245,$463
4421-4423, , , , , ,$94,$244,$462
4424-4426, , , , , ,$93,$243,$461
4427-4430, , , , , ,$92,$242,$460
4431-4433, , , , , ,$91,$241,$459
4434-4436, , , , , ,$90,$240,$458
4437-4440, , , , , ,$89,$239,$457
4441-4443, , , , , ,$88,$238,$456
4444-4446, , , , , ,$87,$237,$455
4447-4450, , , , , ,$86,$236,$454
4451-4453, , , , , ,$85,$235,$453
4454-4456, , , , , ,$84,$234,$452
4457-4460, , , , , ,$83,$233,$451
4461-4463, , , , , ,$82,$232,$450
4464-4466, , , , , ,$81,$231,$449
4467-4470, , , , , ,$80,$230,$448
4471-4473, , , , , ,$79,$229,$447
4474-4476, , , , , ,$78,$228,$446
4477-4480, , , , , ,$77,$227,$445
4481-4483, , , , , ,$76,$226,$444
4484-4486, , , , , ,$75,$225,$443
4487-4490, , , , , ,$74,$224,$442
4491-4493, , , , , ,$73,$223,$441
4494-4496, , , , , ,$72,$222,$440
4497-4500, , , , , ,$71,$221,$439
4501-4503, , , , , ,$70,$220,$438
4504-4506, , , , , ,$69,$219,$437
4507-4510, , , , , ,$68,$218,$436
4511-4513, , , , , ,$67,$217,$435
4514-4516, , , , , ,$66,$216,$434
4517-4520, , , , , ,$65,$215,$433
4521-4523, , , , , ,$64,$214,$432
4524-4526, , , , , ,$63,$213,$431
4527-4530, , , , , ,$62,$212,$430
4531-4533, , , , , ,$61,$211,$429
4534-4536, , , , , ,$60,$210,$428
4537-4540, , , , , ,$59,$209,$427
4541-4543, , , , , ,$58,$208,$426
4544-4546, , , , , ,$57,$207,$425
4547-4550, , , , , ,$56,$206,$424
4551-4553, , , , , ,$55,$205,$423
4554-4556, , , , , ,$54,$204,$422
4557-4560, , , , , ,$53,$203,$421
4561-4563, , , , , ,$52,$202,$420
4564-4566, , , , , ,$51,$201,$419
4567-4570, , , , , ,$50,$200,$418
4571-4573, , , , , ,$49,$199,$417
4574-4576, , , , , ,$48,$198,$416
4577-4580, , , , , ,$47,$197,$415
4581-4583, , , , , ,$46,$196,$414
4584-4586, , , , , ,$45,$195,$413
4587-4590, , , , , ,$44,$194,$412
4591-4593, , , , , ,$43,$193,$411
4594-4596, , , , , ,$42,$192,$410
4597-4600, , , , , ,$41,$191,$409
4601-4603, , , , , ,$40,$190,$408
4604-4606, , , , , ,$39,$189,$407
4607-4610, , , , , ,$38,$188,$406
4611-4613, , , , , ,$37,$187,$405
4614-4616, , , , , ,$36,$186,$404
4617-4620, , , , , ,$35,$185,$403
4621-4623, , , , , ,$34,$184,$402
4624-4626, , , , , ,$33,$183,$401
4627-4630, , , , , ,$32,$182,$400
4631-4633, , , , , ,$31,$181,$399
4634-4636, , , , , ,$30,$180,$398
4637-4640, , , , , ,$29,$179,$397
4641-4643, , , , , ,$28,$178,$396
4644-4646, , , , , ,$27,$177,$395
4647-4650, , , , , ,$26,$176,$394
4651-4653, , , , , ,$25,$175,$393
4654-4656, , , , , ,$24,$174,$392
4657-4660, , , , , ,$23,$173,$391
4661-4663, , , , , ,$22,$172,$390
4664-4666, , , , , ,$21,$171,$389
4667-4670, , , , , ,$20,$170,$388
4671-4673, , , , , ,$19,$169,$387
4674-4676, , , , , ,$18,$168,$386
4677-4680, , , , , ,$17,$167,$385
4681-4683, , , , , ,$16,$166,$384
4684-4686, , , , , ,$15,$165,$383
4687-4690, , , , , ,$14,$164,$382
4691-4693, , , , , ,$13,$163,$381
4694-4696, , , , , ,$12,$162,$380
4697-4700, , , , , ,$11,$161,$379
4701-4703, , , , , ,$10,$160,$378
4704-4706, , , , , ,$9,$159,$377
4707-4710, , , , , ,$8,$158,$376
4711-4713, , , , , ,$7,$157,$375
4714-4716, , , , , ,$6,$156,$374
4717-4720, , , , , ,$5,$155,$373
4721-4723, , , , , ,$4,$154,$372
4724-4726, , , , , ,$3,$153,$371
4727-4730, , , , , ,$2,$152,$370
4731-4733, , , , , ,$1,$151,$369
4734-4736, , , , , , ,$150,$368
4737-4740, , , , , , ,$149,$367
4741-4743, , , , , , ,$148,$366
4744-4746, , , , , , ,$147,$365
4747-4750, , , , , , ,$146,$364
4751-4753, , , , , , ,$145,$363
4754-4756, , , , , , ,$144,$362
4757-4760, , , , , , ,$143,$361
4761-4763, , , , , , ,$142,$360
4764-4766, , , , , , ,$141,$359
4767-4770, , , , , , ,$140,$358
4771-4773, , , , , , ,$139,$357
4774-4776, , , , , , ,$138,$356
4777-4780, , , , , , ,$137,$355
4781-4783, , , , , , ,$136,$354
4784-4786, , , , , , ,$135,$353
4787-4790, , , , , , ,$134,$352
4791-4793, , , , , , ,$133,$351
4794-4796, , , , , , ,$132,$350
4797-4800, , , , , , ,$131,$349
4801-4803, , , , , , ,$130,$348
4804-4806, , , , , , ,$129,$347
4807-4810, , , , , , ,$128,$346
4811-4813, , , , , , ,$127,$345
4814-4816, , , , , , ,$126,$344
4817-4820, , , , , , ,$125,$343
4821-4823, , , , , , ,$124,$342
4824-4826, , , , , , ,$123,$341
4827-4830, , , , , , ,$122,$340
4831-4833, , , , , , ,$121,$339
4834-4836, , , , , , ,$120,$338
4837-4840, , , , , , ,$119,$337
4841-4843, , , , , , ,$118,$336
4844-4846, , , , , , ,$117,$335
4847-4850, , , , , , ,$116,$334
4851-4853, , , , , , ,$115,$333
4854-4856, , , , , , ,$114,$332
4857-4860, , , , , , ,$113,$331
4861-4863, , , , , , ,$112,$330
4864-4866, , , , , , ,$111,$329
4867-4870, , , , , , ,$110,$328
4871-4873, , , , , , ,$109,$327
4874-4876, , , , , , ,$108,$326
4877-4880, , , , , , ,$107,$325
4881-4883, , , , , , ,$106,$324
4884-4886, , , , , , ,$105,$323
4887-4890, , , , , , ,$104,$322
4891-4893, , , , , , ,$103,$321
4894-4896, , , , , , ,$102,$320
4897-4900, , , , , , ,$101,$319
4901-4903, , , , , , ,$100,$318
4904-4906, , , , , , ,$99,$317
4907-4910, , , , , , ,$98,$316
4911-4913, , , , , , ,$97,$315
4914-4916, , , , , , ,$96,$314
4917-4920, , , , , , ,$95,$313
4921-4923, , , , , , ,$94,$312
4924-4926, , , , , , ,$93,$311
4927-4930, , , , , , ,$92,$310
4931-4933, , , , , , ,$91,$309
4934-4936, , , , , , ,$90,$308
4937-4940, , , , , , ,$89,$307
4941-4943, , , , , , ,$88,$306
4944-4946, , , , , , ,$87,$305
4947-4950, , , , , , ,$86,$304
4951-4953, , , , , , ,$85,$303
4954-4956, , , , , , ,$84,$302
4957-4960, , , , , , ,$83,$301
4961-4963, , , , , , ,$82,$300
4964-4966, , , , , , ,$81,$299
4967-4970, , , , , , ,$80,$298
4971-4973, , , , , , ,$79,$297
4974-4976, , , , , , ,$78,$296
4977-4980, , , , , , ,$77,$295
4981-4983, , , , , , ,$76,$294
4984-4986, , , , , , ,$75,$293
4987-4990, , , , , , ,$74,$292
4991-4993, , , , , , ,$73,$291
4994-4996, , , , , , ,$72,$290
4997-5000, , , , , , ,$71,$289
5001-5003, , , , , , ,$70,$288
5004-5006, , , , , , ,$69,$287
5007-5010, , , , , , ,$68,$286
5011-5013, , , , , , ,$67,$285
5014-5016, , , , , , ,$66,$284
5017-5020, , , , , , ,$65,$283
5021-5023, , , , , , ,$64,$282
5024-5026, , , , , , ,$63,$281
5027-5030, , , , , , ,$62,$280
5031-5033, , , , , , ,$61,$279
5034-5036, , , , , , ,$60,$278
5037-5040, , , , , , ,$59,$277
5041-5043, , , , , , ,$58,$276
5044-5046, , , , , , ,$57,$275
5047-5050, , , , , , ,$56,$274
5051-5053, , , , , , ,$55,$273
5054-5056, , , , , , ,$54,$272
5057-5060, , , , , , ,$53,$271
5061-5063, , , , , , ,$52,$270
5064-5066, , , , , , ,$51,$269
5067-5070, , , , , , ,$50,$268
5071-5073, , , , , , ,$49,$267
5074-5076, , , , , , ,$48,$266
5077-5080, , , , , , ,$47,$265
5081-5083, , , , , , ,$46,$264
5084-5086, , , , , , ,$45,$263
5087-5090, , , , , , ,$44,$262
5091-5093, , , , , , ,$43,$261
5094-5096, , , , , , ,$42,$260
5097-5100, , , , , , ,$41,$259
5101-5103, , , , , , ,$40,$258
5104-5106, , , , , , ,$39,$257
5107-5110, , , , , , ,$38,$256
5111-5113, , , , , , ,$37,$255
5114-5116, , , , , , ,$36,$254
5117-5120, , , , , , ,$35,$253
5121-5123, , , , , , ,$34,$252
5124-5126, , , , , , ,$33,$251
5127-5130, , , , , , ,$32,$250
5131-5133, , , , , , ,$31,$249
5134-5136, , , , , , ,$30,$248
5137-5140, , , , , , ,$29,$247
5141-5143, , , , , , ,$28,$246
5144-5146, , , , , , ,$27,$245
5147-5150, , , , , , ,$26,$244
5151-5153, , , , , , ,$25,$243
5154-5156, , , , , , ,$24,$242
5157-5160, , , , , , ,$23,$241
5161-5163, , , , , , ,$22,$240
5164-5166, , , , , , ,$21,$239
5167-5170, , , , , , ,$20,$238
5171-5173, , , , , , ,$19,$237
5174-5176, , , , , , ,$18,$236
5177-5180, , , , , , ,$17,$235
5181-5183, , , , , , ,$16,$234
5184-5186, , , , , , ,$15,$233
5187-5190, , , , , , ,$14,$232
5191-5193, , , , , , ,$13,$231
5194-5196, , , , , , ,$12,$230
5197-5200, , , , , , ,$11,$229
5201-5203, , , , , , ,$10,$228
5204-5206, , , , , , ,$9,$227
5207-5210, , , , , , ,$8,$226
5211-5213, , , , , , ,$7,$225
5214-5216, , , , , , ,$6,$224
5217-5220, , , , , , ,$5,$223
5221-5223, , , , , , ,$4,$222
5224-5226, , , , , , ,$3,$221
5227-5230, , , , , , ,$2,$220
5231-5233, , , , , , ,$1,$219
5234-5236, , , , , , , ,$218
5237-5240, , , , , , , ,$217
5241-5243, , , , , , , ,$216
5244-5246, , , , , , , ,$215
5247-5250, , , , , , , ,$214
5251-5253, , , , , , , ,$213
5254-5256, , , , , , , ,$212
5257-5260, , , , , , , ,$211
5261-5263, , , , , , , ,$210
5264-5266, , , , , , , ,$209
5267-5270, , , , , , , ,$208
5271-5273, , , , , , , ,$207
5274-5276, , , , , , , ,$206
5277-5280, , , , , , , ,$205
5281-5283, , , , , , , ,$204
5284-5286, , , , , , , ,$203
5287-5290, , , , , , , ,$202
5291-5293, , , , , , , ,$201
5294-5296, , , , , , , ,$200
5297-5300, , , , , , , ,$199
5301-5303, , , , , , , ,$198
5304-5306, , , , , , , ,$197
5307-5310, , , , , , , ,$196
5311-5313, , , , , , , ,$195
5314-5316, , , , , , , ,$194
5317-5320, , , , , , , ,$193
5321-5323, , , , , , , ,$192
5324-5326, , , , , , , ,$191
5327-5330, , , , , , , ,$190
5331-5333, , , , , , , ,$189
5334-5336, , , , , , , ,$188
5337-5340, , , , , , , ,$187
5341-5343, , , , , , , ,$186
5344-5346, , , , , , , ,$185
5347-5350, , , , , , , ,$184
5351-5353, , , , , , , ,$183
5354-5356, , , , , , , ,$182
5357-5360, , , , , , , ,$181
5361-5363, , , , , , , ,$180
5364-5366, , , , , , , ,$179
5367-5370, , , , , , , ,$178
5371-5373, , , , , , , ,$177
5374-5376, , , , , , , ,$176
5377-5380, , , , , , , ,$175
5381-5383, , , , , , , ,$174
5384-5386, , , , , , , ,$173
5387-5390, , , , , , , ,$172
5391-5393, , , , , , , ,$171
5394-5396, , , , , , , ,$170
5397-5400, , , , , , , ,$169
5401-5403, , , , , , , ,$168
5404-5406, , , , , , , ,$167
5407-5410, , , , , , , ,$166
5411-5413, , , , , , , ,$165
5414-5416, , , , , , , ,$164
5417-5420, , , , , , , ,$163
5421-5423, , , , , , , ,$162
5424-5426, , , , , , , ,$161
5427-5430, , , , , , , ,$160
5431-5433, , , , , , , ,$159
5434-5436, , , , , , , ,$158
5437-5440, , , , , , , ,$157
5441-5443, , , , , , , ,$156
5444-5446, , , , , , , ,$155
5447-5450, , , , , , , ,$154
5451-5453, , , , , , , ,$153
5454-5456, , , , , , , ,$152
5457-5460, , , , , , , ,$151
5461-5463, , , , , , , ,$150
5464-5466, , , , , , , ,$149
5467-5470, , , , , , , ,$148
5471-5473, , , , , , , ,$147
5474-5476, , , , , , , ,$146
5477-5480, , , , , , , ,$145
5481-5483, , , , , , , ,$144
5484-5486, , , , , , , ,$143
5487-5490, , , , , , , ,$142
5491-5493, , , , , , , ,$141
5494-5496, , , , , , , ,$140
5497-5500, , , , , , , ,$139
5501-5503, , , , , , , ,$138
5504-5506, , , , , , , ,$137
5507-5510, , , , , , , ,$136
5511-5513, , , , , , , ,$135
5514-5516, , , , , , , ,$134
5517-5520, , , , , , , ,$133
5521-5523, , , , , , , ,$132
5524-5526, , , , , , , ,$131
5527-5530, , , , , , , ,$130
5531-5533, , , , , , , ,$129
5534-5536, , , , , , , ,$128
5537-5540, , , , , , , ,$127
5541-5543, , , , , , , ,$126
5544-5546, , , , , , , ,$125
5547-5550, , , , , , , ,$124
5551-5553, , , , , , , ,$123
5554-5556, , , , , , , ,$122
5557-5560, , , , , , , ,$121
5561-5563, , , , , , , ,$120
5564-5566, , , , , , , ,$119
5567-5570, , , , , , , ,$118
5571-5573, , , , , , , ,$117
5574-5576, , , , , , , ,$116
5577-5580, , , , , , , ,$115
5581-5583, , , , , , , ,$114
5584-5586, , , , , , , ,$113
5587-5590, , , , , , , ,$112
5591-5593, , , , , , , ,$111
5594-5596, , , , , , , ,$110
5597-5600, , , , , , , ,$109
5601-5603, , , , , , , ,$108
5604-5606, , , , , , , ,$107
5607-5610, , , , , , , ,$106
5611-5613, , , , , , , ,$105
5614-5616, , , , , , , ,$104
5617-5620, , , , , , , ,$103
5621-5623, , , , , , , ,$102
5624-5626, , , , , , , ,$101
5627-5630, , , , , , , ,$100
5631-5633, , , , , , , ,$99
5634-5636, , , , , , , ,$98
5637-5640, , , , , , , ,$97
5641-5643, , , , , , , ,$96
5644-5646, , , , , , , ,$95
5647-5650, , , , , , , ,$94
5651-5653, , , , , , , ,$93
5654-5656, , , , , , , ,$92
5657-5660, , , , , , , ,$91
5661-5663, , , , , , , ,$90
5664-5666, , , , , , , ,$89
5667-5670, , , , , , , ,$88
5671-5673, , , , , , , ,$87
5674-5676, , , , , , , ,$86
5677-5680, , , , , , , ,$85
5681-5683, , , , , , , ,$84
5684-5686, , , , , , , ,$83
5687-5690, , , , , , , ,$82
5691-5693, , , , , , , ,$81
5694-5696, , , , , , , ,$80
5697-5700, , , , , , , ,$79
5701-5703, , , , , , , ,$78
5704-5706, , , , , , , ,$77
5707-5710, , , , , , , ,$76
5711-5713, , , , , , , ,$75
5714-5716, , , , , , , ,$74
5717-5720, , , , , , , ,$73
5721-5723, , , , , , , ,$72
5724-5726, , , , , , , ,$71
5727-5730, , , , , , , ,$70
5731-5733, , , , , , , ,$69
5734-5736, , , , , , , ,$68
5737-5740, , , , , , , ,$67
5741-5743, , , , , , , ,$66
5744-5746, , , , , , , ,$65
5747-5750, , , , , , , ,$64
5751-5753, , , , , , , ,$63
5754-5756, , , , , , , ,$62
5757-5760, , , , , , , ,$61
5761-5763, , , , , , , ,$60
5764-5766, , , , , , , ,$59
5767-5770, , , , , , , ,$58
5771-5773, , , , , , , ,$57
5774-5776, , , , , , , ,$56
5777-5780, , , , , , , ,$55
5781-5783, , , , , , , ,$54
5784-5786, , , , , , , ,$53
5787-5790, , , , , , , ,$52
5791-5793, , , , , , , ,$51
5794-5796, , , , , , , ,$50
5797-5800, , , , , , , ,$49
5801-5803, , , , , , , ,$48
5804-5806, , , , , , , ,$47
5807-5810, , , , , , , ,$46
5811-5813, , , , , , , ,$45
5814-5816, , , , , , , ,$44
5817-5820, , , , , , , ,$43
5821-5823, , , , , , , ,$42
5824-5826, , , , , , , ,$41
5827-5830, , , , , , , ,$40
5831-5833, , , , , , , ,$39
5834-5836, , , , , , , ,$38
5837-5840, , , , , , , ,$37
5841-5843, , , , , , , ,$36
5844-5846, , , , , , , ,$35
5847-5850, , , , , , , ,$34
5851-5853, , , , , , , ,$33
5854-5856, , , , , , , ,$32
5857-5860, , , , , , , ,$31
5861-5863, , , , , , , ,$30
5864-5866, , , , , , , ,$29
5867-5870, , , , , , , ,$28
5871-5873, , , , , , , ,$27
5874-5876, , , , , , , ,$26
5877-5880, , , , , , , ,$25
5881-5883, , , , , , , ,$24
5884-5886, , , , , , , ,$23
5887-5890, , , , , , , ,$22
5891-5893, , , , , , , ,$21
5894-5896, , , , , , , ,$20
5897-5900, , , , , , , ,$19
5901-5903, , , , , , , ,$18
5904-5906, , , , , , , ,$17
5907-5910, , , , , , , ,$16
5911-5913, , , , , , , ,$15
5914-5916, , , , , , , ,$14
5917-5920, , , , , , , ,$13
5921-5923, , , , , , , ,$12
5924-5926, , , , , , , ,$11
5927-5930, , , , , , , ,$10
5931-5933, , , , , , , ,$9
5934-5936, , , , , , , ,$8
5937-5940, , , , , , , ,$7
5941-5943, , , , , , , ,$6
5944-5946, , , , , , , ,$5
5947-5950, , , , , , , ,$4
5951-5953, , , , , , , ,$3
5954-5956, , , , , , , ,$2
5957-5960, , , , , , , ,$1
