id,jurisdiction,programs,tiers,pe_cited_units,name,bundle_url,bundle_path,publisher_kind,check_status,check_final_url,manifest_on_main,action
https://admincode.legislature.state.al.us/api/chapter/560-X-25,us-al,chip medicaid,full screener,1,admincode.legislature.state.al.us/api/chapter/560-X-25,https://admincode.legislature.state.al.us/api/chapter/560-X-25,,official,200,https://admincode.legislature.state.al.us/api/chapter/560-X-25,,FETCH
https://www.alabamapublichealth.gov/allbabies/assets/allbabies-map.pdf,us-al,chip medicaid,full screener,1,"Alabama Department of Public Health, ""ALL Babies Eligible Counties, August 2023"" county map (enumerates the 36 eligible counties; archived February 27, 2024)",https://www.alabamapublichealth.gov/allbabies/assets/allbabies-map.pdf,,official,200,https://www.alabamapublichealth.gov/404page.html,,FETCH
https://www.alabamapublichealth.gov/perinatal/assets/al-im-reduction-plan.pdf,us-al,chip medicaid,full screener,1,"State of Alabama Infant Mortality Reduction Plan (ALL Babies pilot in Macon, Montgomery, and Russell counties, effective October 1, 2018)",https://www.alabamapublichealth.gov/perinatal/assets/al-im-reduction-plan.pdf,,official,200,https://www.alabamapublichealth.gov/perinatal/assets/al-im-reduction-plan.pdf,,FETCH
https://www.law.cornell.edu/regulations/arkansas/016-20-18-Ark-Code-R-003,us-ar,chip medicaid,full screener,1,law.cornell.edu/regulations/arkansas/016-20-18-Ark-Code-R-003,https://www.law.cornell.edu/regulations/arkansas/016-20-18-Ark-Code-R-003,,mirror,200,https://www.law.cornell.edu/regulations/arkansas/016-20-18-Ark-Code-R-003,,OFFICIAL-SOURCE
us-ca/form/official_forms/dhcs.ca.gov/formsandpubs/forms/forms/mced/mc_forms/mc250a_eng,us-ca,chip medicaid,full screener,1,MC250A_Eng,,us-ca/form/official_forms/dhcs.ca.gov/formsandpubs/forms/forms/mced/mc_forms/mc250a_eng,,,,manifests/us-ca-official-forms.yaml,EXTRACT-MANIFEST
https://www.dhcs.ca.gov/hy/wp-content/uploads/2025/10/MAGIHouseholdSizeFlowChartADA.pdf,us-ca,chip medicaid,full screener,1,dhcs.ca.gov/hy/wp-content/uploads/2025/10/MAGIHouseholdSizeFlowChartADA.pdf,https://www.dhcs.ca.gov/hy/wp-content/uploads/2025/10/MAGIHouseholdSizeFlowChartADA.pdf,,official,200,https://www.dhcs.ca.gov/hy/wp-content/uploads/2025/10/MAGIHouseholdSizeFlowChartADA.pdf,,FETCH
https://www.dhcs.ca.gov/services/HACCP/Documents/Program-Income-Eligibility-Comparison2025.pdf,us-ca,chip medicaid,full screener,1,dhcs.ca.gov/services/HACCP/Documents/Program-Income-Eligibility-Comparison2025.pdf,https://www.dhcs.ca.gov/services/HACCP/Documents/Program-Income-Eligibility-Comparison2025.pdf,,official,200,https://www.dhcs.ca.gov/services/HACCP/Documents/Program-Income-Eligibility-Comparison2025.pdf,,FETCH
https://www.dhcs.ca.gov/services/medi-cal-resources/medi-cal-eligibility-division/all-county-welfare-directors-medi-cal-eligibility-division-information-letters/program-descriptions-by-fpl-enclosure-3/,us-ca,chip medicaid,full screener,1,"DHCS Medi-Cal Program Descriptions by Federal Poverty Level (CCHIP 266 to 322 percent FPL, Santa Clara, San Francisco, and San Mateo counties)",https://www.dhcs.ca.gov/services/medi-cal-resources/medi-cal-eligibility-division/all-county-welfare-directors-medi-cal-eligibility-division-information-letters/program-descriptions-by-fpl-enclosure-3/,,official,200,https://www.dhcs.ca.gov/services/medi-cal-resources/medi-cal-eligibility-division/all-county-welfare-directors-medi-cal-eligibility-division-information-letters/program-descriptions-by-fpl-enclosure-3/,,FETCH
https://www.dhcs.ca.gov/services/medi-cal/eligibility/Pages/Asset-Limit-Changes-for-Non-MAGI-Medi-Cal.aspx,us-ca,chip medicaid,full screener,1,dhcs.ca.gov/services/medi-cal/eligibility/Pages/Asset-Limit-Changes-for-Non-MAGI-Medi-Cal.,https://www.dhcs.ca.gov/services/medi-cal/eligibility/Pages/Asset-Limit-Changes-for-Non-MAGI-Medi-Cal.aspx,,official,200,https://www.dhcs.ca.gov/services/medi-cal/eligibility/Pages/Asset-Limit-Changes-for-Non-MAGI-Medi-Cal.aspx,,FETCH
https://www.dhcs.ca.gov/services/medi-cal/eligibility/Pages/FFY_Bene.aspx,us-ca,chip medicaid,full screener,1,California DHCS Former Foster Youth Program,https://www.dhcs.ca.gov/services/medi-cal/eligibility/Pages/FFY_Bene.aspx,,official,200,https://www.dhcs.ca.gov/services/medi-cal/eligibility/Pages/FFY_Bene.aspx,,FETCH
https://www.dhcs.ca.gov/services/medi-cal/eligibility/letters/Documents/23-03.pdf,us-ca,chip medicaid,full screener,1,"DHCS ACWDL 23-03, 2023 Federal Poverty Levels, Enclosure 3, Program Descriptions by FPL, ""Above 266% to 322% FPL = County Children's Health Initiative Program (C-CHIP)""",https://www.dhcs.ca.gov/services/medi-cal/eligibility/letters/Documents/23-03.pdf,,official,200,https://www.dhcs.ca.gov/services/medi-cal/eligibility/letters/Documents/23-03.pdf,,FETCH
https://www.dhcs.ca.gov/services/medi-cal/eligibility/letters/Documents/25-01.pdf,us-ca,chip medicaid,full screener,1,"DHCS ACWDL 25-01, 2025 Federal Poverty Levels, ""C-CHIP is available in San Francisco, Santa Clara, and San Mateo counties only"" | DHCS ACWDL 25-01, 2025 Federal Poverty Levels, Enclosure 3, Program Descriptions by FPL, ""Above 266% to 322% FPL = County Children's Health Initiative Program (C-CHIP)""",https://www.dhcs.ca.gov/services/medi-cal/eligibility/letters/Documents/25-01.pdf,,official,200,https://www.dhcs.ca.gov/services/medi-cal/eligibility/letters/Documents/25-01.pdf,,FETCH
https://www.dhcs.ca.gov/services/medi-cal/eligibility/letters/Documents/25-14.pdf,us-ca,chip medicaid,full screener,1,dhcs.ca.gov/services/medi-cal/eligibility/letters/Documents/25-14.pdf,https://www.dhcs.ca.gov/services/medi-cal/eligibility/letters/Documents/25-14.pdf,,official,200,https://www.dhcs.ca.gov/services/medi-cal/eligibility/letters/Documents/25-14.pdf,,FETCH
https://www.dhcs.ca.gov/services/working-disabled-program/,us-ca,chip medicaid,full screener,1,dhcs.ca.gov/services/working-disabled-program/,https://www.dhcs.ca.gov/services/working-disabled-program/,,official,200,https://www.dhcs.ca.gov/services/working-disabled-program/,,FETCH
https://www.dhcs.ca.gov/wp-content/uploads/2025/10/SPA-24-0012-Approval.pdf,us-ca,chip medicaid,full screener,1,"California Title XXI CHIP State Plan (SPA CA-24-0012), Section 2, Population 1/CCHIP, ""Only available in Santa Clara, San Francisco, and San Mateo counties"" | California Title XXI CHIP State Plan (SPA CA-24-0012), Section 1.1, Population 1 County Children's Health Initiative Programs (CCHIP), above 261 percent of the FPL up to and including 317 percent of the FPL",https://www.dhcs.ca.gov/wp-content/uploads/2025/10/SPA-24-0012-Approval.pdf,,official,200,https://www.dhcs.ca.gov/wp-content/uploads/2025/10/SPA-24-0012-Approval.pdf,,FETCH
https://www.dhcs.ca.gov/wp-content/uploads/2025/10/c20-10.pdf,us-ca,chip medicaid,full screener,1,dhcs.ca.gov/wp-content/uploads/2025/10/c20-10.pdf,https://www.dhcs.ca.gov/wp-content/uploads/2025/10/c20-10.pdf,,official,200,https://www.dhcs.ca.gov/wp-content/uploads/2025/10/c20-10.pdf,,FETCH
https://california.public.law/codes/welfare_and_institutions_code_section_14007.8,us-ca,chip medicaid,full screener,1,California Welfare and Institutions Code Section 14007.8 | California Welfare and Institutions Code Section 14007.8(b)(1),https://california.public.law/codes/welfare_and_institutions_code_section_14007.8,,other,200,https://california.public.law/codes/welfare_and_institutions_code_section_14007.8,,CHECK-PUBLISHER
https://stgenssa.sccgov.org/debs/program_handbooks/medi-cal/assets/35StCtyAdminHealthIns/CCHIP.htm,us-ca,chip,full screener,1,stgenssa.sccgov.org/debs/program_handbooks/medi-cal/assets/35StCtyAdminHealthIns/CCHIP.htm,https://stgenssa.sccgov.org/debs/program_handbooks/medi-cal/assets/35StCtyAdminHealthIns/CCHIP.htm,,other,200,https://stgenssa.sccgov.org/debs/program_handbooks/medi-cal/assets/35StCtyAdminHealthIns/CCHIP.htm,,CHECK-PUBLISHER
https://www.law.cornell.edu/regulations/california/10-CCR-2699.200,us-ca,chip medicaid,full screener,1,CA reg 10-CCR-2699.200,https://www.law.cornell.edu/regulations/california/10-CCR-2699.200,,mirror,200,https://www.law.cornell.edu/regulations/california/10-CCR-2699.200,,OFFICIAL-SOURCE
https://leginfo.legislature.ca.gov/faces/codes_displaySection.xhtml?lawCode=WIC&sectionNum=15833.,us-ca,chip medicaid,full screener,1,CA stat wic 15833,https://leginfo.legislature.ca.gov/faces/codes_displaySection.xhtml?lawCode=WIC&sectionNum=15833.,,official,403,,,BLOCKED-CHECK
https://leginfo.legislature.ca.gov/faces/codes_displaySection.xhtml?lawCode=WIC&sectionNum=15834.,us-ca,chip medicaid,full screener,1,CA stat wic 15834,https://leginfo.legislature.ca.gov/faces/codes_displaySection.xhtml?lawCode=WIC&sectionNum=15834.,,official,403,,,BLOCKED-CHECK
https://leginfo.legislature.ca.gov/faces/codes_displaySection.xhtml?lawCode=WIC&sectionNum=15850.1.,us-ca,chip medicaid,full screener,1,CA stat wic 15850-1,https://leginfo.legislature.ca.gov/faces/codes_displaySection.xhtml?lawCode=WIC&sectionNum=15850.1.,,official,403,,,BLOCKED-CHECK
https://leginfo.legislature.ca.gov/faces/codes_displaySection.xhtml?lawCode=WIC&sectionNum=15850.5.,us-ca,chip medicaid,full screener,1,"Cal. Welf. & Inst. Code § 15850.5(c), CCHIP enrollment freeze, the department shall not approve any additional applicant other than those participating as of March 23, 2010 (does not name the counties)",https://leginfo.legislature.ca.gov/faces/codes_displaySection.xhtml?lawCode=WIC&sectionNum=15850.5.,,official,403,,,BLOCKED-CHECK
https://leginfo.legislature.ca.gov/faces/codes_displayText.xhtml?lawCode=WIC&division=9.&title=&part=3.3.&chapter=2.&article=,us-ca,chip medicaid,full screener,1,leginfo.legislature.ca.gov/faces/codes_displayText.xhtml,https://leginfo.legislature.ca.gov/faces/codes_displayText.xhtml?lawCode=WIC&division=9.&title=&part=3.3.&chapter=2.&article=,,official,403,,,BLOCKED-CHECK
https://leginfo.legislature.ca.gov/faces/codes_displayText.xhtml?lawCode=WIC&division=9.&title=&part=3.3.&chapter=3.&article=,us-ca,chip medicaid,full screener,1,"Cal. Welf. & Inst. Code § 15853(a)(1), CCHIP covers children with family income at or below 317 percent of the federal poverty level before MAGI conversion who do not qualify for the optional targeted low-income children group or no-cost Medi-Cal",https://leginfo.legislature.ca.gov/faces/codes_displayText.xhtml?lawCode=WIC&division=9.&title=&part=3.3.&chapter=3.&article=,,official,403,,,BLOCKED-CHECK
https://coloradoimmigrant.org/wp-content/uploads/2024/03/Eng.-OmniSalud-Guide-2024.pdf,us-co,chip medicaid,full screener,1,"Colorado OmniSalud Guide 2024 | Colorado OmniSalud Guide 2024, p. 3",https://coloradoimmigrant.org/wp-content/uploads/2024/03/Eng.-OmniSalud-Guide-2024.pdf,,other,200,https://coloradoimmigrant.org/wp-content/uploads/2024/03/Eng.-OmniSalud-Guide-2024.pdf,,CHECK-PUBLISHER
https://connectforhealthco.com/get-started/omnisalud/,us-co,chip medicaid,full screener,1,Connect for Health Colorado OmniSalud 2025 Updates | Connect for Health Colorado OmniSalud Overview,https://connectforhealthco.com/get-started/omnisalud/,,other,200,https://connectforhealthco.com/new-customers/omnisalud/,,CHECK-PUBLISHER
https://www.healthfirstcolorado.com/health-coverage-for-immigrants/,us-co,chip medicaid,full screener,1,"Health First Colorado - Health Coverage for Immigrants | Health First Colorado - Health Coverage for Immigrants (Cover All Coloradans, HB 22-1289)",https://www.healthfirstcolorado.com/health-coverage-for-immigrants/,,other,200,https://www.healthfirstcolorado.gov/health-coverage-for-immigrants/,,CHECK-PUBLISHER
https://law.justia.com/codes/colorado/title-10/health-care-coverage/article-16/part-12/section-10-16-1203/,us-co,chip medicaid,full screener,1,C.R.S. 10-16-1203(7) - Qualified individual (regardless of immigration status) | C.R.S. 10-16-1203(7) - Qualified individual definition,https://law.justia.com/codes/colorado/title-10/health-care-coverage/article-16/part-12/section-10-16-1203/,,mirror,403,,,OFFICIAL-SOURCE
https://www.law.cornell.edu/regulations/colorado/10-CCR-2505-10-8.100_v2,us-co,medicaid,full screener,1,law.cornell.edu/regulations/colorado/10-CCR-2505-10-8.100_v2,https://www.law.cornell.edu/regulations/colorado/10-CCR-2505-10-8.100_v2,,mirror,200,https://www.law.cornell.edu/regulations/colorado/10-CCR-2505-10-8.100_v2,,OFFICIAL-SOURCE
https://hcpf.colorado.gov/child-health-plan-plus,us-co,chip medicaid,full screener,1,Child Health Plan Plus (CHP+) | DEPARTMENT OF HEALTH CARE POLICY AND FINANCING,https://hcpf.colorado.gov/child-health-plan-plus,,official,403,,,BLOCKED-CHECK
https://hcpf.colorado.gov/sites/hcpf/files/April%202022%20CHP%2B%20Income%20Chart.pdf,us-co,chip medicaid,full screener,1,Monthly Maximum Income Guidelines | CHILD HEALTH PLAN PLUS,https://hcpf.colorado.gov/sites/hcpf/files/April%202022%20CHP%2B%20Income%20Chart.pdf,,official,403,,,BLOCKED-CHECK
https://hcpf.colorado.gov/sites/hcpf/files/April%202023%20CHP%2B%20Income%20Chart%20_.pdf,us-co,chip medicaid,full screener,1,Monthly Maximum Income Guidelines | CHILD HEALTH PLAN PLUS,https://hcpf.colorado.gov/sites/hcpf/files/April%202023%20CHP%2B%20Income%20Chart%20_.pdf,,official,403,,,BLOCKED-CHECK
https://portal.ct.gov/-/media/Departments-and-Agencies/DSS/HIT/MedCoverageGroupsOLD.pdf,us-ct,chip medicaid,full screener,1,portal.ct.gov/-/media/Departments-and-Agencies/DSS/HIT/MedCoverageGroupsOLD.pdf,https://portal.ct.gov/-/media/Departments-and-Agencies/DSS/HIT/MedCoverageGroupsOLD.pdf,,official,200,https://portal.ct.gov/-/media/Departments-and-Agencies/DSS/HIT/MedCoverageGroupsOLD.pdf,,FETCH
https://portal.ct.gov/-/media/aginganddisability/agingservices/choices/benefitsquickguide.pdf,us-ct,chip medicaid,full screener,1,portal.ct.gov/-/media/aginganddisability/agingservices/choices/benefitsquickguide.pdf,https://portal.ct.gov/-/media/aginganddisability/agingservices/choices/benefitsquickguide.pdf,,official,200,https://portal.ct.gov/-/media/aginganddisability/agingservices/choices/benefitsquickguide.pdf,,FETCH
https://portal.ct.gov/-/media/aginganddisability/agingservices/choices/quick-guide---accessible-version-21523.pdf,us-ct,chip medicaid,full screener,1,portal.ct.gov/-/media/aginganddisability/agingservices/choices/quick-guide---accessible-ve,https://portal.ct.gov/-/media/aginganddisability/agingservices/choices/quick-guide---accessible-version-21523.pdf,,official,200,https://portal.ct.gov/-/media/aginganddisability/agingservices/choices/quick-guide---accessible-version-21523.pdf,,FETCH
https://portal.ct.gov/-/media/hh/pdf/husky-health-monthly-income-chart-march-1-2025.pdf,us-ct,chip,full screener,1,portal.ct.gov/-/media/hh/pdf/husky-health-monthly-income-chart-march-1-2025.pdf,https://portal.ct.gov/-/media/hh/pdf/husky-health-monthly-income-chart-march-1-2025.pdf,,official,200,https://portal.ct.gov/-/media/hh/pdf/husky-health-monthly-income-chart-march-1-2025.pdf,,FETCH
https://portal.ct.gov/ads/-/media/ads-beta/choices/choices-benefits-quick-guide.pdf?rev=3b8c59ca12224218bc4c4438649e7ac7,us-ct,chip medicaid,full screener,1,portal.ct.gov/ads/-/media/ads-beta/choices/choices-benefits-quick-guide.pdf,https://portal.ct.gov/ads/-/media/ads-beta/choices/choices-benefits-quick-guide.pdf?rev=3b8c59ca12224218bc4c4438649e7ac7,,official,200,https://portal.ct.gov/ads/-/media/ads-beta/choices/choices-benefits-quick-guide.pdf?rev=3b8c59ca12224218bc4c4438649e7ac7,,FETCH
https://hbx.dc.gov/sites/default/files/dc/sites/hbx/event_content/attachments/PROPOSED%20EXTENSION%20OF%20LOSS%20OF%20MEDICAID%20SEP%20Nov%202025_0.pdf,us-dc,chip medicaid,full screener,1,hbx.dc.gov/sites/default/files/dc/sites/hbx/event_content/attachments/PROPOSED%20EXTENSION,https://hbx.dc.gov/sites/default/files/dc/sites/hbx/event_content/attachments/PROPOSED%20EXTENSION%20OF%20LOSS%20OF%20MEDICAID%20SEP%20Nov%202025_0.pdf,,official,200,https://hbx.dc.gov/sites/default/files/dc/sites/hbx/event_content/attachments/PROPOSED%20EXTENSION%20OF%20LOSS%20OF%20MEDICAID%20SEP%20Nov%202025_0.pdf,,FETCH
us-de/regulation/admin-code/title16/dssm/13000,us-de,medicaid,full,0,Delaware Administrative Code Title 16 DSSM 13000: Medicaid,https://regulations.delaware.gov/api/AdminCode/title16/13000/2b2fba94-223c-4eb2-8f14-cad95de1c9fd,us-de/regulation/admin-code/title16/dssm/13000,official,200,https://regulations.delaware.gov/api/AdminCode/title16/13000/2b2fba94-223c-4eb2-8f14-cad95de1c9fd,manifests/us-de-dssm-13000.yaml,EXTRACT-MANIFEST
https://dhss.delaware.gov/dmma/dhcpflyer/,us-de,chip,full screener,1,dhss.delaware.gov/dmma/dhcpflyer/,https://dhss.delaware.gov/dmma/dhcpflyer/,,official,200,https://dhss.delaware.gov/dmma/dhcpflyer/,,FETCH
https://nashp.org/delaware-chip-fact-sheet/,us-de,chip,full screener,1,nashp.org/delaware-chip-fact-sheet/,https://nashp.org/delaware-chip-fact-sheet/,,other,200,https://nashp.org/delaware-chip-fact-sheet/,,CHECK-PUBLISHER
https://ahca.myflorida.com/content/download/7808/file/S25_CMS_Approval_FL-13-0015-MM1-2.pdf,us-fl,chip medicaid,full screener,1,ahca.myflorida.com/content/download/7808/file/S25_CMS_Approval_FL-13-0015-MM1-2.pdf,https://ahca.myflorida.com/content/download/7808/file/S25_CMS_Approval_FL-13-0015-MM1-2.pdf,,other,200,https://ahca.myflorida.com/content/download/7808/file/S25_CMS_Approval_FL-13-0015-MM1-2.pdf,,CHECK-PUBLISHER
https://floridakidcare.org/docs/cost/florida_kidcare_income_guidelines.pdf,us-fl,chip,full screener,1,floridakidcare.org/docs/cost/florida_kidcare_income_guidelines.pdf,https://floridakidcare.org/docs/cost/florida_kidcare_income_guidelines.pdf,,other,200,https://floridakidcare.org/docs/cost/florida_kidcare_income_guidelines.pdf,,CHECK-PUBLISHER
https://dch.georgia.gov/announcement/2024-08-13/peachcare-kidsr-co-payments-and-premiums-resume-oct-1-2024,us-ga,chip,full screener,1,dch.georgia.gov/announcement/2024-08-13/peachcare-kidsr-co-payments-and-premiums-resume-oc,https://dch.georgia.gov/announcement/2024-08-13/peachcare-kidsr-co-payments-and-premiums-resume-oct-1-2024,,official,200,https://dch.georgia.gov/announcement/2024-08-13/peachcare-kidsr-co-payments-and-premiums-resume-oct-1-2024,,FETCH
https://pamms.dhs.ga.gov/dfcs/medicaid/appendix-a2/2026-family-limits/,us-ga,chip medicaid,full screener,1,pamms.dhs.ga.gov/dfcs/medicaid/appendix-a2/2026-family-limits/,https://pamms.dhs.ga.gov/dfcs/medicaid/appendix-a2/2026-family-limits/,,official,200,https://pamms.dhs.ga.gov/dfcs/medicaid/appendix-a2/2026-family-limits/,,FETCH
https://www.macpac.gov/wp-content/uploads/2024/12/EXHIBIT-36.-Medicaid-Income-Eligibility-Levels-as-a-Percentage-of-the-FPL-for-Non-Aged-Non-Disabled-Non-Pregnant-Adults-July-2024.pdf,us-ga,chip medicaid,full screener,1,macpac.gov/wp-content/uploads/2024/12/EXHIBIT-36.-Medicaid-Income-Eligibility-Levels-as-a-,https://www.macpac.gov/wp-content/uploads/2024/12/EXHIBIT-36.-Medicaid-Income-Eligibility-Levels-as-a-Percentage-of-the-FPL-for-Non-Aged-Non-Disabled-Non-Pregnant-Adults-July-2024.pdf,,official,200,https://www.macpac.gov/wp-content/uploads/2024/12/EXHIBIT-36.-Medicaid-Income-Eligibility-Levels-as-a-Percentage-of-the-FPL-for-Non-Aged-Non-Disabled-Non-Pregnant-Adults-July-2024.pdf,,FETCH
https://www.macpac.gov/wp-content/uploads/2026/01/EXHIBIT-36.-Medicaid-Income-Eligibility-Levels-as-a-Percentage-of-the-Federal-Poverty-Level-for-Non-Aged-Non-Disabled-Non-Pregnant-Adults-by-State-2025.pdf,us-ga,chip medicaid,full screener,1,macpac.gov/wp-content/uploads/2026/01/EXHIBIT-36.-Medicaid-Income-Eligibility-Levels-as-a-,https://www.macpac.gov/wp-content/uploads/2026/01/EXHIBIT-36.-Medicaid-Income-Eligibility-Levels-as-a-Percentage-of-the-Federal-Poverty-Level-for-Non-Aged-Non-Disabled-Non-Pregnant-Adults-by-State-2025.pdf,,official,200,https://www.macpac.gov/wp-content/uploads/2026/01/EXHIBIT-36.-Medicaid-Income-Eligibility-Levels-as-a-Percentage-of-the-Federal-Poverty-Level-for-Non-Aged-Non-Disabled-Non-Pregnant-Adults-by-State-2025.pdf,,FETCH
https://www.mmis.georgia.gov/portal/Portals/0/StaticContent/Public/ALL/NOTICES/Covid-19-%20Spring%20Medicaid%20Fair%202021%2020210325165058.pdf,us-ga,chip,full screener,1,mmis.georgia.gov/portal/Portals/0/StaticContent/Public/ALL/NOTICES/Covid-19-%20Spring%20Me,https://www.mmis.georgia.gov/portal/Portals/0/StaticContent/Public/ALL/NOTICES/Covid-19-%20Spring%20Medicaid%20Fair%202021%2020210325165058.pdf,,official,200,https://www.mmis.georgia.gov/portal/Portals/0/StaticContent/Public/ALL/NOTICES/Covid-19-%20Spring%20Medicaid%20Fair%202021%2020210325165058.pdf,,FETCH
https://hhs.iowa.gov/media/10189/download?inline=,us-ia,chip,full screener,1,hhs.iowa.gov/media/10189/download,https://hhs.iowa.gov/media/10189/download?inline=,,official,200,https://hhs.iowa.gov/media/10189/download?inline=,,FETCH
https://www.legis.iowa.gov/docs/publications/FN/1449063.pdf,us-ia,chip medicaid,full screener,1,legis.iowa.gov/docs/publications/FN/1449063.pdf,https://www.legis.iowa.gov/docs/publications/FN/1449063.pdf,,official,200,https://www.legis.iowa.gov/docs/publications/FN/1449063.pdf,,FETCH
https://www.law.cornell.edu/regulations/iowa/Iowa-Admin-Code-r-441-75-1,us-ia,medicaid,full screener,1,law.cornell.edu/regulations/iowa/Iowa-Admin-Code-r-441-75-1,https://www.law.cornell.edu/regulations/iowa/Iowa-Admin-Code-r-441-75-1,,mirror,200,https://www.law.cornell.edu/regulations/iowa/Iowa-Admin-Code-r-441-75-1,,OFFICIAL-SOURCE
https://hfs.illinois.gov/medicalclients/healthbenefitsforimmigrants.html,us-il,chip medicaid,full screener,1,Illinois HFS - Health Benefits for Immigrants,https://hfs.illinois.gov/medicalclients/healthbenefitsforimmigrants.html,,official,200,https://hfs.illinois.gov/medicalclients/healthbenefitsforimmigrants.html,,FETCH
https://hfs.illinois.gov/medicalclients/healthbenefitsforimmigrants/hbiafaq.html,us-il,chip medicaid,full screener,1,Illinois HFS - HBIA FAQ,https://hfs.illinois.gov/medicalclients/healthbenefitsforimmigrants/hbiafaq.html,,official,200,https://hfs.illinois.gov/medicalclients/healthbenefitsforimmigrants/hbiafaq.html,,FETCH
https://hfs.illinois.gov/medicalclients/healthbenefitsforimmigrants/healthbenefitsforimmigrantadults.html,us-il,chip medicaid,full screener,1,Illinois HFS - Health Benefits for Immigrant Adults,https://hfs.illinois.gov/medicalclients/healthbenefitsforimmigrants/healthbenefitsforimmigrantadults.html,,official,200,https://hfs.illinois.gov/medicalclients/healthbenefitsforimmigrants/healthbenefitsforimmigrantadults.html,,FETCH
https://hfs.illinois.gov/medicalprograms/allkids/about.html,us-il,chip medicaid,full screener,1,Illinois HFS - About All Kids,https://hfs.illinois.gov/medicalprograms/allkids/about.html,,official,200,https://hfs.illinois.gov/medicalprograms/allkids/about.html,,FETCH
https://hfs.illinois.gov/medicalprograms/allkids/income.html,us-il,chip,full screener,1,hfs.illinois.gov/medicalprograms/allkids/income.html,https://hfs.illinois.gov/medicalprograms/allkids/income.html,,official,200,https://hfs.illinois.gov/medicalprograms/allkids/income.html,,FETCH
https://hfs.illinois.gov/medicalprograms/hbwd.html,us-il,chip medicaid,full screener,1,hfs.illinois.gov/medicalprograms/hbwd.html,https://hfs.illinois.gov/medicalprograms/hbwd.html,,official,200,https://hfs.illinois.gov/medicalprograms/hbwd.html,,FETCH
https://hfs.illinois.gov/medicalprograms/hbwd/about.html,us-il,chip medicaid,full screener,1,web:hfs.illinois.gov/medicalprograms/hbwd/about.html,https://hfs.illinois.gov/medicalprograms/hbwd/about.html,,official,200,https://hfs.illinois.gov/medicalprograms/hbwd/about.html,,FETCH
https://hfs.illinois.gov/medicalprograms/hbwd/eligibility.html,us-il,chip medicaid,full screener,1,Health Benefits for Workers with Disabilities Eligibility | HFS,https://hfs.illinois.gov/medicalprograms/hbwd/eligibility.html,,official,200,https://hfs.illinois.gov/medicalprograms/hbwd/eligibility.html,,FETCH
https://hfs.illinois.gov/medicalprograms/hbwd/premiums.html,us-il,chip medicaid,full screener,1,hfs.illinois.gov/medicalprograms/hbwd/premiums.html,https://hfs.illinois.gov/medicalprograms/hbwd/premiums.html,,official,200,https://hfs.illinois.gov/medicalprograms/hbwd/premiums.html,,FETCH
https://www.law.cornell.edu/regulations/illinois/Ill-Admin-Code-tit-89-SS-120.330,us-il,chip medicaid,full screener,1,89 Ill. Admin. Code § 120.330 - Income - Unearned Income,https://www.law.cornell.edu/regulations/illinois/Ill-Admin-Code-tit-89-SS-120.330,,mirror,200,https://www.law.cornell.edu/regulations/illinois/Ill-Admin-Code-tit-89-SS-120.330,,OFFICIAL-SOURCE
https://www.law.cornell.edu/regulations/illinois/Ill-Admin-Code-tit-89-SS-120.360,us-il,chip medicaid,full screener,1,89 Ill. Admin. Code § 120.360 - Income - Earned Income,https://www.law.cornell.edu/regulations/illinois/Ill-Admin-Code-tit-89-SS-120.360,,mirror,200,https://www.law.cornell.edu/regulations/illinois/Ill-Admin-Code-tit-89-SS-120.360,,OFFICIAL-SOURCE
https://www.law.cornell.edu/regulations/illinois/Ill-Admin-Code-tit-89-SS-120.362,us-il,chip medicaid,full screener,1,IL reg ill-admin-code-tit-89-ss-120-362,https://www.law.cornell.edu/regulations/illinois/Ill-Admin-Code-tit-89-SS-120.362,,mirror,200,https://www.law.cornell.edu/regulations/illinois/Ill-Admin-Code-tit-89-SS-120.362,,OFFICIAL-SOURCE
https://www.law.cornell.edu/regulations/illinois/Ill-Admin-Code-tit-89-SS-120.370,us-il,chip medicaid,full screener,1,IL reg ill-admin-code-tit-89-ss-120-370,https://www.law.cornell.edu/regulations/illinois/Ill-Admin-Code-tit-89-SS-120.370,,mirror,200,https://www.law.cornell.edu/regulations/illinois/Ill-Admin-Code-tit-89-SS-120.370,,OFFICIAL-SOURCE
https://www.law.cornell.edu/regulations/illinois/Ill-Admin-Code-tit-89-SS-120.381,us-il,chip medicaid,full screener,1,IL reg ill-admin-code-tit-89-ss-120-381,https://www.law.cornell.edu/regulations/illinois/Ill-Admin-Code-tit-89-SS-120.381,,mirror,200,https://www.law.cornell.edu/regulations/illinois/Ill-Admin-Code-tit-89-SS-120.381,,OFFICIAL-SOURCE
https://www.law.cornell.edu/regulations/illinois/Ill-Admin-Code-tit-89-SS-120.510,us-il,chip medicaid,full screener,1,89 Ill. Admin. Code § 120.510 (n) | 89 Ill. Admin. Code § 120.510 (a)(7) - HBWD Eligibility,https://www.law.cornell.edu/regulations/illinois/Ill-Admin-Code-tit-89-SS-120.510,,mirror,200,https://www.law.cornell.edu/regulations/illinois/Ill-Admin-Code-tit-89-SS-120.510,,OFFICIAL-SOURCE
https://www.law.cornell.edu/regulations/illinois/Ill-Admin-Code-tit-89-SS-120.66,us-il,chip medicaid,full screener,1,89 Ill. Admin. Code § 120.66(c)(1),https://www.law.cornell.edu/regulations/illinois/Ill-Admin-Code-tit-89-SS-120.66,,mirror,200,https://www.law.cornell.edu/regulations/illinois/Ill-Admin-Code-tit-89-SS-120.66,,OFFICIAL-SOURCE
https://www.ilga.gov/documents/legislation/ilcs/documents/030500050K5-2.htm,us-il,chip medicaid,full screener,1,305 ILCS 5/5-2 - Classes of Persons Eligible (11)(c) | 305 ILCS 5/5-2 - Classes of Persons Eligible (11)(a),https://www.ilga.gov/documents/legislation/ilcs/documents/030500050K5-2.htm,,official,error:URLError,,,DEAD-LINK
https://www.ilga.gov/legislation/ilcs/documents/030500050K5-2.htm,us-il,chip medicaid,full screener,1,305 ILCS 5/5-2(12) - Medical Assistance Eligibility,https://www.ilga.gov/legislation/ilcs/documents/030500050K5-2.htm,,official,error:URLError,,,DEAD-LINK
https://www.ilga.gov/legislation/ilcs/fulltext.asp?DocName=030500050K5-2,us-il,chip medicaid,full screener,1,305 ILCS 5/5-2(5)(b),https://www.ilga.gov/legislation/ilcs/fulltext.asp?DocName=030500050K5-2,,official,error:URLError,,,DEAD-LINK
https://www.in.gov/fssa/ddars/bba/provider-resources/residential-care-assistance-program/,us-in,medicaid,full screener,1,in.gov/fssa/ddars/bba/provider-resources/residential-care-assistance-program/,https://www.in.gov/fssa/ddars/bba/provider-resources/residential-care-assistance-program/,,official,200,https://www.in.gov/fssa/ddars/bba/provider-resources/residential-care-assistance-program/,,FETCH
https://www.in.gov/fssa/hip/about-hip/power-accounts/,us-in,medicaid,full screener,1,in.gov/fssa/hip/about-hip/power-accounts/,https://www.in.gov/fssa/hip/about-hip/power-accounts/,,official,200,https://www.in.gov/fssa/hip/about-hip/power-accounts/,,FETCH
https://www.in.gov/medicaid/members/member-programs/hhw-package-c-medworks-premium/,us-in,chip,full screener,1,in.gov/medicaid/members/member-programs/hhw-package-c-medworks-premium/,https://www.in.gov/medicaid/members/member-programs/hhw-package-c-medworks-premium/,,official,200,https://www.in.gov/medicaid/members/member-programs/hhw-package-c-medworks-premium/,,FETCH
https://www.indianapca.org/cost-sharing-for-hip-program-to-remain-paused-at-this-time/,us-in,medicaid,full screener,1,indianapca.org/cost-sharing-for-hip-program-to-remain-paused-at-this-time/,https://www.indianapca.org/cost-sharing-for-hip-program-to-remain-paused-at-this-time/,,other,200,https://www.indianapca.org/cost-sharing-for-hip-program-to-remain-paused-at-this-time/,,CHECK-PUBLISHER
https://khap.kdhe.ks.gov/kfmam/main.asp?tier1=02000&tier2=02100,us-ks,chip medicaid,full screener,1,khap.kdhe.ks.gov/kfmam/main.asp,https://khap.kdhe.ks.gov/kfmam/main.asp?tier1=02000&tier2=02100,,official,200,https://khap.kdhe.ks.gov/kfmam/main.asp?tier1=02000&tier2=02100,,FETCH
https://klrd.gov/2026/03/02/briefing-book-2026-childrens-eligibility-for-chip-mchip-medicaid-and-hcbs-including-information-on-premium-requirements-for-chip/,us-ks,chip,full screener,1,klrd.gov/2026/03/02/briefing-book-2026-childrens-eligibility-for-chip-mchip-medicaid-and-h,https://klrd.gov/2026/03/02/briefing-book-2026-childrens-eligibility-for-chip-mchip-medicaid-and-hcbs-including-information-on-premium-requirements-for-chip/,,official,403,,,BLOCKED-CHECK
https://www.law.cornell.edu/regulations/louisiana/La-Admin-Code-tit-50-SS-III-2305,us-la,medicaid,full screener,1,law.cornell.edu/regulations/louisiana/La-Admin-Code-tit-50-SS-III-2305,https://www.law.cornell.edu/regulations/louisiana/La-Admin-Code-tit-50-SS-III-2305,,mirror,200,https://www.law.cornell.edu/regulations/louisiana/La-Admin-Code-tit-50-SS-III-2305,,OFFICIAL-SOURCE
https://ldh.la.gov/faq/category/19,us-la,chip,full screener,1,ldh.la.gov/faq/category/19,https://ldh.la.gov/faq/category/19,,official,403,,,BLOCKED-CHECK
https://www.law.cornell.edu/regulations/massachusetts/130-CMR-505-002,us-ma,chip medicaid,full screener,1,law.cornell.edu/regulations/massachusetts/130-CMR-505-002,https://www.law.cornell.edu/regulations/massachusetts/130-CMR-505-002,,mirror,200,https://www.law.cornell.edu/regulations/massachusetts/130-CMR-505-002,,OFFICIAL-SOURCE
https://www.law.cornell.edu/regulations/massachusetts/130-CMR-506-011,us-ma,chip,full screener,1,law.cornell.edu/regulations/massachusetts/130-CMR-506-011,https://www.law.cornell.edu/regulations/massachusetts/130-CMR-506-011,,mirror,200,https://www.law.cornell.edu/regulations/massachusetts/130-CMR-506-011,,OFFICIAL-SOURCE
https://legislature.maine.gov/statutes/22/title22sec3174-LLL.html,us-me,medicare,full screener,1,legislature.maine.gov/statutes/22/title22sec3174-LLL.html,https://legislature.maine.gov/statutes/22/title22sec3174-LLL.html,,official,200,https://legislature.maine.gov/statutes/22/title22sec3174-LLL.html,,FETCH
https://dhhs.michigan.gov/olmweb/ex/BP/Mobile/BEM/BEM%20Mobile.pdf,us-mi,medicaid,full screener,1,dhhs.michigan.gov/olmweb/ex/BP/Mobile/BEM/BEM%20Mobile.pdf,https://dhhs.michigan.gov/olmweb/ex/BP/Mobile/BEM/BEM%20Mobile.pdf,,official,200,https://mdhhs-pres-prod.michigan.gov/olmweb/ex/BP/Mobile/BEM/BEM%20Mobile.pdf,,FETCH
https://www.michigan.gov/healthymiplan,us-mi,medicaid,full screener,1,michigan.gov/healthymiplan,https://www.michigan.gov/healthymiplan,,official,403,,,BLOCKED-CHECK
https://www.michigan.gov/healthymiplan/-/media/Project/Websites/healthymiplan/B-23-07-HMP-Final.pdf,us-mi,medicaid,full screener,1,michigan.gov/healthymiplan/-/media/Project/Websites/healthymiplan/B-23-07-HMP-Final.pdf,https://www.michigan.gov/healthymiplan/-/media/Project/Websites/healthymiplan/B-23-07-HMP-Final.pdf,,official,403,,,BLOCKED-CHECK
https://www.michigan.gov/mdhhs/-/media/Project/Websites/mdhhs/Assistance-Programs/Medicaid-BPHASA/2023-Bulletins/Final-Bulletin-MMP-24-20-Eligibility.pdf?rev=dbb27d49587c40f6bb87c2669287edf6&hash=8F47918C2161E23831CC56F0BF4A3AD0,us-mi,medicaid,full screener,1,michigan.gov/mdhhs/-/media/Project/Websites/mdhhs/Assistance-Programs/Medicaid-BPHASA/2023,https://www.michigan.gov/mdhhs/-/media/Project/Websites/mdhhs/Assistance-Programs/Medicaid-BPHASA/2023-Bulletins/Final-Bulletin-MMP-24-20-Eligibility.pdf?rev=dbb27d49587c40f6bb87c2669287edf6&hash=8F47918C2161E23831CC56F0BF4A3AD0,,official,403,,,BLOCKED-CHECK
https://www.michigan.gov/mdhhs/assistance-programs/healthcare/childrenteens/michild/qanda/michild-program-general-information,us-mi,chip,full screener,1,michigan.gov/mdhhs/assistance-programs/healthcare/childrenteens/michild/qanda/michild-prog,https://www.michigan.gov/mdhhs/assistance-programs/healthcare/childrenteens/michild/qanda/michild-program-general-information,,official,403,,,BLOCKED-CHECK
https://mydss.mo.gov/benefit-program-income-limits,us-mo,chip medicaid,full screener,1,mydss.mo.gov/benefit-program-income-limits,https://mydss.mo.gov/benefit-program-income-limits,,official,200,https://dss.mo.gov/benefit-program-income-limits,,FETCH
https://mydss.mo.gov/childrens-health-insurance-program-chip-premium-chart,us-mo,chip,full screener,1,mydss.mo.gov/childrens-health-insurance-program-chip-premium-chart,https://mydss.mo.gov/childrens-health-insurance-program-chip-premium-chart,,official,200,https://dss.mo.gov/childrens-health-insurance-program-chip-premium-chart,,FETCH
https://revisor.mo.gov/main/OneSection.aspx?section=208.640,us-mo,chip,full screener,1,revisor.mo.gov/main/OneSection.aspx,https://revisor.mo.gov/main/OneSection.aspx?section=208.640,,official,200,https://revisor.mo.gov/main/OneSection.aspx?section=208.640,,FETCH
https://dss.mo.gov/fsd/iman/medasst/0865-010-15.html,us-mo,medicare,full screener,1,dss.mo.gov/fsd/iman/medasst/0865-010-15.html,https://dss.mo.gov/fsd/iman/medasst/0865-010-15.html,,official,404,,,DEAD-LINK
https://medicaid.ms.gov/medicaid-coverage/who-qualifies-for-coverage/income-limits-for-medicaid-and-chip-programs/,us-ms,chip medicaid,full screener,1,medicaid.ms.gov/medicaid-coverage/who-qualifies-for-coverage/income-limits-for-medicaid-an,https://medicaid.ms.gov/medicaid-coverage/who-qualifies-for-coverage/income-limits-for-medicaid-and-chip-programs/,,official,200,https://medicaid.ms.gov/medicaid-coverage/who-qualifies-for-coverage/income-limits-for-medicaid-and-chip-programs/,,FETCH
https://medicaid.ms.gov/medicaid-coverage/who-qualifies-for-coverage/working-disabled/,us-ms,chip medicaid,full screener,1,medicaid.ms.gov/medicaid-coverage/who-qualifies-for-coverage/working-disabled/,https://medicaid.ms.gov/medicaid-coverage/who-qualifies-for-coverage/working-disabled/,,official,200,https://medicaid.ms.gov/medicaid-coverage/who-qualifies-for-coverage/working-disabled/,,FETCH
https://medicaid.ms.gov/wp-content/uploads/2017/10/Chapter-101.pdf,us-ms,chip medicaid,full screener,1,medicaid.ms.gov/wp-content/uploads/2017/10/Chapter-101.pdf,https://medicaid.ms.gov/wp-content/uploads/2017/10/Chapter-101.pdf,,official,200,https://medicaid.ms.gov/wp-content/uploads/2017/10/Chapter-101.pdf,,FETCH
https://medicaid.ms.gov/wp-content/uploads/2022/07/Healthier-Mississippi-Waiver-Full-Public-Notice-Website.pdf,us-ms,chip medicaid,full screener,1,"Mississippi Division of Medicaid, Healthier Mississippi Waiver Full Public Notice",https://medicaid.ms.gov/wp-content/uploads/2022/07/Healthier-Mississippi-Waiver-Full-Public-Notice-Website.pdf,,official,200,https://medicaid.ms.gov/wp-content/uploads/2022/07/Healthier-Mississippi-Waiver-Full-Public-Notice-Website.pdf,,FETCH
https://medicaid.ms.gov/wp-content/uploads/2024/04/20240403_MES_Gainwell_PRP-101_Member-Coverage-Description-Job_Aid_v0.1.pdf,us-ms,chip medicaid,full screener,1,"Mississippi Division of Medicaid, Member Coverage Descriptions Job Aid",https://medicaid.ms.gov/wp-content/uploads/2024/04/20240403_MES_Gainwell_PRP-101_Member-Coverage-Description-Job_Aid_v0.1.pdf,,official,200,https://medicaid.ms.gov/wp-content/uploads/2024/04/20240403_MES_Gainwell_PRP-101_Member-Coverage-Description-Job_Aid_v0.1.pdf,,FETCH
https://medicaid.ms.gov/wp-content/uploads/2024/09/Healthier-Mississippi-Extension.pdf,us-ms,chip medicaid,full screener,1,"Centers for Medicare & Medicaid Services, Healthier Mississippi Extension",https://medicaid.ms.gov/wp-content/uploads/2024/09/Healthier-Mississippi-Extension.pdf,,official,200,https://medicaid.ms.gov/wp-content/uploads/2024/09/Healthier-Mississippi-Extension.pdf,,FETCH
https://medicaid.ms.gov/wp-content/uploads/2026/02/HMW-Fact-Sheet-2026.pdf,us-ms,chip medicaid,full screener,1,"Mississippi Division of Medicaid, Healthier Mississippi Waiver Fact Sheet",https://medicaid.ms.gov/wp-content/uploads/2026/02/HMW-Fact-Sheet-2026.pdf,,official,200,https://medicaid.ms.gov/wp-content/uploads/2026/02/HMW-Fact-Sheet-2026.pdf,,FETCH
https://www.medicaid.ms.gov/wp-content/uploads/2014/01/Admin-Code-Part-104.pdf,us-ms,chip medicaid,full screener,1,"Mississippi Division of Medicaid Administrative Code Part 104, Income",https://www.medicaid.ms.gov/wp-content/uploads/2014/01/Admin-Code-Part-104.pdf,,official,200,https://www.medicaid.ms.gov/wp-content/uploads/2014/01/Admin-Code-Part-104.pdf,,FETCH
https://ndlegis.gov/assembly/69-2025/testimony/HHUMSER-1067-20250114-28935-F-FREMMING_KRISTA.pdf,us-nd,medicaid,full screener,1,ndlegis.gov/assembly/69-2025/testimony/HHUMSER-1067-20250114-28935-F-FREMMING_KRISTA.pdf,https://ndlegis.gov/assembly/69-2025/testimony/HHUMSER-1067-20250114-28935-F-FREMMING_KRISTA.pdf,,official,200,https://ndlegis.gov/assembly/69-2025/testimony/HHUMSER-1067-20250114-28935-F-FREMMING_KRISTA.pdf,,FETCH
https://medicaid.nv.gov/Downloads/provider/web_announcement_3748_20251020.pdf,us-nv,chip medicaid,full screener,1,medicaid.nv.gov/Downloads/provider/web_announcement_3748_20251020.pdf,https://medicaid.nv.gov/Downloads/provider/web_announcement_3748_20251020.pdf,,official,200,https://medicaid.nv.gov/Downloads/provider/web_announcement_3748_20251020.pdf,,FETCH
https://mmcor.phpcoalition.org/docs/Rate%20Setting%20Documents/CY25/NY%20CY25%20CHPlus%20Rate%20Presentation%20-%202024.11.08.pdf,us-ny,chip,full screener,1,mmcor.phpcoalition.org/docs/Rate%20Setting%20Documents/CY25/NY%20CY25%20CHPlus%20Rate%20Pr,https://mmcor.phpcoalition.org/docs/Rate%20Setting%20Documents/CY25/NY%20CY25%20CHPlus%20Rate%20Presentation%20-%202024.11.08.pdf,,other,200,https://login.microsoftonline.com/746cf3c9-82dc-47b7-b786-b786b130b28f/oauth2/v2.0/authorize?client_id=df072745-3577-45cb-927f-904c89590c45&redirect_uri=https%3A%2F%2Fmmcor.phpcoalition.org%2Fsignin-oidc&response_type=code&scope=openid%20profile%20offline_access%20https%3A%2F%2Fanalysis.windows.net%2Fpowerbi%2Fapi%2FGroup.Read.All%20https%3A%2F%2Fanalysis.windows.net%2Fpowerbi%2Fapi%2FDashboard.Read.All%20https%3A%2F%2Fanalysis.windows.net%2Fpowerbi%2Fapi%2FReport.ReadWrite.All%20https%3A%2F%2Fanalysis.windows.net%2Fpowerbi%2Fapi%2FDataset.ReadWrite.All%20https%3A%2F%2Fanalysis.windows.net%2Fpowerbi%2Fapi%2FDataflow.ReadWrite.All%20https%3A%2F%2Fanalysis.windows.net%2Fpowerbi%2Fapi%2FContent.Create%20https%3A%2F%2Fanalysis.windows.net%2Fpowerbi%2Fapi%2FWorkspace.ReadWrite.All&code_challenge=TK5R7Xok0-H058G8bSDOVjZTEg3YqikbJMda6-hGyMA&code_challenge_method=S256&response_mode=form_post&nonce=639269153630793429.NmMxMWI4ZDAtM2RjOS00ODc5LTg2NjMtMWE4ZTRjMGZhNzhjNTM2NTc3ODAtMTNlMy00MTNkLWFjNTAtMzliZGY5M2JhOWZk&client_info=1&x-client-brkrver=IDWeb.2.15.3.0&state=CfDJ8Ow_hu2u8pNKgWolH7OolMGm_yvp1nkK07W0Vlq1Y7vCrqZRNCJ3OueGGju-EvIQcp5cWW6kw37Hb7ZxqRrv0XzYhecrawa09psgLMCGpfDZivQM_ErAkfHa5_ydFcp1s0MIYiVy1AK_QB7O6RmfW7UscFASz_XWfWdI7LHa_Tm1fY2Y7RGqwZ1rDTvGm9Qb_BGp975H0iVD6IcQssgxzQ08EjW-OIwI7E8mtAhklrgpNHPoHH3WjTG-3v8jGgKOwXG0hv87UaxsPLGot6g37onMrI4t-gWRRv-NSGLCKtpu1TfiQ9C5VAi5Qq77V1qNbehEK12CbPUiPFSJTxLcDZMVlnuSqZseDOe0RTUfTo2e3d9glx5FOFMfVc09UJZgYFQ9HBeQU994f87FwsoF-TI5CdRcD-SSf4mKQZDUv1Y4NauJnh-8mo068V9K1a56XJFzsbHGM2UKYoGS9HKy4ZGfriT5jMIPhCOsc2zzJ-zxk4NPSLsPMxF_F1OgwWdzeQ&x-client-SKU=ID_NETSTANDARD2_0&x-client-ver=6.33.0.0,,CHECK-PUBLISHER
https://mmcor.phpcoalition.org/docs/Rate%20Setting%20Documents/CY26/NY%20CY26%20CHPlus%20Rate%20Presentation%20-%202025.11.10_FINAL.pdf,us-ny,chip,full screener,1,mmcor.phpcoalition.org/docs/Rate%20Setting%20Documents/CY26/NY%20CY26%20CHPlus%20Rate%20Pr,https://mmcor.phpcoalition.org/docs/Rate%20Setting%20Documents/CY26/NY%20CY26%20CHPlus%20Rate%20Presentation%20-%202025.11.10_FINAL.pdf,,other,200,https://login.microsoftonline.com/746cf3c9-82dc-47b7-b786-b786b130b28f/oauth2/v2.0/authorize?client_id=df072745-3577-45cb-927f-904c89590c45&redirect_uri=https%3A%2F%2Fmmcor.phpcoalition.org%2Fsignin-oidc&response_type=code&scope=openid%20profile%20offline_access%20https%3A%2F%2Fanalysis.windows.net%2Fpowerbi%2Fapi%2FGroup.Read.All%20https%3A%2F%2Fanalysis.windows.net%2Fpowerbi%2Fapi%2FDashboard.Read.All%20https%3A%2F%2Fanalysis.windows.net%2Fpowerbi%2Fapi%2FReport.ReadWrite.All%20https%3A%2F%2Fanalysis.windows.net%2Fpowerbi%2Fapi%2FDataset.ReadWrite.All%20https%3A%2F%2Fanalysis.windows.net%2Fpowerbi%2Fapi%2FDataflow.ReadWrite.All%20https%3A%2F%2Fanalysis.windows.net%2Fpowerbi%2Fapi%2FContent.Create%20https%3A%2F%2Fanalysis.windows.net%2Fpowerbi%2Fapi%2FWorkspace.ReadWrite.All&code_challenge=YikUgiBIfaMEUkYZ9A32G-_-i5sghXmW5j-mCh2pWKs&code_challenge_method=S256&response_mode=form_post&nonce=639269153630831946.OGI5NTY5MGEtY2NmMC00NWU5LThjODEtOGYzYjA0MmI4MTMxYmJkYzc2ODMtNDg0Mi00OTBlLTg2ZTItMWYzYTYxMDNjMTZl&client_info=1&x-client-brkrver=IDWeb.2.15.3.0&state=CfDJ8Ow_hu2u8pNKgWolH7OolMFrVuZlXJup7frOqZqpvVfuHkOM2Ci8e9u9NzFobt7tPbR4pXIgtJz6Ei3LimMnIYdBFwJVwR_gCeaLzEd4lteP6xgc5DaGbLVNEBGWLxS71yTT13OXeSKSysMAuODDCjwMHX9LQLkyHbd-23ZCPVln2YUDVqM06Qsge1CkEBnoXeuDcvKIPkN1GIzRLHiBWoYh0C18hcKm_Idu-FQh03D1Sj3xPArAApvMyt4XsgDy7DPnhVRcp4SFYlGOu8UPpYCwUEZ0s4RLNqe324d2syHdLSNBYukAT2VALBdWeoXHZGMkZnXfrouO7degMmxc_bFpWCd1C1rJdPmHE03CvlVIhcrTP6umbN44KU6l9PEJCRBydzUDJHIYa2O1u-HGEhfVTkgjQtWwEoukIifZ1qHGP2wADGI44RkWbdtIkkLNJoSkQwUapWlZMoOuWg3L-CVmlZmjK87Y_STcJUCwB7d3q2ooOTwOBFeicD6SQ8SJatGQiFhXjdb-QNqxIOp2v4I&x-client-SKU=ID_NETSTANDARD2_0&x-client-ver=6.33.0.0,,CHECK-PUBLISHER
"https://info.nystateofhealth.ny.gov/sites/default/files/2026%20Income%20Levels_for%20Medicaid,%20CHPlus%20&%20EP.pdf",us-ny,chip,full screener,1,"info.nystateofhealth.ny.gov/sites/default/files/2026%20Income%20Levels_for%20Medicaid,%20C","https://info.nystateofhealth.ny.gov/sites/default/files/2026%20Income%20Levels_for%20Medicaid,%20CHPlus%20&%20EP.pdf",,official,403,,,BLOCKED-CHECK
https://ch461rules.odhs.oregon.gov/historical/461-155-0250_history.pdf,us-or,medicaid,full screener,1,ch461rules.odhs.oregon.gov/historical/461-155-0250_history.pdf,https://ch461rules.odhs.oregon.gov/historical/461-155-0250_history.pdf,,official,200,https://ch461rules.odhs.oregon.gov/historical/461-155-0250_history.pdf,,FETCH
https://ch461rules.odhs.oregon.gov/rules/461-155-0250.pdf,us-or,medicaid,full screener,1,ch461rules.odhs.oregon.gov/rules/461-155-0250.pdf,https://ch461rules.odhs.oregon.gov/rules/461-155-0250.pdf,,official,200,https://ch461rules.odhs.oregon.gov/rules/461-155-0250.pdf,,FETCH
https://olis.oregonlegislature.gov/liz/2021R1/Downloads/MeasureDocument/HB3352/Enrolled,us-or,medicaid,full screener,1,olis.oregonlegislature.gov/liz/2021R1/Downloads/MeasureDocument/HB3352/Enrolled,https://olis.oregonlegislature.gov/liz/2021R1/Downloads/MeasureDocument/HB3352/Enrolled,,official,200,https://olis.oregonlegislature.gov/liz/2021R1/Downloads/MeasureDocument/HB3352/Enrolled,,FETCH
https://www.oregon.gov/oha/hsd/ohp/pages/healthier-oregon.aspx,us-or,medicaid,full screener,1,oregon.gov/oha/hsd/ohp/pages/healthier-oregon.aspx,https://www.oregon.gov/oha/hsd/ohp/pages/healthier-oregon.aspx,,official,200,https://www.oregon.gov/oha/hsd/ohp/pages/healthier-oregon.aspx,,FETCH
https://oregon.public.law/statutes/ors_414.231,us-or,medicaid,full screener,1,oregon.public.law/statutes/ors_414.231,https://oregon.public.law/statutes/ors_414.231,,other,200,https://oregon.public.law/statutes/ors_414.231,,CHECK-PUBLISHER
https://www.opb.org/article/2023/07/10/oregon-expands-health-coverage-low-income-residents-immigrants/,us-or,medicaid,full screener,1,opb.org/article/2023/07/10/oregon-expands-health-coverage-low-income-residents-immigrants/,https://www.opb.org/article/2023/07/10/oregon-expands-health-coverage-low-income-residents-immigrants/,,other,200,https://www.opb.org/article/2023/07/10/oregon-expands-health-coverage-low-income-residents-immigrants/,,CHECK-PUBLISHER
https://sharedsystems.dhsoha.state.or.us/DHSForms/Served/de5530.pdf,us-or,medicaid,full screener,1,sharedsystems.dhsoha.state.or.us/DHSForms/Served/de5530.pdf,https://sharedsystems.dhsoha.state.or.us/DHSForms/Served/de5530.pdf,,official,error:URLError,,,DEAD-LINK
https://www.scdhhs.gov/sites/dhhs/files/waivers/2025-06-23%20Palmetto%20Pathways%20to%20Independence%20Submission%20(1).pdf,us-sc,chip medicaid,full screener,1,scdhhs.gov/sites/dhhs/files/waivers/2025-06-23%20Palmetto%20Pathways%20to%20Independence%2,https://www.scdhhs.gov/sites/dhhs/files/waivers/2025-06-23%20Palmetto%20Pathways%20to%20Independence%20Submission%20(1).pdf,,official,200,https://www.scdhhs.gov/sites/dhhs/files/waivers/2025-06-23%20Palmetto%20Pathways%20to%20Independence%20Submission%20(1).pdf,,FETCH
https://www.tn.gov/content/dam/tn/tenncare/documents2/SSPPParentsAndOtherCaretakerRelatives.pdf,us-tn,chip medicaid,full screener,1,tn.gov/content/dam/tn/tenncare/documents2/SSPPParentsAndOtherCaretakerRelatives.pdf,https://www.tn.gov/content/dam/tn/tenncare/documents2/SSPPParentsAndOtherCaretakerRelatives.pdf,,official,200,https://www.tn.gov/content/dam/tn/tenncare/documents2/SSPPParentsAndOtherCaretakerRelatives.pdf,,FETCH
https://www.hhs.texas.gov/sites/default/files/documents/laws-regulations/handbooks/umcm/6-3.pdf,us-tx,chip,full screener,1,hhs.texas.gov/sites/default/files/documents/laws-regulations/handbooks/umcm/6-3.pdf,https://www.hhs.texas.gov/sites/default/files/documents/laws-regulations/handbooks/umcm/6-3.pdf,,official,200,https://www.hhs.texas.gov/sites/default/files/documents/laws-regulations/handbooks/umcm/6-3.pdf,,FETCH
https://www.dmas.virginia.gov/media/ifujac10/m03-7-1-24.pdf,us-va,chip medicaid,full screener,1,dmas.virginia.gov/media/ifujac10/m03-7-1-24.pdf,https://www.dmas.virginia.gov/media/ifujac10/m03-7-1-24.pdf,,official,200,https://www.dmas.virginia.gov/media/ifujac10/m03-7-1-24.pdf,,FETCH
https://app.leg.wa.gov/rcw/default.aspx?cite=74.09.470,us-wa,chip medicaid,full screener,1,app.leg.wa.gov/rcw/default.aspx,https://app.leg.wa.gov/rcw/default.aspx?cite=74.09.470,,official,200,https://app.leg.wa.gov/rcw/default.aspx?cite=74.09.470,,FETCH
https://app.leg.wa.gov/wac/default.aspx?cite=182-505-0100,us-wa,chip medicaid,full screener,1,app.leg.wa.gov/wac/default.aspx,https://app.leg.wa.gov/wac/default.aspx?cite=182-505-0100,,official,200,https://app.leg.wa.gov/wac/default.aspx?cite=182-505-0100,,FETCH
https://app.leg.wa.gov/wac/default.aspx?cite=182-505-0210,us-wa,chip medicaid,full screener,1,app.leg.wa.gov/wac/default.aspx,https://app.leg.wa.gov/wac/default.aspx?cite=182-505-0210,,official,200,https://app.leg.wa.gov/wac/default.aspx?cite=182-505-0210,,FETCH
https://app.leg.wa.gov/wac/default.aspx?cite=182-505-0225,us-wa,medicaid,full screener,1,app.leg.wa.gov/wac/default.aspx,https://app.leg.wa.gov/wac/default.aspx?cite=182-505-0225,,official,200,https://app.leg.wa.gov/wac/default.aspx?cite=182-505-0225,,FETCH
https://app.leg.wa.gov/wac/default.aspx?cite=182-512-0010,us-wa,medicaid,full screener,1,app.leg.wa.gov/wac/default.aspx,https://app.leg.wa.gov/wac/default.aspx?cite=182-512-0010,,official,200,https://app.leg.wa.gov/wac/default.aspx?cite=182-512-0010,,FETCH
https://app.leg.wa.gov/wac/default.aspx?cite=182-512-0100,us-wa,medicaid,full screener,1,app.leg.wa.gov/wac/default.aspx,https://app.leg.wa.gov/wac/default.aspx?cite=182-512-0100,,official,200,https://app.leg.wa.gov/wac/default.aspx?cite=182-512-0100,,FETCH
https://app.leg.wa.gov/wac/default.aspx?cite=182-525-0300,us-wa,medicaid,full screener,1,app.leg.wa.gov/wac/default.aspx,https://app.leg.wa.gov/wac/default.aspx?cite=182-525-0300,,official,200,https://app.leg.wa.gov/wac/default.aspx?dispo=true&cite=182,,FETCH
https://lawfilesext.leg.wa.gov/biennium/2023-24/Pdf/Bills/Session%20Laws/Senate/5187-S.SL.pdf,us-wa,medicaid,full screener,1,lawfilesext.leg.wa.gov/biennium/2023-24/Pdf/Bills/Session%20Laws/Senate/5187-S.SL.pdf,https://lawfilesext.leg.wa.gov/biennium/2023-24/Pdf/Bills/Session%20Laws/Senate/5187-S.SL.pdf,,official,200,https://lawfilesext.leg.wa.gov/biennium/2023-24/Pdf/Bills/Session%20Laws/Senate/5187-S.SL.pdf,,FETCH
https://www.hca.wa.gov/about-hca/programs-and-initiatives/apple-health-medicaid/apple-health-expansion,us-wa,medicaid,full screener,1,hca.wa.gov/about-hca/programs-and-initiatives/apple-health-medicaid/apple-health-expansion,https://www.hca.wa.gov/about-hca/programs-and-initiatives/apple-health-medicaid/apple-health-expansion,,official,200,https://www.hca.wa.gov/about-hca/programs-and-initiatives/apple-health-medicaid/apple-health-expansion,,FETCH
https://www.hca.wa.gov/free-or-low-cost-health-care/i-need-medical-dental-or-vision-care/children,us-wa,chip medicaid,full screener,1,hca.wa.gov/free-or-low-cost-health-care/i-need-medical-dental-or-vision-care/children,https://www.hca.wa.gov/free-or-low-cost-health-care/i-need-medical-dental-or-vision-care/children,,official,200,https://www.hca.wa.gov/free-or-low-cost-health-care/i-need-medical-dental-or-vision-care/children,,FETCH
https://docs.legis.wisconsin.gov/statutes/statutes/49/iv/471,us-wi,chip medicaid,full screener,1,docs.legis.wisconsin.gov/statutes/statutes/49/iv/471,https://docs.legis.wisconsin.gov/statutes/statutes/49/iv/471,,official,200,https://docs.legis.wisconsin.gov/statutes/statutes/49/iv/471,,FETCH
https://www.emhandbooks.wisconsin.gov/bcplus/policyfiles/6/48.1.htm,us-wi,chip,full screener,1,emhandbooks.wisconsin.gov/bcplus/policyfiles/6/48.1.htm,https://www.emhandbooks.wisconsin.gov/bcplus/policyfiles/6/48.1.htm,,official,200,https://www.emhandbooks.wisconsin.gov/bcplus/policyfiles/6/48.1.htm,,FETCH
https://health.wyo.gov/healthcarefin/medicaid/programs-and-eligibility/medicaid-income-requirements/,us-wy,chip medicaid,full screener,1,health.wyo.gov/healthcarefin/medicaid/programs-and-eligibility/medicaid-income-requirement,https://health.wyo.gov/healthcarefin/medicaid/programs-and-eligibility/medicaid-income-requirements/,,official,200,https://health.wyo.gov/healthcarefin/medicaid/programs-and-eligibility/medicaid-income-requirements/,,FETCH
